municipality_code,municipality,equal_modes__equal_roles___equal_dimensions__score,equal_modes__equal_roles___equal_dimensions__rank,equal_modes__equal_roles___institutional_emphasis__score,equal_modes__equal_roles___institutional_emphasis__rank,equal_modes__equal_roles___service_network_emphasis__score,equal_modes__equal_roles___service_network_emphasis__rank,equal_modes__equal_roles___transport_emphasis__score,equal_modes__equal_roles___transport_emphasis__rank,equal_modes__availability_emphasis___equal_dimensions__score,equal_modes__availability_emphasis___equal_dimensions__rank,equal_modes__availability_emphasis___institutional_emphasis__score,equal_modes__availability_emphasis___institutional_emphasis__rank,equal_modes__availability_emphasis___service_network_emphasis__score,equal_modes__availability_emphasis___service_network_emphasis__rank,equal_modes__availability_emphasis___transport_emphasis__score,equal_modes__availability_emphasis___transport_emphasis__rank,equal_modes__proximity_emphasis___equal_dimensions__score,equal_modes__proximity_emphasis___equal_dimensions__rank,equal_modes__proximity_emphasis___institutional_emphasis__score,equal_modes__proximity_emphasis___institutional_emphasis__rank,equal_modes__proximity_emphasis___service_network_emphasis__score,equal_modes__proximity_emphasis___service_network_emphasis__rank,equal_modes__proximity_emphasis___transport_emphasis__score,equal_modes__proximity_emphasis___transport_emphasis__rank,road_emphasis__equal_roles___equal_dimensions__score,road_emphasis__equal_roles___equal_dimensions__rank,road_emphasis__equal_roles___institutional_emphasis__score,road_emphasis__equal_roles___institutional_emphasis__rank,road_emphasis__equal_roles___service_network_emphasis__score,road_emphasis__equal_roles___service_network_emphasis__rank,road_emphasis__equal_roles___transport_emphasis__score,road_emphasis__equal_roles___transport_emphasis__rank,road_emphasis__availability_emphasis___equal_dimensions__score,road_emphasis__availability_emphasis___equal_dimensions__rank,road_emphasis__availability_emphasis___institutional_emphasis__score,road_emphasis__availability_emphasis___institutional_emphasis__rank,road_emphasis__availability_emphasis___service_network_emphasis__score,road_emphasis__availability_emphasis___service_network_emphasis__rank,road_emphasis__availability_emphasis___transport_emphasis__score,road_emphasis__availability_emphasis___transport_emphasis__rank,road_emphasis__proximity_emphasis___equal_dimensions__score,road_emphasis__proximity_emphasis___equal_dimensions__rank,road_emphasis__proximity_emphasis___institutional_emphasis__score,road_emphasis__proximity_emphasis___institutional_emphasis__rank,road_emphasis__proximity_emphasis___service_network_emphasis__score,road_emphasis__proximity_emphasis___service_network_emphasis__rank,road_emphasis__proximity_emphasis___transport_emphasis__score,road_emphasis__proximity_emphasis___transport_emphasis__rank,water_emphasis__equal_roles___equal_dimensions__score,water_emphasis__equal_roles___equal_dimensions__rank,water_emphasis__equal_roles___institutional_emphasis__score,water_emphasis__equal_roles___institutional_emphasis__rank,water_emphasis__equal_roles___service_network_emphasis__score,water_emphasis__equal_roles___service_network_emphasis__rank,water_emphasis__equal_roles___transport_emphasis__score,water_emphasis__equal_roles___transport_emphasis__rank,water_emphasis__availability_emphasis___equal_dimensions__score,water_emphasis__availability_emphasis___equal_dimensions__rank,water_emphasis__availability_emphasis___institutional_emphasis__score,water_emphasis__availability_emphasis___institutional_emphasis__rank,water_emphasis__availability_emphasis___service_network_emphasis__score,water_emphasis__availability_emphasis___service_network_emphasis__rank,water_emphasis__availability_emphasis___transport_emphasis__score,water_emphasis__availability_emphasis___transport_emphasis__rank,water_emphasis__proximity_emphasis___equal_dimensions__score,water_emphasis__proximity_emphasis___equal_dimensions__rank,water_emphasis__proximity_emphasis___institutional_emphasis__score,water_emphasis__proximity_emphasis___institutional_emphasis__rank,water_emphasis__proximity_emphasis___service_network_emphasis__score,water_emphasis__proximity_emphasis___service_network_emphasis__rank,water_emphasis__proximity_emphasis___transport_emphasis__score,water_emphasis__proximity_emphasis___transport_emphasis__rank,air_emphasis__equal_roles___equal_dimensions__score,air_emphasis__equal_roles___equal_dimensions__rank,air_emphasis__equal_roles___institutional_emphasis__score,air_emphasis__equal_roles___institutional_emphasis__rank,air_emphasis__equal_roles___service_network_emphasis__score,air_emphasis__equal_roles___service_network_emphasis__rank,air_emphasis__equal_roles___transport_emphasis__score,air_emphasis__equal_roles___transport_emphasis__rank,air_emphasis__availability_emphasis___equal_dimensions__score,air_emphasis__availability_emphasis___equal_dimensions__rank,air_emphasis__availability_emphasis___institutional_emphasis__score,air_emphasis__availability_emphasis___institutional_emphasis__rank,air_emphasis__availability_emphasis___service_network_emphasis__score,air_emphasis__availability_emphasis___service_network_emphasis__rank,air_emphasis__availability_emphasis___transport_emphasis__score,air_emphasis__availability_emphasis___transport_emphasis__rank,air_emphasis__proximity_emphasis___equal_dimensions__score,air_emphasis__proximity_emphasis___equal_dimensions__rank,air_emphasis__proximity_emphasis___institutional_emphasis__score,air_emphasis__proximity_emphasis___institutional_emphasis__rank,air_emphasis__proximity_emphasis___service_network_emphasis__score,air_emphasis__proximity_emphasis___service_network_emphasis__rank,air_emphasis__proximity_emphasis___transport_emphasis__score,air_emphasis__proximity_emphasis___transport_emphasis__rank,mean_priority_score,mean_priority_rank,best_priority_rank,worst_priority_rank,priority_rank_range,top_10_frequency,top_quartile_frequency,bottom_quartile_frequency,priority_stability_profile
1500107,Abaetetuba,0.16197436042941665,139,0.17877243698872916,135,0.12661781492539922,139,0.18053282937412157,142,0.16879470058309015,139,0.18388769210398428,135,0.13173307004065435,139,0.19076333960463182,142,0.15515402027574315,141,0.17365718187347404,135,0.1215025598101441,140,0.17030231914361132,143,0.16880549226054842,139,0.183895785862078,136,0.13174116379874806,139,0.19077952712081925,141,0.18062237907743525,139,0.19275845097474312,135,0.14060382891141318,139,0.20850485734614949,142,0.1569886054436616,141,0.17503312074941288,138,0.12287849868608294,141,0.173054196895489,142,0.17103936949442566,139,0.18557119378748593,135,0.133416571724156,139,0.19413034297163512,142,0.17583087428593047,139,0.18916482238111454,133,0.1370102003177846,139,0.20131760015889233,142,0.1662478647029209,140,0.18197756519385735,135,0.12982294313052742,140,0.18694308578437796,141,0.1460782195332757,140,0.16685033131662347,135,0.11469570925329353,140,0.1566886180299102,143,0.1499308483859046,140,0.16973980295609511,135,0.11758518089276518,140,0.16246756130885348,141,0.14222559068064689,140,0.16396085967715185,136,0.11180623761382191,140,0.15090967475096695,143,0.16197436042941663,139.125,133,143,10,0.0,0.0,1.0,robust_lower_relative_priority
1500131,Abel Figueiredo,0.5493701584610675,55,0.439110952179134,92,0.6261288585152222,25,0.5828706646888465,44,0.5697880122122546,51,0.45442434249252434,91,0.6414422488286124,22,0.6134974453156272,36,0.5289523047098804,61,0.4237975618657437,94,0.6108154682018319,27,0.5522438840620659,50,0.5285530126439217,59,0.42349809281627465,95,0.6105159991523628,27,0.5516449459631279,54,0.5485284076193166,55,0.4384796390478209,90,0.6254975453839091,25,0.5816080384262203,43,0.5085776176685267,65,0.4085165465847284,97,0.5955344529208166,32,0.5216818535000354,59,0.5534170375079466,59,0.4421461114642933,92,0.6291640178003814,27,0.5889409832591651,44,0.5761766852675944,52,0.45921584728402914,89,0.6462337536201173,22,0.6230804548986368,36,0.5306573897482988,63,0.42507637564455747,93,0.6120942819806456,29,0.5548015116196935,56,0.5661404252313342,53,0.4516886522568341,91,0.6387065585929222,23,0.6080260648442467,38,0.5846589437498528,49,0.465577541145723,86,0.6525954474818112,20,0.6358038426220245,32,0.5476219067128159,55,0.43779976336794524,94,0.6248176697040334,25,0.5802482870664689,45,0.5493701584610676,54.625,20,97,77,0.0,0.3125,0.0,scenario_sensitive_higher_priority
1500206,Acará,0.4627622377622378,83,0.494988344988345,78,0.4095716783216784,95,0.48372668997669,77,0.47083441250107916,81,0.5010424760424761,76,0.4156258093758094,94,0.4958349520849521,77,0.4546900630233964,84,0.488934213934214,79,0.4035175472675473,95,0.4716184278684279,81,0.4614996114996115,81,0.4940413752913753,74,0.4086247086247087,94,0.48183275058275066,79,0.46735949235949237,80,0.49843628593628597,74,0.41301961926961933,93,0.49062257187257197,75,0.4556397306397306,84,0.48964646464646466,78,0.404229797979798,93,0.47304292929292935,79,0.4475135975135975,88,0.4835518648018648,84,0.39813519813519815,98,0.4608537296037296,90,0.4527259777259777,88,0.48746114996115,83,0.40204448329448333,97,0.4686722999223,89,0.4423012173012173,88,0.47964257964257967,84,0.39422591297591303,97,0.45303515928515936,93,0.4792735042735043,78,0.5073717948717948,72,0.42195512820512826,89,0.5084935897435898,65,0.49241776741776744,73,0.5172299922299923,70,0.43181332556332563,85,0.5282099844599846,60,0.46612924112924115,80,0.4975135975135975,73,0.4120969308469309,91,0.4887771950271951,78,0.46276223776223785,82.85416666666667,60,98,38,0.0,0.0,0.0,intermediate_or_scenario_sensitive
1500305,Afuá,0.3912769890042618,104,0.3205410750865296,114,0.36990402274493184,105,0.48338586918132376,78,0.3923777401050128,104,0.321366638412093,115,0.3707295860704952,105,0.4850369958324504,81,0.39017623790351064,102,0.31971551176096635,111,0.36907845941936857,103,0.4817347425301971,76,0.4099897577170304,96,0.33457565162110614,106,0.38393859927950835,102,0.5114550222504768,63,0.410572508299781,97,0.3350127145581691,108,0.3843756622165713,103,0.5123291481246027,63,0.4094070071342798,95,0.3341385886840432,105,0.38350153634244544,101,0.510580896376351,65,0.36069877092604363,114,0.2976074115278661,118,0.3469703591862683,113,0.4375185420639966,99,0.35987320760048036,114,0.2969882390336936,118,0.3463511866920958,115,0.43628019707565163,101,0.361524334251607,110,0.2982265840220386,118,0.3475895316804408,112,0.4387568870523416,95,0.4031424383697111,101,0.32944016211061666,114,0.3788031097690189,103,0.5011840432294978,70,0.4066875044147772,102,0.3320989616444162,115,0.3814619093028184,103,0.5065016422970969,73,0.399597372324645,101,0.3267813625768171,113,0.3761443102352193,101,0.4958664441618987,73,0.3912769890042617,99.95833333333333,63,118,55,0.0,0.0,0.3125,intermediate_or_scenario_sensitive
1500347,Água Azul do Norte,0.5441518918791646,57,0.4976972522427068,76,0.547060199901109,45,0.5876982234936781,42,0.5542097352703413,56,0.5052406347860894,75,0.5546035824444916,43,0.6027849885804432,41,0.5340940484879879,58,0.4901538696993243,78,0.5395168173577265,48,0.572611458406913,43,0.5242088719361446,61,0.4827399872854418,82,0.532102934943844,50,0.557783693579148,50,0.5302953780226507,58,0.48730486685032137,83,0.5366678145087236,50,0.5669134527089073,48,0.5181223658496386,63,0.47817510772056226,81,0.5275380553789645,51,0.548653934449389,54,0.5551917779190506,58,0.5059771667726214,79,0.5553401144310235,47,0.6042580525535071,40,0.5668791646064373,56,0.5147427067881614,78,0.5641056544465636,44,0.6217891325845871,37,0.5435043912316639,58,0.4972116267570813,77,0.5465745744154835,48,0.5867269725224271,41,0.5530550257822985,55,0.5043746026700573,75,0.5537375503284594,40,0.6010529243483789,41,0.5654546631819359,52,0.5136743307197853,72,0.5630372783781875,39,0.619652380447835,36,0.540655388382661,56,0.4950748746203292,75,0.5444378222787314,44,0.5824534682489229,44,0.5441518918791646,55.9375,36,83,47,0.0,0.020833333333333332,0.0,intermediate_or_scenario_sensitive
1500404,Alenquer,0.6493254220526947,27,0.7369940665395212,25,0.5634403475312566,41,0.6475418520873067,22,0.6211375605314999,37,0.7158531703986251,28,0.5422994513903605,46,0.6052600598055144,40,0.6775132835738895,18,0.7581349626804172,16,0.5845812436721527,37,0.6898236443690989,13,0.670692943420216,17,0.7530197075651621,15,0.5794659885568976,39,0.6795931341385887,11,0.6477066704339431,25,0.7357800028254574,24,0.562226283817193,41,0.6451137246591793,24,0.6936792164064891,16,0.7702594123048669,14,0.5967056932966024,30,0.7140725436179982,9,0.6473829201101928,29,0.7355371900826446,26,0.5619834710743802,44,0.6446280991735538,26,0.6183101410374137,39,0.7137326057780604,31,0.5401788867697959,50,0.6010189305643852,42,0.6764556991829719,22,0.7573417743872289,21,0.5837880553789645,37,0.6882372677827224,12,0.6299004026276753,30,0.7224253019707565,25,0.548871582962492,41,0.6184043229497775,34,0.5973958701231428,44,0.6980469025923572,30,0.5244931835840927,53,0.5696475241929788,50,0.6624049351322079,20,0.746803701349156,19,0.5732499823408914,39,0.6671611217065763,19,0.6493254220526947,29.125,9,53,44,0.020833333333333332,0.6458333333333334,0.0,scenario_sensitive_higher_priority
1500503,Almeirim,0.46944326717053986,80,0.49999911704457156,73,0.4285287313696404,85,0.47980195309740764,80,0.4447950758556819,91,0.4815129735584281,85,0.41004258788349696,96,0.4428296661251207,99,0.4940914584853979,72,0.5184852605307151,69,0.44701487485578395,78,0.5167742400696946,66,0.5046673023945751,66,0.5264171434625979,65,0.45494675778766686,72,0.5326380059334606,58,0.4843357820630548,74,0.5111685032139577,68,0.4396981175390266,78,0.50214072543618,68,0.5249988227260954,59,0.5416657837112382,64,0.4701953980363071,68,0.5631352864307411,47,0.4625150102422829,86,0.49480292434837886,82,0.4233325386734477,92,0.46940956770502223,87,0.4321472298745026,95,0.4720270890725436,86,0.40055670339761246,98,0.4238578971533517,106,0.4928827906100633,73,0.5175787596242141,69,0.446108373949283,80,0.5149612382566928,67,0.4411474888747616,89,0.47877728332273783,81,0.4073068976478067,93,0.4373582856537402,99,0.41790221562948837,94,0.4613433283887829,87,0.38987294271385176,98,0.40249037578583036,108,0.46439276212003483,82,0.4962112382566928,74,0.42474085258176164,84,0.47222619552165007,81,0.4694432671705398,80.25,47,108,61,0.0,0.0,0.0,intermediate_or_scenario_sensitive
1500602,Altamira,0.315430631582317,123,0.2938646403534044,120,0.23860097845350658,129,0.41382627594004,109,0.2937177765361286,126,0.2775799990687632,122,0.22231633716886529,129,0.38125699337075747,116,0.33714348662850535,118,0.3101492816380457,116,0.25488561973814783,128,0.44639555850932255,92,0.32773314388482927,123,0.30309152458028865,121,0.2478278626803908,128,0.43228004439380846,98,0.3119341280858135,125,0.2912422627310268,122,0.23597860083112898,129,0.4085815206952848,110,0.3435321596838451,116,0.31494078642955053,114,0.25967712452965264,127,0.45597856809233217,88,0.32316826431994977,123,0.299667864906629,117,0.24440420300673116,129,0.42543272504648916,106,0.3031281192798047,124,0.2846377561265202,121,0.22937409422662236,131,0.39537250748627156,117,0.3432084093600947,117,0.31469797368673774,114,0.2594343117868399,129,0.45549294260670664,91,0.2953904865421719,124,0.27883453157329563,122,0.2235708696733978,129,0.3837660583798224,113,0.2660910822427676,127,0.2568599783487424,124,0.20159631644884457,129,0.339816951930716,119,0.32468989084157623,122,0.30080908479784885,118,0.245545422897951,128,0.42771516482892885,99,0.31543063158231704,118.79166666666667,88,131,43,0.0,0.0,0.875,robust_lower_relative_priority
1500701,Anajás,0.5598991076263804,52,0.5678409973864519,56,0.49637061171152075,62,0.6154857137811683,37,0.5584961895567956,55,0.5667888088342634,57,0.4953184231593322,64,0.6133813366767913,37,0.5613020256959651,51,0.5688931859386405,56,0.49742280026370933,61,0.6175900908855454,29,0.5752772480045207,49,0.5793746026700572,55,0.507904216995126,59,0.638552924348379,23,0.574467872195145,50,0.5787675708130253,55,0.5072971851380942,61,0.6373388606343152,26,0.5760866238138965,47,0.5799816345270891,53,0.5085112488521579,60,0.6397669880624426,23,0.5266661368934096,63,0.5429162693367239,62,0.47144588366179274,68,0.5656362576817122,52,0.5242218219490946,65,0.5410830331284877,65,0.4696126474535565,73,0.5619697852652399,55,0.5291104518377245,64,0.54474950554496,62,0.4732791198700289,68,0.5693027300981847,49,0.5777539379812107,48,0.5812321201525747,55,0.5097617344776435,59,0.642267959313414,26,0.5767988745261472,50,0.5805158225612771,55,0.509045436886346,61,0.6408353641308187,30,0.5787090014362741,49,0.5819484177438723,56,0.5104780320689412,60,0.643700554496009,22,0.5598991076263804,51.979166666666664,22,73,51,0.0,0.14583333333333334,0.0,intermediate_or_scenario_sensitive
1500800,Ananindeua,0.2087789447340009,135,0.18366754188383402,134,0.16001670769929197,138,0.28265258461887677,134,0.22880829809668765,132,0.19868955690584908,133,0.17503872272130702,135,0.3126966146629069,128,0.18874959137131422,137,0.16864552686181902,138,0.14499469267727697,138,0.25260855457484677,136,0.2203692063242625,135,0.19236023807653022,133,0.16870940389198816,138,0.30003797700426915,132,0.23752797348302968,133,0.2052293134456056,132,0.18157847926106355,135,0.32577612774241993,126,0.20321043916549533,138,0.17949116270745485,135,0.1558403285229128,138,0.27429982626611843,134,0.19288280383786002,137,0.17174543621172836,136,0.1480946020271863,138,0.25880837327466544,137,0.2084551944102506,135,0.1834247291410213,135,0.15977389495647923,137,0.2821669591332513,133,0.17731041326546945,138,0.16006614328243543,137,0.13641530909789337,138,0.23544978741607955,139,0.2130848240398802,131,0.1868969513632435,134,0.16324611717870144,135,0.2891114035776957,129,0.2404417263967826,130,0.2074146281309203,131,0.18376379394637823,133,0.3301467571130493,123,0.1857279216829779,136,0.16637927459556676,134,0.1427284404110247,138,0.2480760500423422,134,0.20877894473400094,134.47916666666666,123,139,16,0.0,0.0,1.0,robust_lower_relative_priority
1500859,Anapu,0.7087012314285042,14,0.7815259235713781,12,0.6704722045631137,14,0.6741055661510207,14,0.6877222104494831,17,0.7657916578371124,16,0.6547379388288479,20,0.6426370346824892,30,0.7296802524075251,9,0.7972601893056439,7,0.6862064702973795,11,0.7055740976195521,10,0.7302306279579007,8,0.7976729709684256,7,0.686619251960161,11,0.7063996609451155,9,0.7140107367380094,13,0.7855080525535071,11,0.6744543335452426,14,0.6820698241152787,13,0.7464505191777919,7,0.809837889383344,6,0.6987841703750794,9,0.7307294977749523,7,0.698567846295119,14,0.7739258847213393,13,0.6628721657130748,17,0.658905488450943,19,0.679628452355725,22,0.7597213392667939,20,0.6486676202585294,21,0.630496397541852,34,0.717507240234513,11,0.7881304301758847,9,0.6770767111676204,14,0.6873145793600339,14,0.6973052200324927,14,0.7729789150243696,13,0.6619251960161051,17,0.6570115490570037,20,0.6695274422547149,21,0.7521455816910363,19,0.6410918626827719,24,0.6153448823903369,37,0.7250829978102705,11,0.7938122483577029,9,0.6827585293494385,13,0.6986782157236703,13,0.708701231428504,14.75,6,37,31,0.25,0.9791666666666666,0.0,robust_higher_capacity_strengthening_priority
1500909,Augusto Corrêa,0.5904611381884108,47,0.5907625203079748,54,0.5817921346330437,39,0.5988287596242141,41,0.5927058070997464,45,0.5924460219914764,53,0.5834756363165454,39,0.6021957629912176,42,0.5882164692770753,43,0.5890790186244732,53,0.580108632949542,39,0.5954617562572109,36,0.5711008688281416,50,0.5762423182877728,57,0.5672719326128417,41,0.5697883555838101,46,0.5692878670151398,51,0.5748825669280215,57,0.5659121812530903,40,0.5670688528643075,47,0.5729138706411434,49,0.5776020696475241,56,0.568631683972593,43,0.5725078583033129,44,0.5808133785406513,48,0.5835267005721552,55,0.5745563148972239,40,0.5843571201525748,47,0.5868998846271574,47,0.5880915801370347,55,0.5791211944621035,40,0.5934868792823338,47,0.5747268724541452,49,0.5789618210072756,57,0.5699914353323444,42,0.5752273610228156,47,0.6194691671964399,34,0.6125185420639966,47,0.6035481563890654,33,0.6423408031362576,25,0.6219296696569423,36,0.6143639189093735,49,0.6053935332344422,34,0.6460315568270114,29,0.6170086647359374,33,0.6106731652186197,47,0.6017027795436887,31,0.6386500494455041,23,0.590461138188411,43.895833333333336,23,57,34,0.0,0.20833333333333334,0.0,intermediate_or_scenario_sensitive
1500958,Aurora do Pará,0.49939100877558484,70,0.6245432565816886,43,0.4279909420678062,86,0.44563882767725976,96,0.49636933908724856,72,0.6222770043154364,46,0.425724689801554,88,0.4411063231447553,100,0.5024126784639212,69,0.626809508847941,42,0.4302571943340585,83,0.45017133220976435,90,0.4972542566388327,71,0.6229406924791245,44,0.4263883779652421,86,0.4424336994721315,93,0.4907145000990762,72,0.6180358750743071,45,0.4214835605604247,90,0.43262406466249675,100,0.5037940131785892,67,0.6278455098839419,42,0.4312931953700595,80,0.45224333428176633,90,0.5202729046574808,65,0.6402046784931106,41,0.44365236397922814,81,0.4769616715001036,85,0.5216650310496072,67,0.6412487732872054,42,0.4446964587733229,85,0.47904986108829317,86,0.5188807782653544,65,0.6391605836990157,40,0.44260826918513335,81,0.47487348191191403,81,0.4806458650304411,76,0.6104843987728308,48,0.4139320842589484,90,0.4175211120595441,104,0.4767284861130622,79,0.6075463645847967,50,0.4109940500709142,90,0.41164504368347576,106,0.48456324394782,74,0.6134224329608651,45,0.41687011844698263,88,0.42339718043561253,100,0.49939100877558484,73.625,40,106,66,0.0,0.0,0.0,intermediate_or_scenario_sensitive
1501006,Aveiro,0.7241823832732923,8,0.7931367874549693,7,0.6634880271243908,17,0.7159223352405171,8,0.7281105538681296,8,0.7960829154010973,7,0.6664341550705187,18,0.721814591132773,8,0.720254212678455,10,0.7901906595088414,8,0.6605418991782628,17,0.7100300793482612,9,0.7353517694426785,6,0.8015138270820089,5,0.6718650667514304,15,0.7326764144945963,5,0.7388806479715571,5,0.8041604859786678,5,0.6745117256480893,13,0.7379697322879142,4,0.7318228909137999,8,0.7988671681853501,7,0.6692184078547715,15,0.7273830967012785,8,0.6963074803983894,16,0.7722306102987921,15,0.6425818499682137,22,0.6741099809281628,15,0.6986061076970167,14,0.7739545807727626,14,0.6443058204421841,24,0.6775579218761038,19,0.6940088530997621,15,0.7705066398248217,13,0.6408578794942432,22,0.6706620399802219,15,0.740887899978809,9,0.8056659249841068,8,0.6760171646535282,15,0.7409806102987921,5,0.746844905935815,9,0.8101336794518613,8,0.6804849191212827,16,0.7499161192343011,5,0.7349308940218031,9,0.8011981705163523,8,0.6715494101857739,16,0.7320451013632832,6,0.7241823832732924,11.229166666666666,4,24,20,0.5625,1.0,0.0,robust_higher_capacity_strengthening_priority
1501105,Bagre,0.40183124955852223,100,0.32845677050222505,111,0.37781971816062726,103,0.49921726001271455,70,0.4087810898416959,100,0.3336691507146053,111,0.3830320983730075,102,0.5096420204374751,70,0.39488140927534865,99,0.32324439028984486,110,0.3726073379482471,102,0.4887924995879542,73,0.407561630288903,97,0.3327545560500106,107,0.3821175037084128,103,0.5078128311082857,66,0.4137452614725342,96,0.337392279437734,106,0.3867552270961362,102,0.5170882778837325,62,0.40137799910527183,99,0.3281168326622872,108,0.3774797803206894,104,0.4985373843328389,69,0.3886222363495091,106,0.31855001059546517,114,0.3679129582538674,107,0.47940374019919474,84,0.3947734925007652,107,0.3231634527089073,113,0.3725264003673095,104,0.488630624426079,85,0.3824709801982529,106,0.313936568482023,115,0.3632995161404252,107,0.4701768559723105,84,0.4093098820371548,98,0.33406574486119944,112,0.38342869251960165,98,0.5104352087306634,63,0.41782451555178823,95,0.34045171999717455,112,0.38981466765557676,99,0.5232071590026136,64,0.40079524852252124,99,0.3276797697252243,111,0.3770427173836265,100,0.497663258458713,72,0.4018312495585223,96.35416666666667,62,115,53,0.0,0.0,0.1875,intermediate_or_scenario_sensitive
1501204,Baião,0.336589920974497,120,0.27952577406420615,123,0.30589012621699035,122,0.4243538626422947,105,0.34185625957416904,119,0.28347552801396014,121,0.30983988016674435,122,0.4322533705418027,103,0.3313235823748252,121,0.2755760201144522,125,0.30194037226723647,123,0.41645435474278686,104,0.33085954024411635,121,0.2752279885164206,126,0.3015923406692048,123,0.4157582915467236,105,0.33257541695999304,122,0.27651489605332813,126,0.30287924820611234,123,0.4183321066205387,108,0.32914366352823965,118,0.2739410809795131,126,0.3003054331322973,123,0.41318447647290857,103,0.32765441203898815,122,0.27282414236257446,125,0.29918849451535867,122,0.4109505992390313,113,0.3339999183844945,120,0.27758327212170425,123,0.30394762427448846,122,0.4204688587572909,111,0.3213089056934818,124,0.26806501260344473,125,0.29442936475622894,122,0.40143233972077186,113,0.35125581064038675,117,0.2905251913136234,118,0.31688954346640763,121,0.44635269714112924,94,0.35899344337801953,115,0.296328415866848,118,0.3226927680196322,119,0.4579591462475784,92,0.343518177902754,117,0.28472196676039885,121,0.31108631891318306,123,0.43474624803468015,95,0.3365899209744972,117.16666666666667,92,126,34,0.0,0.0,0.8125,robust_lower_relative_priority
1501253,Bannach,0.819363035953945,2,0.8645222769654588,2,0.858415183301547,1,0.7351516475948294,4,0.8162550328459419,3,0.8621912746344564,3,0.8560841809705446,2,0.7304896429328248,5,0.8224710390619481,2,0.8668532792964612,2,0.8607461856325493,1,0.7398136522568342,3,0.8202371618280708,2,0.8651778713710532,2,0.8590707777071414,1,0.7364628364060183,4,0.8143125309034399,2,0.86073439817758,2,0.8546273045136682,2,0.7275758900190719,5,0.8261617927527019,2,0.8696213445645264,2,0.8635142509006146,1,0.7453497827929647,5,0.8519970685879776,2,0.8889978014409833,2,0.8828907077770715,1,0.7841026965458784,2,0.8531625697534788,2,0.8898719273151092,2,0.8837648336511974,1,0.7858509482941302,3,0.8508315674224765,2,0.8881236755668575,2,0.8820165819029456,1,0.7823544447976267,2,0.7858548774457865,4,0.83939115808434,4,0.8332840644204281,3,0.6848894098325917,12,0.7812899978809069,5,0.8359674984106803,4,0.8298604047467685,3,0.6780420904852724,20,0.7904197570106661,4,0.8428148177579996,4,0.8367077240940878,2,0.691736729179911,14,0.8193630359539449,3.3541666666666665,1,20,19,0.9375,1.0,0.0,robust_higher_capacity_strengthening_priority
1501303,Barcarena,0.13855102450608067,142,0.10391326837956051,142,0.10905031298289725,142,0.2026894921557843,141,0.15698320960493248,140,0.11773740720369937,140,0.1228744518070361,140,0.230337769804062,138,0.12011883940722895,143,0.09008912955542171,143,0.09522617415875845,143,0.1750412145075067,141,0.12573051168556787,143,0.0942978837641759,143,0.09943492836751264,143,0.18345872292501508,142,0.14256552852058474,142,0.10692414639043855,142,0.11206119099377529,143,0.2087112481775404,141,0.10889549485055104,143,0.08167162113791328,143,0.08680866574125001,143,0.15820619767248983,143,0.131849392804449,143,0.09888704460333674,143,0.10402408920667347,144,0.19263704460333675,143,0.14619153214658837,141,0.10964364910994127,141,0.11478069371327801,141,0.21415025361654583,140,0.11750725346230964,144,0.08813044009673222,144,0.09326748470006896,144,0.17112383559012773,144,0.15807316902822519,139,0.1185548767711689,140,0.12369192137450563,139,0.23197270893900107,136,0.18219256814762433,134,0.13664442611071825,137,0.14178147071405497,138,0.26815180761809976,131,0.1339537699088261,142,0.10046532743161958,142,0.10560237203495632,141,0.19579361025990244,140,0.13855102450608067,141.1875,131,144,13,0.0,0.0,1.0,robust_lower_relative_priority
1501402,Belém,0.1880989380989381,138,0.14107420357420358,139,0.20357420357420358,133,0.21964840714840717,138,0.1901277734611068,137,0.1425958300958301,138,0.2050958300958301,132,0.2226916601916602,139,0.1860701027367694,138,0.13955257705257706,139,0.20205257705257706,134,0.21660515410515413,140,0.21260683760683757,137,0.1594551282051282,139,0.2219551282051282,132,0.2564102564102564,136,0.21568246568246568,136,0.16176184926184928,139,0.22426184926184928,130,0.26102369852369856,136,0.20953120953120952,136,0.15714840714840717,139,0.21964840714840717,132,0.25179681429681433,139,0.18716006216006215,138,0.14037004662004662,139,0.20287004662004662,133,0.21824009324009325,139,0.18952343952343953,137,0.14214257964257965,138,0.20464257964257965,133,0.2217851592851593,139,0.1847966847966848,137,0.1385975135975136,139,0.2010975135975136,134,0.2146950271950272,140,0.16452991452991453,138,0.1233974358974359,139,0.1858974358974359,132,0.1842948717948718,140,0.16517741517741516,139,0.12388306138306138,140,0.18638306138306138,132,0.18526612276612275,139,0.1638824138824139,138,0.12291181041181043,139,0.18541181041181043,134,0.18332362082362086,141,0.18809893809893816,136.9375,130,141,11,0.0,0.0,1.0,robust_lower_relative_priority
1501451,Belterra,0.6663546890819618,20,0.7497660168114714,19,0.6387122978032069,22,0.6105857526312073,38,0.6586278480217874,25,0.7439708860163405,23,0.6329171670080762,25,0.5989954910409456,44,0.6740815301421362,19,0.7555611476066022,18,0.6445074285983378,20,0.6221760142214688,26,0.6556385533658261,22,0.7417289150243696,21,0.6306751960161052,24,0.5945115490570037,37,0.6537284264556992,22,0.7402963198417745,21,0.6292426008335099,24,0.5916463586918133,42,0.6575486802759529,22,0.7431615102069647,20,0.6321077911987003,18,0.597376739422194,31,0.6767146994419722,22,0.7575360245814792,21,0.6464823055732147,21,0.6261257681712227,33,0.6736714463987191,25,0.7552535847990394,23,0.6441998657907749,25,0.6215608886063432,38,0.6797579524852252,18,0.759818464363919,17,0.6487647453556544,19,0.6306906477361023,26,0.6667108144380871,21,0.7500331108285654,20,0.638979391820301,22,0.6111199406653952,35,0.6484836712109439,27,0.736362753408208,23,0.6253090343999436,29,0.5837792258246803,47,0.6849379576652304,17,0.7637034682489228,15,0.6526497492406584,19,0.6384606555061101,24,0.6663546890819619,24.791666666666668,15,47,32,0.0,0.875,0.0,robust_higher_capacity_strengthening_priority
1501501,Benevides,0.3955128205128205,101,0.4987179487179487,75,0.35913461538461544,107,0.3286858974358975,128,0.396721488388155,102,0.49962444962444963,77,0.3600411162911163,110,0.33049889924889925,127,0.394304152637486,100,0.49781144781144787,72,0.35822811447811453,108,0.32687289562289573,128,0.3886169386169386,103,0.4935460372960373,76,0.35396270396270396,109,0.3183420745920746,129,0.3905918155918156,104,0.49502719502719505,77,0.3554438616938617,110,0.3213043900543901,131,0.38664206164206166,105,0.4920648795648796,74,0.35248154623154626,110,0.3153797591297592,130,0.4116355866355866,100,0.5108100233100233,76,0.37122668997668995,104,0.3528700466200466,123,0.41286583786583786,100,0.5117327117327117,79,0.37214937839937845,105,0.3547154234654235,124,0.41040533540533536,97,0.509887334887335,71,0.37030400155400156,104,0.3510246697746698,123,0.38628593628593627,106,0.4917977855477855,79,0.35221445221445224,112,0.3148455710955711,128,0.3867068117068117,109,0.4921134421134421,79,0.3525301087801088,114,0.31547688422688425,126,0.38586506086506084,103,0.49148212898212895,77,0.35189879564879567,111,0.31421425796425795,129,0.3955128205128205,103.58333333333333,71,131,60,0.0,0.0,0.4166666666666667,intermediate_or_scenario_sensitive
1501576,Bom Jesus do Tocantins,0.6116991594264322,38,0.6066910362364908,49,0.5977206505615597,35,0.630685791481246,27,0.6347501824774552,30,0.623979303524758,45,0.6150089178498269,34,0.6652623260577806,17,0.588648136375409,42,0.5894027689482235,52,0.5804323832732923,38,0.5961092569047115,34,0.6094652821925549,37,0.6050156283110828,46,0.5960452426361518,34,0.6273349756304303,26,0.6274334251606979,34,0.6184917355371901,44,0.6095213498622589,30,0.6542871900826446,21,0.5914971392244119,41,0.5915395210849757,49,0.5825691354100445,37,0.6003827611782158,30,0.6106307833580561,38,0.6058897541852087,47,0.5969193685102776,35,0.6290832273786819,31,0.6369516846789574,34,0.6256304301758847,47,0.6166600445009536,33,0.6685645793600339,21,0.5843098820371548,44,0.5861490781945328,52,0.5771786925196016,39,0.58960187539733,40,0.6150014127286855,37,0.6091677262131807,50,0.6001973405382496,35,0.635639171434626,28,0.6398654375927103,29,0.6278157448611994,45,0.6188453591862683,31,0.6729352087306633,21,0.5901373878646605,44,0.590519707565162,54,0.581549321890231,37,0.5983431341385888,35,0.6116991594264322,37.020833333333336,17,54,37,0.0,0.4791666666666667,0.0,scenario_sensitive_higher_priority
1501600,Bonito,0.5605533313015437,51,0.6704149984761578,36,0.48651764263996133,65,0.5247273527885121,62,0.5803236844052302,50,0.6852427633039226,34,0.5013454074677262,61,0.5543828824440418,55,0.5407829781978574,55,0.655587233648393,37,0.4716898778121965,69,0.49507182313298254,71,0.5377289334771459,56,0.6532967001078595,37,0.46939934427166297,68,0.4904907560519154,75,0.551876822625035,54,0.6639076169687763,36,0.48001026113257983,66,0.5117125897737491,64,0.5235810443292568,60,0.6426857832469426,38,0.4587884274107461,70,0.4692689223300817,82,0.562787208535421,54,0.6720904064015658,36,0.48819305056536927,66,0.528078168639328,65,0.583798604546817,49,0.6878489534101128,33,0.5039515975739163,63,0.559595262656422,57,0.541775812524025,59,0.6563318593930187,38,0.47243450355682226,69,0.496561074622234,71,0.5811438518920643,47,0.6858578889190483,33,0.5019605330828518,63,0.5556131336742931,52,0.6052956260438385,40,0.703971719532879,28,0.5200743636966825,56,0.5918407949019543,42,0.5569920777402901,52,0.6677440583052177,36,0.4838467024690212,67,0.5193854724466318,61,0.560553331301544,53.9375,28,82,54,0.0,0.16666666666666666,0.0,intermediate_or_scenario_sensitive
1501709,Bragança,0.27542818708549044,129,0.20657114031411788,132,0.2833831508691059,126,0.3363302700732477,127,0.2921768705008405,127,0.21913265287563044,130,0.29594466343061854,124,0.3614532951962728,122,0.25867950367014036,130,0.19400962775260533,133,0.2708216383075934,127,0.31120724495022256,131,0.2502404118977153,130,0.18768030892328647,134,0.26449231947827456,127,0.29854860729158483,133,0.26629842795573133,130,0.19972382096679853,134,0.2765358315217866,126,0.32263563137860896,129,0.23418239583969921,134,0.1756367968797744,137,0.2524488074347625,128,0.27446158320456077,133,0.2730648097221131,130,0.20479860729158483,132,0.28161061784657293,126,0.33278520402818157,128,0.29051495217225554,127,0.21788621412919168,132,0.2946982246841797,123,0.35896041770339526,122,0.2556146672719707,131,0.191711000453978,133,0.2685230110089661,127,0.30660999035296793,133,0.30297933963664303,123,0.22723450472748224,129,0.30404651528247034,124,0.37765699889997645,115,0.31971723137453467,121,0.23978792353090106,128,0.31659993408588916,122,0.402763836506814,107,0.2862414478987513,128,0.21468108592406349,131,0.29149309647905153,124,0.3525501612931389,122,0.27542818708549044,127.72916666666667,107,137,30,0.0,0.0,0.9791666666666666,robust_lower_relative_priority
1501725,Brasil Novo,0.6307303807303807,32,0.7230477855477855,28,0.5355477855477855,50,0.6335955710955711,26,0.6583139083139082,26,0.7437354312354312,24,0.5562354312354312,42,0.6749708624708625,14,0.6031468531468531,39,0.7023601398601399,31,0.5148601398601399,54,0.5922202797202798,37,0.62004662004662,34,0.715034965034965,30,0.527534965034965,51,0.6175699300699301,29,0.645104895104895,29,0.7338286713286714,26,0.5463286713286714,45,0.6551573426573427,20,0.594988344988345,40,0.6962412587412588,33,0.5087412587412588,59,0.5799825174825175,37,0.6386946386946386,30,0.729020979020979,27,0.541520979020979,49,0.645541958041958,25,0.6666666666666666,26,0.75,24,0.5625,45,0.6875,12,0.6107226107226107,34,0.7080419580419581,30,0.5205419580419581,52,0.6035839160839161,34,0.6334498834498834,28,0.7250874125874126,24,0.5375874125874126,46,0.6376748251748252,27,0.6631701631701632,22,0.7473776223776224,20,0.5598776223776224,41,0.6822552447552448,17,0.6037296037296037,38,0.7027972027972028,28,0.5152972027972028,58,0.5930944055944056,39,0.6307303807303809,33.583333333333336,12,59,47,0.0,0.625,0.0,scenario_sensitive_higher_priority
1501758,Brejo Grande do Araguaia,0.60176591085682,41,0.5992410998092816,51,0.6029256728120365,33,0.6031309599491419,39,0.6254644345553436,36,0.6170149925831744,50,0.6206995655859292,30,0.6386787454969274,33,0.5780673871582962,48,0.5814672070353888,55,0.5851517800381436,35,0.5675831744013562,46,0.5800098891007981,47,0.5829240834922653,54,0.5866086564950201,38,0.5704969273151091,45,0.6009889100798191,41,0.598658349226531,50,0.6023429222292859,36,0.6019654587836406,38,0.5590308681217772,53,0.5671898177579996,60,0.5708743907607544,41,0.5390283958465777,56,0.6097301688210779,39,0.6052142932824751,48,0.6088988662852299,32,0.6150773468955286,37,0.6357596948506039,35,0.6247364378046196,48,0.6284210108073744,30,0.6541216359398178,27,0.5837006427915519,45,0.5856921487603306,53,0.5893767217630854,34,0.5760330578512397,45,0.6155576746485837,36,0.6095849226531045,49,0.6132694956558593,30,0.6238186056367874,32,0.6396446987356078,30,0.6276501907183725,46,0.6313347637211273,28,0.6599491417673236,27,0.5914706505615597,42,0.5915196545878364,53,0.5952042275905912,33,0.5876880695062514,42,0.6017659108568202,41.1875,27,60,33,0.0,0.375,0.0,scenario_sensitive_higher_priority
1501782,Breu Branco,0.4491647241647242,88,0.4847902097902098,83,0.3993735431235432,96,0.46333041958041965,90,0.4668630751964086,82,0.4980639730639731,78,0.41264730639730646,95,0.4898779461279462,78,0.4314663731330398,92,0.47151644651644653,86,0.3860997798497799,100,0.4367828930328931,97,0.43003108003108004,91,0.4704399766899767,85,0.38502331002331003,101,0.43462995337995336,97,0.44476171976171974,90,0.4814879564879565,85,0.39607128982128986,99,0.45672591297591303,91,0.41530044030044033,92,0.45939199689199695,85,0.37397533022533025,106,0.4125339937839938,104,0.45071872571872573,87,0.485955710955711,83,0.4005390442890443,96,0.4656614219114219,88,0.46794224294224296,84,0.4988733488733489,81,0.41345668220668225,95,0.4914966977466978,84,0.4334952084952085,90,0.47303807303807305,86,0.3876214063714064,101,0.4398261460761461,94,0.4667443667443667,83,0.4979749417249417,77,0.4125582750582751,91,0.48969988344988347,80,0.4878852628852629,76,0.5138306138306139,71,0.4284139471639472,86,0.5214112276612277,66,0.4456034706034706,88,0.48211926961926965,81,0.396702602952603,96,0.4579885392385393,88,0.4491647241647241,88.39583333333333,66,106,40,0.0,0.0,0.0,intermediate_or_scenario_sensitive
1501808,Breves,0.20631433173568006,137,0.15473574880176005,138,0.16145284958487208,137,0.30275439682040806,131,0.18732097940899442,138,0.14049073455674582,139,0.14720783533985785,138,0.2742643683303796,134,0.22530768406236573,134,0.1689807630467743,137,0.17569786382988634,135,0.3312444253104366,127,0.2324409828623312,133,0.1743307371467484,137,0.18104783792986043,135,0.34194437351038476,125,0.21887584429719262,135,0.16415688322289448,138,0.1708739840060065,137,0.3215966656626769,130,0.24600612142746975,131,0.18450459107060233,134,0.19122169185371435,135,0.3622920813580926,118,0.1945621949835433,136,0.1459216462376575,138,0.15263874702076952,137,0.28512619169220293,133,0.17704730246865077,138,0.1327854768514881,139,0.1395025776346001,138,0.2588538529198641,137,0.21207708749843582,136,0.15905781562382687,138,0.1657749164069389,137,0.3113985304645417,132,0.19193981736116567,134,0.14395486302087426,137,0.1506719638039863,136,0.2811926252586365,130,0.1660397914611398,138,0.12452984359585487,139,0.1312469443789669,139,0.2423425864085977,134,0.2178398432611916,132,0.16337988244589371,137,0.17009698322900574,135,0.3200426641086754,127,0.20631433173568003,134.79166666666666,118,139,21,0.0,0.0,1.0,robust_lower_relative_priority
1501907,Bujaru,0.45057627557627555,87,0.42751554001554004,94,0.4629322066822067,70,0.46128108003108004,91,0.45705128205128204,87,0.4323717948717949,94,0.46778846153846154,71,0.4709935897435898,87,0.44410126910126907,88,0.4226592851592852,96,0.45807595182595184,72,0.45156857031857034,89,0.43539238539238534,90,0.4161276223776224,96,0.45154428904428906,74,0.43850524475524477,96,0.44054001554001554,92,0.41998834498834503,96,0.4554050116550117,73,0.44622668997669,94,0.4302447552447552,90,0.4122668997668998,95,0.44768356643356644,75,0.4307837995337995,94,0.43461538461538457,93,0.4155448717948718,95,0.45096153846153847,77,0.4373397435897436,101,0.4403457653457653,93,0.41984265734265735,96,0.455259324009324,78,0.4459353146853147,98,0.42888500388500383,92,0.4112470862470863,96,0.44666375291375293,79,0.4287441724941725,101,0.4817210567210567,75,0.4508741258741259,93,0.48629079254079255,66,0.5079982517482518,66,0.49026806526806527,75,0.45728438228438234,91,0.492701048951049,65,0.5208187645687646,67,0.4731740481740482,78,0.4444638694638695,92,0.47988053613053616,68,0.495177738927739,74,0.45057627557627566,85.41666666666667,65,101,36,0.0,0.0,0.0,intermediate_or_scenario_sensitive
1501956,Cachoeira do Piriá,0.7159532386805114,9,0.7869649290103836,8,0.6759112100021192,13,0.6849835770290316,13,0.7187159081098475,9,0.7890369310823857,8,0.6779832120741212,13,0.6891275811730357,11,0.7131905692511753,13,0.7848929269383815,11,0.6738392079301171,14,0.6808395728850275,14,0.7082803560076287,15,0.7812102670057215,13,0.6701565479974572,16,0.6734742530197075,15,0.7108379835652563,15,0.7831284876739423,13,0.6720747686656778,15,0.677310694356149,15,0.7057227284500012,14,0.7792920463375009,12,0.6682383273292365,16,0.6696378116832663,16,0.6966253443526171,15,0.7724690082644629,14,0.6614152892561984,18,0.6559917355371901,21,0.6979527206799934,16,0.7734645405099951,16,0.6624108215017306,18,0.6579828000282546,24,0.6952979680252407,14,0.7714734760189306,12,0.6604197570106661,17,0.6540006710461256,22,0.7429540156812884,8,0.8072155117609663,7,0.6961617927527018,11,0.7254847425301971,8,0.7473570200842928,8,0.8105177650632196,7,0.6994640460549553,12,0.7320892491347037,8,0.738551011278284,8,0.803913258458713,7,0.6928595394504486,11,0.7188802359256905,8,0.7159532386805112,12.9375,7,24,17,0.2708333333333333,1.0,0.0,robust_higher_capacity_strengthening_priority
1502004,Cachoeira do Arari,0.4045242636151727,98,0.39297653104471286,99,0.39249443738080103,98,0.4281018224200042,102,0.40279759522183767,101,0.3916815297497116,99,0.39119943608579977,100,0.4255118198300017,104,0.40625093200850776,96,0.3942715323397142,98,0.39378943867580235,98,0.43069182501000686,100,0.42764003673094575,93,0.4103133608815427,97,0.40983126721763086,92,0.46277548209366387,86,0.4265392856301947,95,0.4094877975559794,97,0.4090057038920676,94,0.46112435544253727,89,0.42874078783169695,91,0.41113892420710607,96,0.41065683054319424,91,0.46442660874479064,86,0.4107402698311789,102,0.39763853570671753,102,0.3971564420428057,99,0.43742583174401356,100,0.4120352711261802,102,0.39860978667796854,102,0.3981276930140567,100,0.4393683336865155,100,0.4094452685361776,100,0.39666728473546653,100,0.3961851910715547,96,0.4354833298015116,98,0.37519248428339336,111,0.37097769654587837,101,0.37049560288196653,106,0.3841041534223352,112,0.36981822890913796,112,0.36694700501518684,103,0.366464911351275,107,0.3760427703609522,114,0.3805667396576487,106,0.3750083880765699,99,0.37452629441265806,102,0.39216553648371827,112,0.40452426361517274,99.70833333333333,86,114,28,0.0,0.0,0.10416666666666667,intermediate_or_scenario_sensitive
1502103,Cametá,0.1234597851170885,143,0.09259483883781637,143,0.10690684939280445,143,0.17087766712064467,143,0.12276911775975449,143,0.09207683831981588,143,0.10638884887480396,141,0.16984166608464368,143,0.12415045247442252,142,0.09311283935581689,142,0.10742484991080498,142,0.17191366815664572,142,0.13174779340509676,142,0.09881084505382258,142,0.11312285560881066,142,0.1833096795526571,143,0.13608604774335115,143,0.10206453580751336,143,0.11637654636250144,142,0.18981706106003865,143,0.12740953906684244,142,0.09555715430013183,142,0.10986916485511991,142,0.17680229804527559,141,0.12378353544083881,144,0.09283765158062911,144,0.10714966213561719,143,0.17136329260627015,144,0.12371878537608877,143,0.09278908903206658,143,0.10710109958705466,142,0.17126616750914508,144,0.12384828550558888,143,0.09288621412919167,143,0.10719822468417975,143,0.17146041770339526,143,0.11484802650532985,143,0.0861360198789974,143,0.10044803043398548,142,0.15796002920300672,142,0.10850252015982356,143,0.08137689011986766,143,0.09568890067485575,141,0.14844176968474726,143,0.12119353285083626,143,0.09089514963812718,143,0.10520716019311527,142,0.1674782887212663,142,0.12345978511708848,142.625,141,144,3,0.0,0.0,1.0,robust_lower_relative_priority
1502152,Canaã dos Carajás,0.22907891346348958,132,0.1718091850976172,136,0.20006747664434082,134,0.31536007864851073,129,0.22199957305081583,133,0.1664996797881119,136,0.19475797133483552,134,0.30474106802950013,131,0.23615825387616332,132,0.1771186904071225,134,0.20537698195384613,133,0.32597908926752134,129,0.23047103985561596,134,0.17285327989171198,138,0.2011115714384356,134,0.3174482682367003,130,0.22351040789498403,134,0.16763280592123803,137,0.19589109746796163,134,0.3070073202957524,133,0.23743167181624789,133,0.17807375386218594,136,0.20633204540890954,134,0.3278892161776482,128,0.250478809863386,132,0.1878591073975395,134,0.21611739894426313,132,0.34745992324835534,125,0.24986368424826036,131,0.18739776318619528,134,0.21565605473291888,132,0.3465372348256669,126,0.25109393547851155,132,0.1883204516088837,134,0.21657874315560732,132,0.34838261167104373,124,0.20628689067146674,133,0.15471516800360008,136,0.18297345955032368,134,0.2811720444604765,131,0.1926246270092031,133,0.14446847025690235,136,0.17272676180362595,135,0.26067864896708104,133,0.21994915433373044,131,0.16496186575029784,135,0.19322015729702147,131,0.301665439953872,130,0.2290789134634895,132.58333333333334,124,138,14,0.0,0.0,1.0,robust_lower_relative_priority
1502202,Capanema,0.10610676776407116,144,0.07958007582305336,144,0.09389208637804144,144,0.14484814109111865,144,0.115948777606081,144,0.08696158320456075,144,0.10127359375954884,144,0.15961115585413344,144,0.0962647579220613,144,0.07219856844154597,144,0.08651057899653405,144,0.13008512632810387,144,0.0872644989218023,144,0.06544837419135173,144,0.07976038474633981,144,0.11658473782771538,144,0.09503450669181007,144,0.07127588001885755,144,0.08558789057384564,144,0.12823974948272704,144,0.0794944911517945,144,0.05962086836384588,144,0.07393287891883396,144,0.10492972617270367,144,0.14262580428310764,142,0.10696935321233074,142,0.12128136376731882,140,0.1996266958696734,141,0.15836007001737343,140,0.11877005251303006,140,0.13308206306801815,140,0.22322809447107206,138,0.12689153854884191,142,0.09516865391163144,142,0.10948066446661953,142,0.17602529726827482,142,0.08843000008730348,144,0.06632250006547762,144,0.0806345106204657,144,0.11833298957596715,144,0.09445175610905948,144,0.07083881708179461,144,0.0851508276367827,144,0.12736562360860115,144,0.08240824406554742,144,0.061806183049160565,144,0.07611819360414865,144,0.10930035554333305,144,0.10610676776407113,143.22916666666666,138,144,6,0.0,0.0,1.0,robust_lower_relative_priority
1502301,Capitão Poço,0.4134097384097384,96,0.3996406371406372,97,0.43505730380730384,81,0.40553127428127433,112,0.4163019079685746,98,0.40180976430976434,98,0.437226430976431,85,0.40986952861952863,112,0.4105175688509022,94,0.39747150997151004,97,0.4328881766381767,82,0.40119301994302004,114,0.39877622377622374,100,0.3886655011655012,99,0.42408216783216784,87,0.38358100233100234,115,0.4014309764309764,99,0.3906565656565657,98,0.42607323232323235,87,0.38756313131313136,118,0.3961214711214711,101,0.3866744366744367,99,0.42209110334110334,85,0.3795988733488734,115,0.4415112665112665,89,0.42071678321678324,94,0.4561334498834499,76,0.44768356643356644,94,0.45148277648277646,89,0.42819541569541575,94,0.4636120823620824,74,0.46264083139083145,92,0.4315397565397565,91,0.4132381507381508,95,0.44865481740481744,76,0.43272630147630153,99,0.3999417249417249,102,0.3895396270396271,98,0.42495629370629373,87,0.3853292540792541,111,0.395991970991971,106,0.3865773115773116,98,0.4219939782439783,88,0.3794046231546232,111,0.40389147889147886,98,0.39250194250194254,98,0.4279186091686092,83,0.391253885003885,115,0.41340973840973855,96.39583333333333,74,118,44,0.0,0.0,0.1875,intermediate_or_scenario_sensitive
1502400,Castanhal,0.30941549607279945,125,0.37997828872126627,101,0.24637363260958767,128,0.30189456688754446,132,0.3161926695166396,122,0.38506116880414637,101,0.25145651269246777,127,0.31206032705330466,129,0.30263832262895934,127,0.3748954086383862,102,0.2412907525267076,129,0.29172880672178425,133,0.2975014841587875,127,0.37104277978575734,102,0.23743812367407874,129,0.2840235490165266,134,0.29937923603653943,126,0.37245109369407126,102,0.23884643758239266,128,0.28684017683315444,134,0.29562373228103567,129,0.3696344658774434,101,0.23602980976576482,130,0.28120692119989876,132,0.34431578097308435,117,0.40615350239647996,98,0.27254884628480136,127,0.35424499423797184,122,0.3577837944410978,115,0.41625451249749,97,0.2826498563858114,126,0.37444701443999195,121,0.3308477675050709,120,0.39605249229546985,101,0.26244783618379125,128,0.3340429740359516,127,0.28642922308652646,127,0.36273858398156156,102,0.22913392786988293,128,0.26741515740813493,133,0.29141497807228145,124,0.3664779002208778,104,0.23287324410919918,128,0.2748937898867675,130,0.2814434681007715,129,0.3589992677422453,104,0.22539461163056668,130,0.2599365249295025,133,0.3094154960727994,120.85416666666667,97,134,37,0.0,0.0,0.75,robust_lower_relative_priority
1502509,Chaves,0.3421052011961103,118,0.28366223423041603,122,0.3456801405665042,115,0.3969732287914106,116,0.3281839372748464,121,0.2732212862894681,124,0.3352391926255563,119,0.37609133290951474,117,0.35602646511737424,114,0.294103182171364,122,0.35612108850745217,109,0.4178551246733065,102,0.37703786112877025,110,0.309861729179911,118,0.3718796355159992,106,0.4493722186904005,90,0.36645122554213466,112,0.30192175248993436,120,0.3639396588260225,107,0.43349226531044716,99,0.38762449671540583,104,0.3178017058698877,113,0.3798196122059759,103,0.4652521720703539,85,0.3292037507946599,121,0.2739861464293283,124,0.33600405276541645,118,0.377621053189235,120,0.31672317581408493,122,0.264625715193897,126,0.32664362152998516,118,0.35890019071837254,123,0.3416843257752349,119,0.28334657766475946,122,0.3453644840008476,113,0.39634191566009747,115,0.32007399166490075,121,0.26713882708200887,126,0.32915673341809704,118,0.3639264144945963,119,0.30137741046831956,123,0.253116391184573,125,0.3151342975206612,123,0.33588154269972453,120,0.338770572861482,119,0.2811612629794448,124,0.343179169315533,113,0.39197128628946815,113,0.34210520119611026,115.64583333333333,85,126,41,0.0,0.0,0.8333333333333334,robust_lower_relative_priority
1502608,Colares,0.6132802382802383,37,0.7099601787101788,30,0.6162101787101788,30,0.5136703574203575,67,0.617035742035742,41,0.7127768065268065,30,0.6190268065268065,32,0.5193036130536131,65,0.6095247345247345,34,0.7071435508935509,30,0.6133935508935509,26,0.5080371017871018,68,0.616938616938617,35,0.7127039627039627,31,0.6189539627039627,26,0.5191579254079255,60,0.624028749028749,36,0.7180215617715617,30,0.6242715617715617,26,0.5297931235431236,61,0.6098484848484849,35,0.7073863636363636,30,0.6136363636363636,26,0.5085227272727273,66,0.6231546231546231,35,0.7173659673659674,30,0.6236159673659674,29,0.5284819347319347,64,0.625971250971251,37,0.7194784382284383,30,0.6257284382284383,31,0.5327068764568765,67,0.6203379953379953,33,0.7152534965034965,29,0.6215034965034965,25,0.524256993006993,63,0.5997474747474747,45,0.6998106060606061,30,0.6060606060606061,32,0.49337121212121215,76,0.6011072261072261,43,0.7008304195804196,29,0.6070804195804196,33,0.49541083916083917,78,0.5983877233877234,39,0.6987907925407926,29,0.6050407925407926,30,0.4913315850815851,76,0.6132802382802381,40.9375,25,78,53,0.0,0.625,0.0,scenario_sensitive_higher_priority
1502707,Conceição do Araguaia,0.3806579783852511,108,0.3125768171222717,117,0.4244397647806739,87,0.4049573532528078,113,0.37426930532991143,112,0.3077853123307669,118,0.4196482599891691,90,0.3953743436697983,115,0.38704665144059086,105,0.3173683219137765,114,0.4292312695721787,84,0.4145403628358174,106,0.3906618633891361,102,0.32007973087518543,112,0.43194267853358764,80,0.41996318075863537,102,0.38577323350050624,105,0.31641325845871304,117,0.42827620611711525,85,0.4126302359256905,109,0.39555049327776604,102,0.3237462032916578,110,0.43560915095006003,78,0.42729612559158014,96,0.38949636222363493,105,0.31920560500105954,112,0.43106855265946176,88,0.4182149290103836,110,0.38700348473075746,109,0.31733594688140143,116,0.42919889453980364,91,0.41447561277106737,113,0.39198923971651245,104,0.32107526312071766,111,0.43293821077911987,85,0.4219542452496998,105,0.36181570954298226,114,0.29844511549057007,117,0.4103080631489723,92,0.37669394998940453,116,0.35003119775847047,117,0.2896067316521862,119,0.4014696793105884,93,0.3590171823126369,117,0.37360022132749404,110,0.3072834993289539,117,0.4191464469873561,86,0.39437071766617227,109,0.38065797838525106,104.64583333333333,78,119,41,0.0,0.0,0.5208333333333334,intermediate_or_scenario_sensitive
1502756,Concórdia do Pará,0.3694108921381648,113,0.27705816910362363,124,0.41600445009535914,94,0.4151700572155117,108,0.3841739069011796,108,0.2881304301758847,119,0.42707671116762025,87,0.43731457936003393,102,0.35464787737515013,115,0.2659859080313626,126,0.40493218902309813,94,0.3930255350709897,115,0.34173023945751213,115,0.2562976795931341,127,0.39524396058486966,99,0.37364907819453275,118,0.34823762096489363,117,0.2611782157236703,127,0.4001244967154058,98,0.383410150455605,120,0.3352228579501306,117,0.251417143462598,127,0.39036342445433353,97,0.3638880059334605,117,0.3799004026276753,109,0.2849253019707565,122,0.42387158296249206,91,0.43090432294977754,103,0.39990817263544537,106,0.29993112947658407,117,0.4388774104683196,87,0.4609159779614326,93,0.35989263261990534,112,0.26991947446492903,124,0.40886575545666454,93,0.4008926679381225,114,0.386602034329307,105,0.28995152574698024,119,0.4288978067387158,86,0.44095677050222504,97,0.4043759271031998,103,0.3032819453273999,116,0.4422282263191354,82,0.4676176096630642,87,0.3688281415554143,113,0.27662110616656077,125,0.4155673871582963,90,0.414295931341386,104,0.3694108921381651,107.95833333333333,82,127,45,0.0,0.0,0.5208333333333334,intermediate_or_scenario_sensitive
1502764,Cumaru do Norte,0.701578724305997,16,0.7761840432294977,14,0.6651303242212334,16,0.66342180546726,16,0.7050752278025005,14,0.7788064208518755,14,0.667752701843611,17,0.6686665607120152,16,0.6980822208094936,15,0.7735616656071203,13,0.6625079465988557,16,0.6581770502225048,20,0.7141078618351345,14,0.7855808963763509,12,0.6745271773680865,14,0.6822155117609663,10,0.7178957406230133,12,0.78842180546726,10,0.6773680864589956,12,0.6878973299427845,12,0.7103199830472557,12,0.7827399872854419,10,0.6716862682771774,14,0.6765336935791482,15,0.731590379317652,7,0.798692784488239,6,0.6876390654799747,12,0.7084392879847425,7,0.7367380094652822,8,0.8025535070989617,7,0.6914997880906972,11,0.7161607332061878,7,0.7264427491700218,10,0.7948320618775164,8,0.683778342869252,12,0.7007178427632974,10,0.6590379317652044,24,0.7442784488239034,22,0.6332247298156389,25,0.5996106166560713,43,0.6605919333192061,23,0.7454439499894046,21,0.6343902309811401,26,0.6019416189870735,41,0.657483930211203,22,0.7431129476584022,21,0.6320592286501379,23,0.5972796143250689,36,0.701578724305997,15.958333333333334,6,43,37,0.25,0.9583333333333334,0.0,robust_higher_capacity_strengthening_priority
1502772,Curionópolis,0.6050558027830755,40,0.6558751854206399,38,0.5927381330790422,36,0.5665540898495444,50,0.6010412987685715,43,0.652864307409762,39,0.5897272550681641,36,0.5605323338277883,51,0.6090703067975796,36,0.658886063431518,36,0.5957490110899202,32,0.5725758458713004,44,0.6038903016175743,40,0.6550010595465141,36,0.5918640072049163,35,0.5648058381012926,47,0.595537543264816,43,0.6487364907819454,38,0.5855994384403476,38,0.5522767005721552,52,0.6122430599703327,33,0.6612656283110829,35,0.598128575969485,28,0.5773349756304301,41,0.6347760825033553,31,0.6781653952108497,34,0.615028342869252,31,0.611134509429964,38,0.6371070848343576,33,0.6799136469591016,35,0.6167765946175037,32,0.6146310129264675,39,0.6324450801723529,31,0.6764171434625981,35,0.6132800911210002,27,0.6076380059334605,31,0.576501024228297,50,0.6344591015045561,41,0.5713220491629583,38,0.5237219220173766,59,0.5704792682065409,51,0.629942784488239,44,0.5668057321466413,38,0.5146892879847426,69,0.582522780250053,48,0.6389754185208731,41,0.5758383661792752,38,0.5327545560500105,54,0.6050558027830756,39.895833333333336,27,69,42,0.0,0.4166666666666667,0.0,scenario_sensitive_higher_priority
1502806,Curralinho,0.6804054531327257,18,0.7603040898495443,17,0.5867503708412799,37,0.6941618987073532,10,0.6830386224325617,20,0.7622789668244214,19,0.5887252478161569,37,0.6981116526571073,10,0.6777722838328899,17,0.7583292128746675,15,0.5847754938664029,36,0.6902121447575994,12,0.6948770926043653,16,0.771157819453274,14,0.5976041004450096,33,0.7158693579148125,8,0.6978232205504933,16,0.77336741541287,14,0.5998136964046055,37,0.7202885498340044,6,0.6919309646582373,17,0.7689482234936781,15,0.5953945044854136,33,0.7114501659956206,10,0.6543759271031998,28,0.7407819453273999,25,0.5672282263191354,41,0.6551176096630642,22,0.6538579265851993,29,0.7403934449388996,26,0.566839725930635,41,0.6543406088860635,26,0.6548939276212002,26,0.7411704457159003,25,0.5676167267076357,44,0.655894610440065,20,0.6919633396906124,16,0.7689725047679593,15,0.5954187857596949,36,0.7114987285441832,10,0.6974347201619928,15,0.7730760401214947,15,0.5995223211132302,35,0.7197057992512539,10,0.6864919592192319,16,0.764868969414424,14,0.5913152504061595,36,0.7032916578371124,10,0.6804054531327258,21.833333333333332,6,44,38,0.16666666666666666,0.875,0.0,robust_higher_capacity_strengthening_priority
1502855,Curuá,0.48956783531604775,73,0.4567592098203692,89,0.4957785206508394,63,0.5161657754769349,64,0.5009638467120592,70,0.46530621836737773,89,0.5043255291978479,60,0.5332597925709519,60,0.4781718239200363,77,0.44821220127336064,89,0.4872315121038308,65,0.49907175838291773,69,0.4844849552331677,75,0.45294704975820915,89,0.4919663605886793,63,0.5085414553526147,65,0.49934509509330754,67,0.46409215465331405,89,0.5031114654837843,62,0.5308316651428245,60,0.4696248153730278,77,0.44180194486310426,89,0.4808212556935744,65,0.48625124556240495,74,0.4732184439666564,82,0.4444971663083257,91,0.48351647713879586,67,0.49164168845284784,80,0.4799200756682881,83,0.44952339008454945,92,0.4885427009150196,65,0.5016941360052953,81,0.4665168122650247,80,0.43947094253210195,90,0.4784902533625721,67,0.48158924090040034,77,0.5110001067483192,67,0.4728334133945728,85,0.511852724225043,58,0.548314182625342,53,0.5236263693745818,62,0.48230311036426976,80,0.5213224211947399,55,0.567253576564736,52,0.49837384412205654,71,0.46336371642487584,86,0.502383027255346,61,0.5293747886859481,56,0.4895678353160478,72.58333333333333,52,92,40,0.0,0.0,0.0,intermediate_or_scenario_sensitive
1502905,Curuçá,0.4781068258340985,76,0.44816345270890723,90,0.49752640036730944,60,0.48863062442607896,75,0.4890280034219428,76,0.45635433589979046,90,0.5057172835581927,59,0.5050123908078454,71,0.4671856482462543,78,0.4399725695180241,90,0.4893355171764263,64,0.4722488580443126,80,0.44524616797344063,88,0.42351795931341385,94,0.47288090697181606,66,0.43933963763509215,95,0.45518530291257564,88,0.4309723105177651,92,0.4803352581761673,64,0.4542483400437946,93,0.43530703303430573,88,0.4160636081090627,94,0.4654265557674649,69,0.4244309352263898,98,0.4773945751218478,81,0.4476292646747192,89,0.4969922123331214,60,0.4875622483577029,82,0.4898913376186103,81,0.4570018365472911,90,0.5063647842056933,61,0.5063073921028467,78,0.46489781262508534,82,0.4382566928021474,91,0.4876196404605496,64,0.4688171046125592,86,0.5116797344070071,66,0.4733431341385887,84,0.5227060817969909,56,0.5389899872854418,56,0.5220073697346423,65,0.48108886063431516,81,0.5304518082927174,51,0.5544814402768947,55,0.5013520990793718,69,0.4655974076428622,85,0.5149603553012645,59,0.5234985342939888,58,0.4781068258340985,76.41666666666667,51,98,47,0.0,0.0,0.0,intermediate_or_scenario_sensitive
1502939,Dom Eliseu,0.38653846153846155,106,0.37948717948717947,102,0.3524038461538462,111,0.427724358974359,103,0.3827829577829578,109,0.3766705516705517,102,0.3495872183372184,112,0.4220911033411034,105,0.3902939652939653,101,0.3823038073038073,100,0.355220473970474,110,0.4333576146076147,99,0.38547008547008543,105,0.3786858974358974,100,0.3516025641025641,110,0.42612179487179486,99,0.38304195804195806,108,0.37686480186480187,101,0.3497814685314685,113,0.42247960372960375,105,0.3878982128982129,103,0.380506993006993,100,0.3534236596736597,109,0.429763986013986,95,0.4111111111111111,101,0.3979166666666667,101,0.37083333333333335,105,0.46458333333333335,89,0.41256798756798757,101,0.399009324009324,101,0.3719259906759907,106,0.46676864801864804,90,0.4096542346542347,99,0.3968240093240093,99,0.369740675990676,106,0.46239801864801866,88,0.363034188034188,113,0.36185897435897435,103,0.33477564102564106,116,0.3924679487179487,108,0.35273892773892773,116,0.35413752913752916,108,0.3270541958041958,117,0.3770250582750583,113,0.37332944832944837,111,0.3695804195804196,101,0.3424970862470863,114,0.4079108391608392,106,0.3865384615384615,104.58333333333333,88,117,29,0.0,0.0,0.2916666666666667,intermediate_or_scenario_sensitive
1502954,Eldorado do Carajás,0.4196375173647901,95,0.3418114713569259,106,0.4536744190153281,76,0.46342666172211633,89,0.43694736800797407,93,0.35479385933931384,104,0.46665680699771606,72,0.4893914376868922,80,0.40232766672160614,97,0.328829083374538,108,0.4406920310329402,79,0.43746188575734035,96,0.3834746062018789,106,0.3146892879847425,114,0.4265522356431447,85,0.4091822949777495,109,0.39898224670951943,101,0.3263200183654729,111,0.43818296602387513,80,0.43244375573921034,101,0.3679669656942384,110,0.3030585576040121,116,0.41492150526241434,89,0.38592083421628876,114,0.43368828141555416,94,0.35234954439499894,105,0.46421249205340115,72,0.4845028077982624,83,0.4532428009700737,87,0.3670154340608886,105,0.4788783817192908,70,0.5138345871300417,76,0.41413376186103457,95,0.3376836547291093,106,0.4495466023875115,75,0.45517102846648305,92,0.4417496644769372,88,0.35839558169103625,105,0.47025852934943846,73,0.496594882390337,72,0.4586170563443291,85,0.3710461255915801,101,0.48290907324998233,71,0.5218959701914248,65,0.42488227260954536,91,0.34574503779049237,105,0.4576079854488946,76,0.47129379458924925,82,0.4196375173647901,91.77083333333333,65,116,51,0.0,0.0,0.125,intermediate_or_scenario_sensitive
1503002,Faro,0.5984636575545665,44,0.5967644098325916,52,0.5379489828353464,49,0.6606775799957618,18,0.5878878136453893,48,0.5888325269007088,54,0.5300170999034636,52,0.644813814131996,28,0.6090395014637439,37,0.6046962927644746,46,0.5458808657672294,46,0.6765413458595277,15,0.6056509147418239,38,0.6021548527230345,47,0.5433394257257893,47,0.6714584657766476,17,0.5974276565185657,42,0.5959874090555909,51,0.5371719820583457,49,0.6591235784417604,18,0.6138741729650821,31,0.6083222963904782,45,0.549506869393233,47,0.683793353111535,13,0.5797185138094229,49,0.5827055520237339,56,0.5238901250264887,53,0.6325598643780461,29,0.5637576228485319,57,0.5707348838030656,58,0.5119194568058204,58,0.6086185279367098,41,0.5956794047703138,41,0.594676220244402,51,0.5358607932471569,49,0.6565012008193827,19,0.6100215441124532,41,0.6054328247510066,52,0.5466173977537614,42,0.6780144098325916,14,0.6024781615690706,42,0.5997752878434697,53,0.5409598608462245,45,0.6666993360175179,25,0.6175649266558357,32,0.6110903616585435,46,0.5522749346612983,42,0.6893294836476656,15,0.5984636575545665,40.5,13,58,45,0.0,0.2708333333333333,0.0,scenario_sensitive_higher_priority
1503044,Floresta do Araguaia,0.5044730522003249,69,0.5262714558169104,67,0.5173010701419792,57,0.4698466306420852,85,0.4904007047946442,75,0.5157171952626498,71,0.5067468095877187,58,0.44873810953356413,96,0.5185453996060057,65,0.5368257163711709,63,0.5278553306962397,51,0.4909551517506063,72,0.5141855619128346,63,0.5335558381012926,63,0.5245854524263615,52,0.48441539521084975,78,0.5009117986390713,66,0.5236005156459702,65,0.514630129971039,55,0.4645047503002048,87,0.5274593251865979,58,0.5435111605566151,63,0.5345407748816839,49,0.5043260401214946,68,0.5057356784629512,71,0.5272184255138801,68,0.5182480398389488,57,0.4717405700360246,86,0.4938540415813143,78,0.5183071978526523,75,0.5093368121777213,59,0.4539181147135693,95,0.517617315344588,66,0.5361296531751076,63,0.5271592675001766,51,0.4895630253584799,74,0.49349791622518896,73,0.5180401038355584,68,0.5090697181606272,61,0.45338392667938127,93,0.4764362741635469,80,0.5052438722893269,74,0.4962734866143957,64,0.42779146358691816,100,0.510559558286831,65,0.53083633538179,64,0.5218659497068587,51,0.47897638977184437,80,0.504473052200325,69.0,49,100,51,0.0,0.0,0.0,intermediate_or_scenario_sensitive
1503077,Garrafão do Norte,0.37489846012573286,110,0.33846551176096634,108,0.3576201260860352,109,0.4286097425301971,101,0.39199247721974995,105,0.3512860245814792,106,0.370440638906548,106,0.4542507681712228,95,0.35780444303171577,112,0.3256449989404535,109,0.3447996132655224,114,0.40296871688917146,111,0.3400305502578229,118,0.31231457936003393,116,0.33146919368510275,117,0.3763078777283323,117,0.35450218972946246,115,0.32316830896376353,114,0.3423229232888324,115,0.3980153369357915,112,0.3255589107861835,121,0.3014608497563043,119,0.3206154640813732,120,0.3546004185208731,123,0.38752472275199545,107,0.3479352087306633,107,0.3670898230557321,108,0.44754913646959105,95,0.40753249275976544,103,0.36294103623649077,106,0.3820956505615597,103,0.4775607914812461,87,0.36751695274422547,108,0.3329293812248358,107,0.35208399554990466,111,0.417537481457936,106,0.39714010736738004,103,0.35514674719220174,106,0.3743013615172706,104,0.4619722133926679,88,0.4139427491700219,97,0.3677487285441831,102,0.386903342869252,100,0.48717617609663066,81,0.3803374655647383,107,0.3425447658402204,108,0.3616993801652893,108,0.4367682506887053,93,0.37489846012573286,107.04166666666667,81,123,42,0.0,0.0,0.3958333333333333,intermediate_or_scenario_sensitive
1503093,Goianésia do Pará,0.5500570977843705,54,0.5604594900049445,59,0.5514891043300134,44,0.5382226990181536,58,0.5424597568536962,58,0.5547614843069388,59,0.5457910986320077,45,0.5268266876221421,62,0.5576544387150447,53,0.5661574957029503,59,0.557187110028019,43,0.549618710414165,53,0.5664388641661369,51,0.5727458147912693,58,0.5637754291163382,43,0.562795348590803,49,0.5589926067198794,53,0.5671611217065762,59,0.5581907360316452,43,0.551625962421417,53,0.5738851216123944,48,0.5783305078759624,54,0.5693601222010313,42,0.5739647347601893,43,0.5630394857667584,53,0.5701962809917356,59,0.5612258953168043,45,0.5576962809917356,57,0.557568105295378,58,0.5660927456382001,59,0.5571223599632691,47,0.5494892102846649,62,0.568510866238139,51,0.5742998163452708,58,0.5653294306703398,45,0.5659033516988063,51,0.5206929434202161,61,0.5384363742318288,62,0.5294659885568976,51,0.494176467471922,75,0.5108185585458312,67,0.5310305855760401,65,0.522060199901109,54,0.4793648901603447,85,0.530567328294601,60,0.5458421628876173,61,0.5368717772126863,46,0.5089880447834993,67,0.5500570977843705,55.041666666666664,42,85,43,0.0,0.0,0.0,intermediate_or_scenario_sensitive
1503101,Gurupá,0.39037048809776076,105,0.3198611994066539,115,0.36922414706505613,106,0.48202611782157234,79,0.3917734061673456,106,0.3209133879588425,116,0.3702763356172447,107,0.48413049492594945,82,0.38896757002817606,104,0.31880901085446545,113,0.36817195851286766,105,0.4799217407171953,77,0.407561630288903,97,0.3327545560500106,107,0.3821175037084128,103,0.5078128311082857,66,0.4089537566810294,98,0.3337986508441054,109,0.38316159850250764,104,0.5099010206964752,65,0.40616950389677664,96,0.3317104612559158,106,0.381073408914318,102,0.5057246415200961,67,0.3546770149042876,115,0.293091094511549,120,0.34245404216995123,115,0.42848590803136255,105,0.35585870358597627,116,0.2939773610228156,119,0.3433403086812178,116,0.4302584410538956,105,0.35349532622259894,114,0.2922048280002826,121,0.3415677756586848,115,0.42671337500882955,103,0.40887281910009177,99,0.3337379476584022,113,0.3831008953168044,99,0.5097796143250689,64,0.41050775823503094,100,0.33496415200960655,114,0.38432709966800876,101,0.5122320230274776,70,0.4072378799651527,97,0.3325117433071979,110,0.3818746909656001,99,0.5073272056226602,69,0.39037048809776076,100.70833333333333,64,121,57,0.0,0.0,0.3333333333333333,intermediate_or_scenario_sensitive
1503200,Igarapé-Açu,0.7036507263779991,15,0.7777380447834994,13,0.666684325775235,15,0.6665298085752631,15,0.7175935736541798,10,0.7881951802406348,9,0.6771414612323704,14,0.6874440794895341,12,0.6897078791018185,16,0.767280909326364,14,0.6562271903180994,18,0.6456155376609922,23,0.6652539379812107,21,0.7489404534859081,19,0.6378867344776437,20,0.6089346259800805,32,0.6742541969814697,18,0.7556906477361023,16,0.6446369287278378,20,0.6224350144804691,30,0.6562536789809517,23,0.7421902592357138,22,0.6311365402274494,21,0.595434237479692,33,0.7177986155258882,10,0.7883489616444161,9,0.6772952426361518,13,0.6877516422970968,11,0.7358962586235314,9,0.8019221939676485,8,0.6908684749593841,12,0.7148981069435615,8,0.6997009724282451,13,0.7747757293211839,11,0.6637220103129194,16,0.6606051776506323,17,0.7278996256268984,10,0.7959247192201737,9,0.6848710002119094,13,0.702903157448612,11,0.7426302653575381,10,0.8069726990181536,9,0.6959189800098892,13,0.7249991170445717,9,0.7131689858962587,14,0.784876739422194,12,0.6738230204139295,15,0.6808071978526524,16,0.7036507263779991,15.145833333333334,8,33,25,0.25,1.0,0.0,robust_higher_capacity_strengthening_priority
1503309,Igarapé-Miri,0.6153251630524358,36,0.6094105389559935,48,0.6004401532810624,34,0.6361247969202515,25,0.6263758407697801,35,0.6176985472440017,49,0.6087281615690707,35,0.6527008134962682,25,0.6042744853350914,38,0.6011225306679853,48,0.592152144993054,33,0.619548780344235,28,0.6168467895740622,36,0.6105517588472134,45,0.6015813731722822,31,0.6384072367026912,24,0.6254261731534458,35,0.6169862965317511,46,0.6080159108568199,32,0.6512763120717666,23,0.6082674059946787,36,0.6041172211626757,46,0.5951468354877445,34,0.625538161333616,28,0.6061630288903016,41,0.6025389383343929,50,0.5935685526594617,36,0.6223815956770502,34,0.616620164347437,41,0.6103817899272445,50,0.6014114042523133,35,0.6380672988627534,31,0.5957058934331662,40,0.5946960867415413,50,0.5857257010666101,36,0.606695892491347,33,0.6229656706929434,32,0.6151409196863742,46,0.606170534011443,31,0.647585558381013,23,0.6370811848084574,32,0.6257275552730098,47,0.6167571695980787,32,0.6687588295542841,23,0.6088501565774294,37,0.6045542840997387,50,0.5955838984248075,32,0.6264122872077418,26,0.615325163052436,36.208333333333336,23,50,27,0.0,0.6458333333333334,0.0,scenario_sensitive_higher_priority
1503408,Inhangapi,0.6184066774975866,34,0.6117216747898566,46,0.6779062477926114,12,0.5655921099102917,51,0.6277306868215959,34,0.6187146817828636,48,0.6848992547856184,11,0.5795781238963058,47,0.6090826681735773,35,0.6047286677968496,45,0.6709132407996045,15,0.5516060959242779,51,0.604873913964823,39,0.601572102140284,48,0.6677566751430388,17,0.5452929646111464,57,0.6089531680440772,38,0.6046315426997245,48,0.6708161157024793,16,0.5514118457300277,54,0.600794659885569,38,0.5985126615808434,47,0.6646972345835982,17,0.5391740834922654,55,0.6087589178498269,40,0.6044858550540368,49,0.6706704280567917,14,0.5511204704386523,59,0.6169174260083351,40,0.610604736172918,49,0.6767893091756728,16,0.5633582326764146,54,0.6006004096913188,39,0.5983669739351558,49,0.6645515469379106,15,0.53888270820089,59,0.6415872006781098,26,0.629107067175249,44,0.6952916401780038,12,0.6003628946810765,42,0.6573214664123755,26,0.6409077664759483,42,0.7070923394787031,10,0.6239642932824752,35,0.625852934943844,31,0.6173063678745496,44,0.6834909408773044,12,0.5767614960796779,46,0.6184066774975866,36.583333333333336,10,59,49,0.020833333333333332,0.3958333333333333,0.0,scenario_sensitive_higher_priority
1503457,Ipixuna do Pará,0.3477649454922182,116,0.350407042452497,104,0.3372699901108992,119,0.3556178039132584,123,0.3522542833148894,117,0.3537740458195004,105,0.3406369934779026,118,0.36235181064726524,121,0.34327560766954707,117,0.34704003908549363,104,0.33390298674389585,118,0.3488837971792517,125,0.32811330084057355,122,0.3356683089637635,105,0.3225312566221657,120,0.3261403369357914,128,0.33468543241270515,121,0.34059740764286217,105,0.3274603553012644,120,0.33599853429398885,125,0.321541169268442,123,0.33073921028466485,107,0.31760215794306706,121,0.31628213957759416,129,0.37890972663699934,110,0.37376562831108284,103,0.36062857596948505,111,0.40233497563043014,116,0.3891402368675096,108,0.38143851098396553,103,0.36830145864236774,109,0.4176807409761955,112,0.36867921640648915,107,0.36609274563820016,103,0.35295569329660237,110,0.3869892102846648,116,0.3362718089990817,119,0.34178719008264463,110,0.32865013774104684,119,0.3383780991735537,123,0.3329371806644534,119,0.33928621883167337,113,0.3261491664900756,118,0.3333761566716112,121,0.3396064373337101,118,0.3442881613336159,107,0.3311511089920181,119,0.34338004167549624,124,0.3477649454922182,115.22916666666667,103,129,26,0.0,0.0,0.75,robust_lower_relative_priority
1503507,Irituia,0.36944444444444446,112,0.3666666666666667,103,0.33958333333333335,117,0.4020833333333334,114,0.38209229042562376,110,0.3761525511525512,103,0.34906921781921785,115,0.42105510230510235,106,0.35679659846326517,113,0.3571807821807822,103,0.33009744884744885,119,0.3831115643615644,117,0.35458430458430457,113,0.3555215617715618,103,0.32843822843822845,119,0.37979312354312356,116,0.359990934990935,113,0.3595765345765346,103,0.33249320124320125,119,0.38790306915306916,117,0.3491776741776742,113,0.351466588966589,104,0.32438325563325565,117,0.37168317793317796,116,0.3676961926961927,113,0.36535547785547784,104,0.33827214452214455,116,0.39946095571095575,117,0.38239445739445743,111,0.3763791763791764,104,0.34929584304584305,114,0.4215083527583528,109,0.352997927997928,115,0.35433177933177934,105,0.32724844599844605,119,0.3774135586635587,120,0.3860528360528361,107,0.3791229603729604,99,0.3520396270396271,113,0.4269959207459208,102,0.4038914788914789,104,0.3925019425019425,97,0.3654186091686092,108,0.453753885003885,95,0.36821419321419324,114,0.36574397824397825,102,0.33866064491064496,118,0.4002379564879565,108,0.3694444444444444,110.39583333333333,95,120,25,0.0,0.0,0.6041666666666666,intermediate_or_scenario_sensitive
1503606,Itaituba,0.14735703331208946,140,0.1105177749840671,140,0.11565481958740384,140,0.2158985053647975,139,0.13082418344590632,142,0.09811813758442973,142,0.10325518218776647,143,0.19109923056552275,141,0.16388988317827272,139,0.12291741238370453,140,0.12805445698704127,139,0.24069778016407234,137,0.16467767563273178,141,0.12350825672454883,141,0.12864530132788557,140,0.24187946884576095,140,0.15752279347784967,140,0.11814209510838726,140,0.123279139711724,140,0.2311471456134378,140,0.171832557787614,140,0.1288744183407105,141,0.13401146294404723,140,0.25261179207808426,138,0.14534978130483747,141,0.1090123359786281,141,0.11414938058196483,142,0.21288762735391947,140,0.12191025786531405,144,0.09143269339898553,144,0.09656973800232227,144,0.17772834219463435,143,0.16878930474436096,139,0.12659197855827073,140,0.13172902316160745,139,0.2480469125132047,137,0.13204364299869914,141,0.09903273224902436,141,0.10416977685236109,141,0.192928419894712,139,0.11303949899455518,141,0.08477962424591638,141,0.08991666884925312,142,0.16442220388849604,140,0.1510477870028432,139,0.11328584025213238,140,0.11842288485546912,139,0.22143463590092805,136,0.14735703331208946,140.35416666666666,136,144,8,0.0,0.0,1.0,robust_lower_relative_priority
1503705,Itupiranga,0.35702744225471494,115,0.3250622483577029,112,0.3442168626827718,116,0.4018032157236703,115,0.36471111660505595,113,0.3308250041204587,112,0.34997961844552755,111,0.4133287272491818,109,0.34934376790437394,116,0.31929949259494717,112,0.33845410692001604,115,0.39027770419815877,116,0.3376995479268206,119,0.31056632761178216,117,0.32972094193685103,118,0.37281137423182875,119,0.34841568364295633,116,0.318603429398884,116,0.3377580437239528,117,0.3888855778060324,116,0.3269834122106849,120,0.30252922582468034,118,0.32168384014974927,119,0.3567371706576252,120,0.3484804337077064,116,0.31865199194744653,113,0.33780660627251535,117,0.3889827029031575,118,0.3514589366862094,117,0.3208858691813238,114,0.3400404835063926,117,0.393450457370912,118,0.34550193072920343,116,0.3164181147135693,113,0.33557272903863816,116,0.384514948435403,118,0.38490234512961785,108,0.3459684255138801,108,0.36512303983894895,107,0.4436155700360246,95,0.39425872948600216,107,0.35298571378116833,109,0.3721403281062372,106,0.4576501465706011,93,0.3755459607732335,108,0.3389511372465918,109,0.3581057515716607,110,0.42958099350144807,97,0.357027442254715,113.0625,93,120,27,0.0,0.0,0.8125,robust_lower_relative_priority
1503754,Jacareacanga,0.5246485837394927,62,0.5414031044712863,62,0.4825876774740411,68,0.5499549692731511,53,0.5137274061516486,65,0.5332122212804031,64,0.47439679428315795,68,0.5335732028913848,59,0.5355697613273371,57,0.5495939876621695,62,0.4907785606649243,63,0.5663367356549176,47,0.5514551105460196,54,0.5615079995761814,60,0.5026925725789362,60,0.5901647594829413,39,0.5423901014810105,57,0.5547092427774245,60,0.4958938157801794,63,0.5765672458854276,45,0.5605201196110287,52,0.5683067563749382,59,0.509491329377693,57,0.6037622730804548,29,0.5400914741823832,60,0.5529852723034541,60,0.4941698453062089,63,0.5731193049374868,49,0.527886086976996,63,0.5438312318994136,63,0.4850158049021685,68,0.5548112241294059,60,0.5522968613877705,56,0.5621393127074945,61,0.5033238857102493,59,0.5914273857455676,38,0.4823991664900756,74,0.5097160415342233,70,0.45090061453697816,77,0.48658084339902524,82,0.4709060299969391,82,0.5010961891643709,76,0.44228076216712575,81,0.4693411386593205,86,0.4938923029832121,72,0.5183358939040756,68,0.4595204669068305,74,0.5038205481387299,70,0.5246485837394929,62.020833333333336,29,86,57,0.0,0.020833333333333332,0.0,intermediate_or_scenario_sensitive
1503804,Jacundá,0.3758049610322337,109,0.339145387440842,107,0.35830000176591087,108,0.42996949388994843,100,0.3880211399150793,107,0.3483075216029762,108,0.36746213592804505,108,0.4482937622142168,97,0.36358878214938817,111,0.3299832532787078,107,0.3491378676037767,112,0.41164522556568006,107,0.36052394575121843,112,0.3276846259800805,109,0.3468392403051494,111,0.4070479709684255,110,0.3705602057874785,111,0.3352118210072756,107,0.35436643533234446,111,0.4221023610228156,106,0.3504876857149584,112,0.3201574309528855,111,0.3393120452779544,114,0.39199358091403547,113,0.3705278307551035,111,0.3351875397329943,110,0.3543421540580632,112,0.42205379847425306,108,0.38351021873749147,110,0.3449243307197853,108,0.36407894504485416,110,0.441527380447835,99,0.3575454427727155,113,0.3254507487462033,110,0.3446053630712722,114,0.4025802165006711,111,0.3963631065903793,104,0.35456399660945115,107,0.3737186109345201,105,0.46080671222716685,89,0.4099929952202679,101,0.36478641308186766,105,0.3839410274069365,102,0.48125154517199975,84,0.38273321796049065,105,0.3443415801370347,106,0.3634961944621036,106,0.44036187928233383,92,0.3758049610322339,106.875,84,114,30,0.0,0.0,0.4583333333333333,intermediate_or_scenario_sensitive
1503903,Juruti,0.4473254817100578,91,0.48341077794921006,85,0.388941796768661,100,0.4696238704123026,86,0.4298429642275403,94,0.47029888983732193,87,0.37582990865677285,104,0.44340009418852633,98,0.4648079991925753,79,0.4965226660610982,73,0.4020536848805491,96,0.49584764663607883,70,0.4684663778509539,78,0.4992664500548821,72,0.40479746887433304,95,0.5013352146236467,69,0.45574299012756614,87,0.48972390926234133,81,0.39525492808179225,100,0.4822501330385651,79,0.4811897655743416,74,0.5088089908474229,69,0.41434000966687384,90,0.5204202962087283,60,0.4365122208967969,91,0.4753008323392644,86,0.3808318511587153,103,0.45340397919241127,92,0.4213607057452818,97,0.46393719597562805,87,0.36946821479507896,107,0.43067670646513856,104,0.4516637360483121,87,0.4866644687029008,83,0.3921954875223517,99,0.4761312519196841,80,0.43699784638242245,90,0.47566505145348353,82,0.38119607027293445,100,0.45413241742084953,92,0.41242519680977285,99,0.45723556427399636,92,0.3627665830934473,110,0.4172734430618752,104,0.461570495955072,83,0.4940945386329707,76,0.3996255574524216,94,0.49099139177982387,77,0.447325481710058,88.16666666666667,60,110,50,0.0,0.0,0.020833333333333332,intermediate_or_scenario_sensitive
1504000,Limoeiro do Ajuru,0.6350474441383532,30,0.6242022497704316,44,0.6278868227731864,23,0.6530532598714418,21,0.6377237801480226,28,0.6262095017776836,42,0.6298940747804385,26,0.6570677638859457,20,0.6323711081286838,29,0.6221949977631795,44,0.6258795707659344,24,0.6490387558569377,22,0.6431412022321112,28,0.6302725683407502,43,0.633957141343505,21,0.6651938970120788,19,0.6467024557933648,27,0.6329435085116903,42,0.6366280815144452,22,0.6705357773539592,17,0.6395799486708578,27,0.62760162816981,43,0.6312862011725648,19,0.6598520166701984,19,0.6060394151303242,42,0.6024462280144098,51,0.6061308010171647,33,0.6095412163593983,39,0.6073344164253255,42,0.6034174789856608,51,0.6071020519884156,34,0.6114837183019002,40,0.6047444138353228,38,0.6014749770431589,48,0.6051595500459137,31,0.6075987144168962,32,0.6559617150526241,25,0.6398879529561348,40,0.6435725259588896,20,0.6844246662428481,13,0.6591344682253772,25,0.6422675178356997,41,0.6459520908384545,22,0.6891837960019779,14,0.6527889618798709,24,0.6375083880765698,42,0.6411929610793247,20,0.6796655364837183,17,0.6350474441383533,30.5,13,51,38,0.0,0.6458333333333334,0.0,scenario_sensitive_higher_priority
1504059,Mãe do Rio,0.4764362741635469,78,0.5052438722893269,71,0.4337734866143957,82,0.49029146358691816,72,0.4947821258427319,73,0.5190032610487156,69,0.44753287537378444,78,0.5178102411056957,66,0.4580904224843619,82,0.49148448352993807,76,0.42001409785500693,86,0.46277268606814065,84,0.44435261707988977,89,0.481181129476584,84,0.40971074380165284,93,0.4421659779614325,94,0.45655800428527704,86,0.4903351698806244,80,0.4188647842056933,92,0.46047405876951336,90,0.4321472298745026,89,0.4720270890725436,84,0.40055670339761246,94,0.4238578971533517,99,0.48786466059193334,75,0.5138151621106166,71,0.4423447764356855,82,0.5074340432294978,71,0.5108185585458312,69,0.5310305855760401,67,0.45956019990110897,75,0.5418648901603447,64,0.4649107626380353,81,0.49659973864519313,78,0.425129352970262,88,0.47300319629865084,82,0.49709154481881757,71,0.5207353252807798,66,0.4492649396058487,78,0.5212743695698241,61,0.5169698146970874,66,0.5356440276894823,64,0.4641736420145511,76,0.551091774387229,56,0.47721327494054766,76,0.5058266228720774,70,0.4343562371971463,82,0.49145696475241935,75,0.47643627416354706,77.8125,56,99,43,0.0,0.0,0.0,intermediate_or_scenario_sensitive
1504109,Magalhães Barata,0.5186739186739187,64,0.5369221056721056,63,0.48275543900543905,67,0.5363442113442114,60,0.5314080980747646,60,0.5464727402227403,60,0.4923060735560736,65,0.5554454804454805,53,0.5059397392730726,67,0.5273714711214712,65,0.4732048044548045,68,0.5172429422429423,65,0.4873348873348873,73,0.5134178321678322,68,0.4592511655011655,70,0.48933566433566433,76,0.49406889406889404,70,0.5184683372183372,66,0.4643016705516706,70,0.4994366744366745,70,0.4806008806008806,75,0.5083673271173271,70,0.4542006604506605,71,0.4792346542346543,77,0.5318181818181817,61,0.5467803030303031,61,0.4926136363636364,64,0.5560606060606061,58,0.5483941983941983,60,0.5592123154623154,60,0.5050456487956488,62,0.580924630924631,50,0.5152421652421653,67,0.5343482905982906,65,0.480181623931624,66,0.5311965811965812,61,0.5368686868686868,57,0.5505681818181818,58,0.4964015151515152,64,0.5636363636363637,51,0.5517612017612017,55,0.561737567987568,57,0.5075709013209013,62,0.585975135975136,45,0.521976171976172,62,0.5393987956487957,62,0.48523212898212903,66,0.5412975912975914,53,0.5186739186739187,63.333333333333336,45,77,32,0.0,0.0,0.0,intermediate_or_scenario_sensitive
1504208,Marabá,0.14612030707536325,141,0.10959023030652246,141,0.11302272945531373,141,0.21574796146425362,140,0.13511279606785226,141,0.10133459705088921,141,0.10476709619968048,142,0.19923669495298713,140,0.15712781808287424,140,0.1178458635621557,141,0.12127836271094698,141,0.23225922797552012,139,0.1663870773421335,140,0.12479030800660015,140,0.12822280715539142,141,0.24614811686440902,138,0.15745156840662455,141,0.11808867630496844,141,0.12152117545375972,141,0.2327448534611456,139,0.17532258627764247,139,0.13149193970823186,140,0.13492443885702315,139,0.25955138026767244,137,0.1492930602481164,140,0.11196979518608732,140,0.1154022943348786,141,0.22050709122338336,138,0.13744379839885454,142,0.10308284879914092,142,0.1065153479479322,143,0.20273319844949056,141,0.16114232209737828,141,0.12085674157303372,141,0.124289240721825,141,0.23828098399727615,138,0.12268078363583981,142,0.09201058772687987,142,0.09544308687567114,143,0.18058867630496844,141,0.11044302139807759,142,0.0828322660485582,142,0.08626476519734948,143,0.1622320329483251,142,0.13491854587360202,141,0.10118890940520153,141,0.10462140855399281,143,0.19894531966161177,138,0.14612030707536328,140.66666666666666,137,143,6,0.0,0.0,1.0,robust_lower_relative_priority
1504307,Maracanã,0.4845035435944527,75,0.5112943243625061,70,0.452478897365261,77,0.4897374090555909,73,0.5081157338733097,67,0.5290034670716489,66,0.47018804007440373,70,0.5251556944738764,63,0.4608913533155958,80,0.4935851816533635,74,0.43476975465611833,81,0.45431912363730553,87,0.4554955145864237,86,0.4895383026064844,80,0.4307228756092392,81,0.44622536554354736,91,0.47310753219844126,79,0.5027473158154976,73,0.4439318888182524,75,0.4726433919615738,84,0.4378834969744061,87,0.4763292893974712,83,0.41751386240022603,87,0.419807339125521,102,0.5023098114007205,72,0.524649025217207,69,0.46583359821996184,71,0.5164468107649927,68,0.527821336912246,64,0.5437826693508512,64,0.484967242353606,69,0.5547140990322809,61,0.476798285889195,76,0.5055153810835629,73,0.4466999540863177,77,0.47817952249770435,78,0.4957053047962139,72,0.519695645263827,67,0.4608802182665819,75,0.5065400508582327,67,0.5234183325092416,63,0.5404804160485979,63,0.4816649890513527,72,0.5481095924277744,57,0.4679922770831862,79,0.4989108744790563,72,0.4400954474818111,79,0.46497050928869116,84,0.48450354359445275,74.64583333333333,57,102,45,0.0,0.0,0.0,intermediate_or_scenario_sensitive
1504406,Marapanim,0.5073868051140779,68,0.5284567705022251,65,0.4569863848272939,74,0.5367172600127146,59,0.51955981728709,62,0.5375865296319842,62,0.46611614395705303,73,0.5549767782722328,54,0.49521379294106566,71,0.519327011372466,68,0.44785662569753476,77,0.5184577417531964,64,0.47718089990817264,76,0.5058023415977961,70,0.434331955922865,78,0.4914084022038568,73,0.4846595323868051,73,0.5114113159567705,67,0.43994093028183934,77,0.5026263509218054,67,0.46970226742954013,76,0.5001933672388218,71,0.42872298156389066,82,0.48019045348590805,76,0.5150596877869604,67,0.534211432506887,65,0.4627410468319559,73,0.5482265840220386,60,0.5320565797838526,61,0.5469591015045561,61,0.47548871582962493,71,0.5737219220173766,52,0.4980627957900685,71,0.5214637635092181,67,0.4499933778342869,74,0.5227312460267006,64,0.5299198276471004,59,0.545356537401992,59,0.47388615172706083,71,0.5705167938122484,50,0.5419633396906124,58,0.554389171434626,59,0.4829187857596948,70,0.5885820618775164,44,0.5178763156035884,64,0.5363239033693579,63,0.46485351769442673,72,0.5524515257469803,52,0.5073868051140777,66.45833333333333,44,82,38,0.0,0.0,0.0,intermediate_or_scenario_sensitive
1504422,Marituba,0.4275382025382025,94,0.4685703185703186,88,0.3831536519036519,101,0.43089063714063713,99,0.4470063886730553,90,0.4831714581714582,84,0.39775479150479154,97,0.4600929163429164,94,0.4080700164033497,95,0.453969178969179,88,0.36855251230251235,104,0.401688357938358,112,0.41643356643356644,95,0.4602418414918415,88,0.37482517482517486,105,0.414233682983683,108,0.4275382025382025,94,0.4685703185703186,88,0.3831536519036519,105,0.43089063714063713,102,0.40532893032893036,97,0.45191336441336444,88,0.3664966977466978,107,0.3975767288267289,110,0.4302253302253302,95,0.47058566433566434,87,0.3851689976689977,102,0.4349213286713287,102,0.4502007252007252,90,0.4855672105672106,84,0.40015054390054394,99,0.4648844211344212,91,0.41024993524993525,98,0.4556041181041181,88,0.37018745143745146,105,0.40495823620823623,108,0.43595571095571095,91,0.4748834498834499,83,0.38946678321678324,97,0.4435168997668998,96,0.4632802382802383,83,0.4953768453768454,77,0.40996017871017876,91,0.4845036907536908,83,0.4086311836311836,94,0.4543900543900544,89,0.3689733877233877,103,0.40253010878010875,107,0.42753820253820246,95.33333333333333,77,112,35,0.0,0.0,0.041666666666666664,intermediate_or_scenario_sensitive
1504455,Medicilândia,0.591561889289162,46,0.5915880836335381,53,0.5201176979586071,55,0.6629798862753409,17,0.5966555610495005,44,0.595408337453792,52,0.5239379517788608,55,0.6706203939158485,15,0.5864682175288236,45,0.5877678298132843,54,0.5162974441383532,53,0.6553393786348332,21,0.5837271314544041,45,0.5857120152574697,51,0.5142416295825387,56,0.6512277495232042,21,0.5871588848861576,46,0.5882858303312849,53,0.5168154446563538,54,0.6563753796708343,19,0.5802953780226507,45,0.5831382001836547,52,0.5116678145087236,56,0.646080119375574,22,0.5900402627675354,46,0.5904468637423183,53,0.5189764780673871,56,0.660697446492901,18,0.5977778955051682,44,0.5962500882955428,52,0.5247797026206117,54,0.6723038955993501,20,0.5823026300299028,46,0.5846436391890937,54,0.5131732535141627,56,0.649090997386452,23,0.6009182736455463,43,0.5986053719008264,53,0.5271349862258953,52,0.6770144628099173,15,0.6050299027571755,41,0.6016890937345483,52,0.5302187080596171,52,0.683181906477361,16,0.5968066445339173,40,0.5955216500671046,51,0.5240512643921734,49,0.6708470191424737,18,0.5915618892891621,42.375,15,56,41,0.0,0.25,0.0,scenario_sensitive_higher_priority
1504505,Melgaço,0.4769445621718349,77,0.41500008829554286,96,0.49665470262061173,61,0.5191788955993502,63,0.466001801229074,83,0.40679301758847214,96,0.488447631913541,66,0.5027647541852087,72,0.48788732311459587,74,0.4232071590026136,95,0.5048617733276825,60,0.5355930370134916,58,0.501063961291234,67,0.4330896376350922,91,0.514744251960161,55,0.5553579942784488,51,0.49397382920110194,71,0.42777203856749313,95,0.509426652892562,58,0.5447227961432507,57,0.5081540933813662,66,0.43840723670269127,90,0.5200618510277601,53,0.565993192413647,46,0.4711008688281416,84,0.41061731828777287,97,0.49227193261284174,65,0.5104133555838102,69,0.4654190506463234,85,0.4063559546514092,99,0.4880105689764781,66,0.5018906283110829,80,0.47678268700995974,77,0.41487868192413646,94,0.49653329624920534,62,0.5189360828565374,65,0.45866885639612914,85,0.40129330896376353,97,0.4829479232888324,67,0.4917653369357915,78,0.4386125238397966,90,0.3862510595465141,99,0.467905673871583,75,0.4616808381012927,89,0.4787251889524617,75,0.41633555838101294,96,0.4979901727060818,63,0.5218498357702903,59,0.47694456217183495,75.35416666666667,46,99,53,0.0,0.0,0.0,intermediate_or_scenario_sensitive
1504604,Mocajuba,0.47514127286854557,79,0.5042726213180758,72,0.4328022356431447,83,0.4883489616444162,76,0.49374612480673086,74,0.5182262602717148,70,0.4467558745967837,79,0.5162562395516941,67,0.45653642093036034,83,0.49031898236443694,77,0.4188485966895058,88,0.46044168373713834,85,0.4693137670410398,77,0.49990199194744644,71,0.4284316062725153,83,0.47960770290315746,81,0.48219902992630265,76,0.5095659391113936,70,0.4380955534364625,81,0.4989355972310518,72,0.45642850415577685,83,0.4902380447834993,77,0.41876765910856817,86,0.4602798085752631,87,0.4777636504909232,80,0.506239404534859,78,0.4347690188599279,86,0.4922825280779826,79,0.49469579242306516,76,0.5189385109839655,73,0.44746812530903435,82,0.5176807409761955,71,0.4608315085587813,85,0.4935402980857526,81,0.4220699124108215,90,0.46688431517976975,87,0.47834640107367377,79,0.506676467471922,73,0.43520608179699083,83,0.4931566539521085,77,0.5043435520708248,69,0.5261743307197853,66,0.4547039450448541,77,0.532152380447835,58,0.45234925007652277,86,0.48717860422405873,79,0.4157082185491276,89,0.454160927456382,89,0.4751412728685456,78.54166666666667,58,90,32,0.0,0.0,0.0,intermediate_or_scenario_sensitive
1504703,Moju,0.46919923085653426,81,0.4998160898090674,74,0.4539008276367827,75,0.4538807751237527,95,0.4590118873358574,86,0.4921755821685597,82,0.446260319996275,80,0.4385997598427374,101,0.4793865743772111,76,0.507456597449575,71,0.46154133527729035,70,0.469161790404768,82,0.48473924639654975,74,0.511471101464079,69,0.46555583929179434,69,0.477190798433776,83,0.47768148933879273,77,0.5061777836707613,71,0.4602625214984766,71,0.4666041628471404,86,0.4917970034543068,72,0.5167644192573968,67,0.4708491570851121,67,0.48777743402041157,73,0.4631774748347782,85,0.4952997727927504,81,0.4493845106204657,79,0.44484814109111864,96,0.4554722171295205,86,0.4895208295138071,82,0.4436055673415224,86,0.4332902545332321,103,0.4708827325400359,79,0.5010787160716936,76,0.45516345389940893,72,0.4564060276490052,90,0.4596809713382747,84,0.49267739517037273,78,0.44676213299808804,79,0.4396033858463634,98,0.4438819555392589,88,0.4808281333211109,82,0.4349128711488262,83,0.4159048621478397,105,0.4754799871372905,77,0.5045266570196346,71,0.4586113948473499,75,0.4633019095448871,85,0.46919923085653426,80.66666666666667,67,105,38,0.0,0.0,0.0,intermediate_or_scenario_sensitive
1504752,Mojuí dos Campos,0.7579318829318828,5,0.8184489121989122,5,0.7246989121989122,8,0.7306478243978244,5,0.7715725632392298,5,0.8286794224294225,5,0.7349294224294225,7,0.7511088448588449,3,0.7442912026245359,5,0.808218401968402,5,0.714468401968402,9,0.710186803936804,8,0.7193084693084693,12,0.7894813519813519,10,0.6957313519813519,9,0.672712703962704,16,0.733132608132608,7,0.7998494560994561,6,0.7060994560994561,9,0.6934489121989122,10,0.7054843304843305,15,0.7791132478632479,13,0.6853632478632479,13,0.6519764957264957,21,0.7722416472416472,6,0.8291812354312355,5,0.7354312354312355,9,0.7521124708624709,4,0.7874579124579124,6,0.8405934343434344,5,0.7468434343434344,6,0.7749368686868687,4,0.757025382025382,5,0.8177690365190365,5,0.7240190365190365,9,0.7292880730380731,6,0.7822455322455322,5,0.8366841491841492,5,0.7429341491841492,7,0.7671182983682984,2,0.7941271691271691,3,0.8455953768453768,3,0.7518453768453768,6,0.7849407536907537,3,0.7703638953638954,5,0.8277729215229215,5,0.7340229215229215,7,0.7492958430458431,3,0.7579318829318828,6.979166666666667,2,21,19,0.875,1.0,0.0,robust_higher_capacity_strengthening_priority
1504802,Monte Alegre,0.6345624072896799,31,0.72592180546726,27,0.5523680864589955,43,0.6253973299427845,29,0.6068925462864856,42,0.7051694097148643,32,0.5316156907065999,51,0.583892538437993,45,0.6622322682928743,22,0.7466742012196559,21,0.5731204822113913,41,0.6669021214475761,18,0.6514621741894469,24,0.7385966306420853,23,0.5650429116338207,42,0.6507469802924349,22,0.6282816510089237,33,0.7212112382566929,29,0.5476575192484283,44,0.6159761955216501,31,0.6746426973699701,19,0.7559820230274776,17,0.5824283040192131,38,0.6855177650632196,12,0.6296090273363,33,0.722206770502225,29,0.5486530514939606,48,0.6179672600127146,36,0.6031586258858985,43,0.702368969414424,32,0.5288152504061595,53,0.5782916578371124,51,0.6560594287867014,25,0.7420445715900261,24,0.5684908525817617,43,0.6576428621883168,18,0.622616020343293,33,0.7169620152574698,26,0.5434082962492053,43,0.6074777495232041,39,0.5892373619646346,48,0.691928021473476,33,0.5183743024652115,58,0.5574097619552165,54,0.6559946787219514,23,0.7419960090414637,22,0.5684422900331991,40,0.6575457370911917,20,0.6345624072896802,33.541666666666664,12,58,46,0.0,0.6041666666666666,0.0,scenario_sensitive_higher_priority
1504901,Muaná,0.7091279932189023,13,0.7818459949141767,11,0.6209472345835982,27,0.724590750158932,6,0.7089769097344856,12,0.7817326823008641,11,0.6208339219702856,29,0.7243641249323068,6,0.7092790767033191,14,0.7819593075274893,12,0.6210605471969108,25,0.7248173753855572,6,0.7231140072049163,11,0.7923355054036872,9,0.6314367450731088,23,0.745569771137953,3,0.7240205081114173,10,0.793015381083563,9,0.6321166207529845,23,0.7469295224977044,2,0.7222075062984155,10,0.7916556297238115,9,0.630756869393233,22,0.7442100197782017,6,0.681301652892562,20,0.7609762396694215,19,0.600077479338843,34,0.6828512396694215,12,0.6783069623978715,23,0.7587302217984037,21,0.5978314614678251,36,0.6783592039273858,18,0.6842963433872524,17,0.7632222575404394,16,0.6023234972098608,32,0.6873432754114572,13,0.7229683195592287,11,0.7922262396694215,10,0.631327479338843,27,0.7453512396694215,4,0.7246032586941678,12,0.7934524440206259,11,0.6325536836900474,27,0.7478036483718302,6,0.7213333804242895,13,0.7910000353182172,11,0.6301012749876387,24,0.7428988309670128,4,0.7091279932189024,15.208333333333334,2,36,34,0.3125,1.0,0.0,robust_higher_capacity_strengthening_priority
1504950,Nova Esperança do Piriá,0.5145643497916226,65,0.44321492901038356,91,0.5248695433354524,53,0.5756085770290316,45,0.5190968543241271,63,0.446614307409762,92,0.5282689217348309,53,0.5824073338277884,46,0.510031845259118,66,0.4398155506110052,91,0.521470164936074,52,0.5688098202302748,45,0.49883008405735685,70,0.4314142297096843,93,0.5130688440347532,57,0.552007178427633,53,0.49747033269760543,68,0.43039441618987073,93,0.5120490305149397,57,0.5499675513880059,55,0.5001898354171082,69,0.4324340432294978,93,0.5140886575545667,54,0.55404680546726,49,0.5122333474606202,68,0.44146667726213185,93,0.5231212915872007,54,0.5721120735325281,50,0.5231113583386311,66,0.44962518542064,91,0.5312797997457088,52,0.5884290898495445,49,0.5013553365826093,70,0.4333081691036237,92,0.5149627834286925,55,0.5557950572155118,55,0.5326296178568906,58,0.45676388005933466,90,0.5384184943844035,45,0.6027064791269338,40,0.5367088719361447,59,0.4598233206187752,88,0.5414779349438441,44,0.6088253602458148,39,0.5285503637776365,61,0.45370443949989403,91,0.535359053824963,48,0.5965875980080526,37,0.5145643497916225,63.916666666666664,37,93,56,0.0,0.0,0.0,intermediate_or_scenario_sensitive
1504976,Nova Ipixuna,0.3923779881262006,102,0.3213668244279838,113,0.422886135258454,89,0.43288100469216406,98,0.4106375063857189,99,0.3350614631226225,110,0.4365807739530927,86,0.4602702820814415,93,0.37411846986668235,109,0.3076721857333451,117,0.40919149656381526,92,0.4054917273028867,108,0.385805856554069,104,0.31643772574888507,113,0.4179570365793553,90,0.4230228073339667,100,0.3998889956372081,100,0.3270000800612394,110,0.4285193908917096,84,0.4441475159586753,95,0.37172271747092994,108,0.30587537143653076,115,0.407394682267001,92,0.4018980987092581,106,0.3816294773776899,108,0.31330544136660077,115,0.41482475219707093,94,0.416758238569398,111,0.4020257477739603,104,0.3286026441638036,112,0.43012195499427375,89,0.4473526441638036,97,0.3612332069814195,111,0.29800823856939795,119,0.3995275493998681,95,0.38616383297499235,117,0.4096986304468429,97,0.3343573061684655,111,0.4358766169989357,82,0.4588619681731275,90,0.4299977757459882,92,0.3495816651428245,110,0.4511009759732947,79,0.4893106861218455,80,0.3893994851476976,102,0.31913294719410656,115,0.42065225802457673,85,0.4284132502244096,98,0.3923779881262006,100.95833333333333,79,119,40,0.0,0.0,0.3333333333333333,intermediate_or_scenario_sensitive
1505007,Nova Timboteua,0.5967483694756421,45,0.6975612771067317,32,0.5240075580984672,54,0.5686762732217279,49,0.618288557682497,40,0.7137164182618728,29,0.5401626992536084,48,0.6009865555320101,43,0.5752081812687873,49,0.6814061359515905,33,0.5078524169433261,58,0.5363659909114455,56,0.5613300840573567,52,0.6709975630430176,35,0.4974438440347531,61,0.5155488450942997,62,0.5768053495326222,49,0.6826040121494668,35,0.5090502931412022,59,0.5387617433071978,59,0.5458548185820913,55,0.6593911139365685,36,0.485837394928304,62,0.4923359468814015,72,0.61455463728191,37,0.7109159779614325,31,0.537362258953168,50,0.5953856749311295,42,0.6390949118221845,32,0.7293211838666385,28,0.5557674648583739,48,0.6321960867415413,33,0.5900143627416354,43,0.6925107720562267,33,0.5189570530479621,53,0.5585752631207177,53,0.6143603870876597,38,0.7107702903157449,28,0.5372165713074804,47,0.5950942996397542,45,0.6389654116926844,31,0.7292240587695134,24,0.5556703397612488,42,0.6320018365472911,33,0.5897553624826352,45,0.6923165218619765,32,0.5187628028537119,55,0.5581867627322173,50,0.5967483694756422,44.291666666666664,24,72,48,0.0,0.3333333333333333,0.0,scenario_sensitive_higher_priority
1505031,Novo Progresso,0.6456228956228955,28,0.7342171717171717,26,0.5467171717171717,46,0.6559343434343434,20,0.6343132176465509,31,0.7257349132349132,26,0.5382349132349132,49,0.6389698264698265,32,0.6569325735992402,25,0.7426994301994302,24,0.5551994301994302,45,0.6728988603988604,16,0.6513209013209013,25,0.738490675990676,24,0.550990675990676,45,0.6644813519813519,20,0.6428386428386428,32,0.7321289821289821,28,0.5446289821289821,47,0.6517579642579643,22,0.6598031598031597,21,0.7448523698523699,19,0.5573523698523699,44,0.6772047397047397,14,0.6712315462315462,23,0.7534236596736597,22,0.5659236596736597,42,0.6943473193473194,8,0.6629111629111629,27,0.7471833721833723,25,0.5596833721833723,46,0.6818667443667444,15,0.6795519295519294,19,0.7596639471639471,18,0.5721639471639471,41,0.7068278943278943,9,0.6143162393162394,39,0.7107371794871795,29,0.5232371794871795,55,0.608974358974359,37,0.5971898471898471,45,0.6978923853923854,31,0.5103923853923854,60,0.5832847707847708,48,0.6314426314426314,29,0.7235819735819736,26,0.5360819735819736,47,0.6346639471639473,25,0.6456228956228957,30.729166666666668,8,60,52,0.041666666666666664,0.6666666666666666,0.0,scenario_sensitive_higher_priority
1505064,Novo Repartimento,0.5142644392644392,66,0.5877816627816628,55,0.44819832944832944,78,0.5068133255633256,69,0.5027389277389277,69,0.5791375291375291,55,0.4395541958041958,81,0.48952505827505827,79,0.5257899507899508,62,0.5964257964257964,50,0.4568424630924631,73,0.5241015928515929,61,0.5114801864801864,64,0.5856934731934732,52,0.44611013986013986,75,0.5026369463869464,68,0.5035159285159285,65,0.5797202797202797,54,0.4401369463869464,76,0.49069055944055945,74,0.5194444444444444,61,0.5916666666666667,48,0.45208333333333334,72,0.5145833333333334,63,0.5294483294483294,62,0.5991695804195805,52,0.45958624708624707,74,0.5295891608391607,63,0.5208041958041958,68,0.5926864801864802,53,0.4531031468531469,80,0.5166229603729604,73,0.5380924630924631,61,0.6056526806526807,46,0.46606934731934735,70,0.5425553613053613,57,0.5018648018648018,69,0.5784819347319348,56,0.4388986013986014,80,0.48821386946386947,81,0.48389665889665884,77,0.5650058275058275,56,0.42542249417249417,87,0.461261655011655,90,0.5198329448329448,63,0.5919580419580419,52,0.45237470862470863,77,0.5151660839160839,64,0.5142644392644392,66.27083333333333,46,90,44,0.0,0.0,0.0,intermediate_or_scenario_sensitive
1505106,Óbidos,0.7128982128982129,11,0.7846736596736597,9,0.6596736596736597,19,0.6943473193473193,9,0.6853578520245187,19,0.764018389018389,18,0.639018389018389,23,0.6530367780367781,24,0.740438573771907,7,0.8053289303289304,6,0.6803289303289304,13,0.7356578606578607,4,0.7351398601398601,7,0.8013548951048951,6,0.6763548951048951,13,0.7277097902097902,7,0.7126392126392126,14,0.7844794094794094,12,0.6594794094794094,17,0.693958818958819,8,0.7576405076405076,4,0.8182303807303808,4,0.6932303807303808,10,0.7614607614607615,2,0.7124125874125874,11,0.7843094405594406,10,0.6593094405594406,19,0.6936188811188811,9,0.6834369334369335,19,0.7625777000777001,18,0.6375777000777001,29,0.6501554001554002,29,0.7413882413882413,7,0.806041181041181,6,0.681041181041181,13,0.7370823620823621,4,0.6911421911421911,17,0.7683566433566433,16,0.6433566433566433,21,0.6617132867132868,18,0.65999740999741,24,0.7449980574980575,22,0.6199980574980575,30,0.614996114996115,38,0.7222869722869723,12,0.7917152292152292,10,0.6667152292152292,17,0.7084304584304585,9,0.7128982128982128,14.041666666666666,2,38,36,0.4166666666666667,0.9791666666666666,0.0,robust_higher_capacity_strengthening_priority
1505205,Oeiras do Pará,0.5111423088695816,67,0.5312733983188529,64,0.4598030126439217,73,0.5423505156459703,56,0.5170561481167542,64,0.5357087777542323,63,0.4642383920793012,74,0.5512212745167291,57,0.505228469622409,68,0.5268380188834734,66,0.4553676332085423,74,0.5334797567752114,59,0.5009765487038214,68,0.5236490781945327,66,0.4521786925196016,73,0.52710187539733,59,0.5115308092580819,64,0.5315647736102281,63,0.460094387935297,72,0.5429332662287207,58,0.4904222881495609,73,0.5157333827788373,68,0.44426299710390615,76,0.5112704845659392,64,0.49505191777919044,74,0.5192056050010595,70,0.44773521932612836,80,0.5182149290103835,67,0.49644404417131693,75,0.5202496997951543,72,0.4487793141202232,81,0.5203031185985731,69,0.4936597913870641,72,0.5181615102069648,68,0.44669112453203363,78,0.516126739422194,66,0.5373984601257329,56,0.5509655117609663,57,0.4794951260860352,69,0.5817347425301971,46,0.5431935909208636,56,0.5553118598573143,58,0.48384147418238327,68,0.5904274387228934,43,0.5316033293306021,58,0.5466191636646182,59,0.475148777989687,69,0.5730420463375009,47,0.5111423088695818,65.5625,43,81,38,0.0,0.0,0.0,intermediate_or_scenario_sensitive
1505304,Oriximiná,0.5291428268700995,61,0.5447737868192413,61,0.4733034011443102,69,0.5693512926467472,48,0.49849446288840227,71,0.5217875138329684,68,0.45031712815803726,77,0.5233787466742013,64,0.559791190851797,52,0.5677600598055144,58,0.4962896741305832,62,0.6153238386192932,30,0.548567846295119,55,0.5593425513880059,61,0.4878721657130748,64,0.5984888217842763,35,0.5251930729203457,61,0.5418114713569259,62,0.47034108568199473,68,0.5634266617221163,49,0.5719426196698923,50,0.5768736314190859,58,0.5054032457441548,61,0.6335509818464364,26,0.525549198276471,64,0.5420785653740199,63,0.47060817969908875,69,0.5639608497563042,54,0.4938540415813143,78,0.5183071978526523,75,0.44683681217772125,84,0.5164181147135694,74,0.5572443549716277,54,0.5658499328953874,60,0.4943795472204563,63,0.6115035847990393,30,0.5133114360387088,64,0.5329002436956982,64,0.4614298580207671,74,0.5456042063996609,54,0.4764362741635469,80,0.5052438722893269,74,0.4337734866143957,84,0.49029146358691816,79,0.5501865979138707,54,0.5605566151020697,57,0.48908622942713853,65,0.6009169492124038,34,0.5291428268700995,60.875,26,84,58,0.0,0.10416666666666667,0.0,intermediate_or_scenario_sensitive
1505403,Ourém,0.6561509155354917,23,0.7421131866516187,22,0.6080608721377363,32,0.6182786878171199,34,0.6819214413060174,21,0.7614410809795131,20,0.6273887664656306,28,0.6569344764729086,21,0.6303803897649658,30,0.7227852923237243,26,0.588732977809842,34,0.5796228991613313,42,0.6318696412542173,30,0.7239022309406631,26,0.5898499164267805,37,0.5818567763952085,41,0.6511004104849866,24,0.73832530786374,23,0.6042729933498575,35,0.6107029302413624,35,0.6126388720234481,32,0.7094791540175861,28,0.5754268395037037,40,0.5530106225490546,50,0.6694570538416299,25,0.7520927903812225,23,0.61804047586734,30,0.6382378952763273,27,0.6981089574935335,15,0.7735817181201502,15,0.6395294036062678,27,0.6812157507541828,16,0.6408051501897263,29,0.7306038626422947,26,0.5965515481284123,33,0.5952600397984719,37,0.6671260515106275,20,0.7503445386329707,19,0.6162922241190882,29,0.6347413917798239,29,0.696554955939532,16,0.772416216954649,16,0.6383639024407666,25,0.6788847484231805,19,0.6376971470817232,26,0.7282728603112925,24,0.5942205457974099,34,0.5905980351364672,41,0.6561509155354917,27.8125,15,50,35,0.0,0.8541666666666666,0.0,robust_higher_capacity_strengthening_priority
1505437,Ourilândia do Norte,0.6550234277507004,25,0.7412675708130254,23,0.5677138518047609,40,0.6560888606343152,19,0.6493685887625281,27,0.7370264415718961,25,0.5634727225636317,40,0.6476066021520568,27,0.6606782667388728,24,0.7455087000541547,23,0.5719549810458902,42,0.6645711191165737,19,0.670595818323091,18,0.7529468637423183,16,0.5793931447340538,40,0.679447446492901,13,0.6657719384992111,19,0.7493289538744085,18,0.575775234866144,39,0.6722116267570813,16,0.6754196981469708,18,0.7565647736102281,16,0.5830110546019637,36,0.6866832662287208,11,0.6772003249275975,21,0.7579002436956983,20,0.5843465246874338,38,0.6893542063996609,10,0.6750311977584704,24,0.756273398318853,22,0.5827196793105884,38,0.6861005156459703,13,0.6793694520967247,21,0.7595270890725436,20,0.5859733700642791,35,0.6926078971533517,11,0.6172741400014127,35,0.7129556050010596,27,0.539401885992795,44,0.5994649290103835,44,0.6073026300299027,39,0.7054769725224271,27,0.5319232535141626,49,0.5845076640531186,46,0.6272456499729226,30,0.720434237479692,27,0.5468805184714276,43,0.6144221939676485,30,0.6550234277507007,27.25,10,49,39,0.020833333333333332,0.7291666666666666,0.0,scenario_sensitive_higher_priority
1505486,Pacajá,0.4484909828755589,90,0.4842849038233359,84,0.3898159226427868,99,0.47137212216055424,83,0.45323932095723035,88,0.4878461573845895,83,0.3933771762040404,99,0.4784946292830614,84,0.44374264479388753,89,0.48072365026208236,83,0.3862546690815333,99,0.4642496150380472,83,0.46147337085794693,82,0.4940216948101269,75,0.3995527136295778,96,0.4908457041341362,74,0.46649150087607694,81,0.49778529232372437,75,0.40331631114317534,97,0.4983728991613312,73,0.4564552408398169,82,0.49025809729652936,76,0.39578911611598033,96,0.4833185091069412,75,0.4717686311532072,83,0.5017431400315722,80,0.407274158851023,95,0.5062885945770267,72,0.4803480147325908,82,0.5081776777161098,80,0.41370869653556075,94,0.5191576699461021,70,0.4631892475738236,83,0.49530860234703444,79,0.40083962116648536,94,0.49341951920795135,72,0.4122309466155226,96,0.4570898766283087,89,0.3626208954477596,109,0.41698206777049984,105,0.4128784472630233,98,0.45757550211393416,90,0.36310652093338514,109,0.4179533187417508,102,0.41158344596802204,93,0.4566042511426832,88,0.3621352699621342,107,0.4160108167992489,102,0.44849098287555905,87.875,70,109,39,0.0,0.0,0.041666666666666664,intermediate_or_scenario_sensitive
1505494,Palestina do Pará,0.5835886251795341,49,0.5272748022179841,66,0.6815843752207388,11,0.5419066980998799,57,0.580351121942031,49,0.5248466747898566,67,0.6791562477926114,12,0.5370504432436252,58,0.5868261284170374,44,0.5297029296461114,64,0.6840125026488663,12,0.5467629529561348,54,0.5884772550681641,44,0.5309412746344564,64,0.6852508476372112,12,0.5492396429328248,55,0.5866318782227873,47,0.5295572420004238,64,0.6838668150031786,11,0.5464715776647595,56,0.590322631913541,42,0.532325307268489,65,0.6866348802712439,11,0.5520077082008901,51,0.5942076357985449,45,0.535239060182242,64,0.6895486331849967,11,0.5578352140283958,56,0.5951788867697958,45,0.5359674984106803,66,0.690277071413435,13,0.5592920904852723,58,0.5932363848272939,42,0.5345106219538038,64,0.6888201949565586,11,0.5563783375715194,54,0.5680809846718937,52,0.5156440718372537,69,0.6699536448400084,16,0.5186452373384192,62,0.5592426008335099,54,0.5090152839584658,73,0.6633248569612206,18,0.5053876615808435,74,0.5769193685102776,50,0.5222728597160415,66,0.6765824327187964,14,0.5319028130959949,55,0.5835886251795341,45.770833333333336,11,74,63,0.0,0.25,0.0,scenario_sensitive_higher_priority
1505502,Paragominas,0.20723018138748478,136,0.21271430270728026,131,0.16973464659560167,135,0.23924159485957242,137,0.20917268332998673,135,0.21417117916415673,131,0.17119152305247815,136,0.24215534777332537,136,0.20528767944498283,136,0.2112574262504038,132,0.16827777013872522,137,0.23632784194581952,138,0.20959355875086214,138,0.21448683572981328,132,0.1715071796181347,136,0.24278666090463846,139,0.21182743598473938,137,0.21616224365522121,130,0.17318258754354263,136,0.24613747675545433,137,0.2073596815169849,137,0.21281142780440535,132,0.16983177169272676,137,0.2394358450538226,140,0.23193233108963443,133,0.23124091498389251,130,0.18826125887221393,135,0.27629481941279693,136,0.2343604585177619,133,0.23306201055498812,130,0.19008235444330954,135,0.27993701055498815,134,0.22950420366150703,134,0.22941981941279696,131,0.18644016330111837,135,0.2726526282706058,136,0.1801646543219577,137,0.19241515740813495,133,0.14943550129645636,137,0.1986433042612818,138,0.18133015548745887,135,0.19328928328226083,132,0.15030962717058224,136,0.20039155600953357,138,0.17899915315645654,137,0.1915410315340091,133,0.1485613754223305,137,0.19689505251303008,139,0.20723018138748475,135.10416666666666,130,140,10,0.0,0.0,1.0,robust_lower_relative_priority
1505536,Parauapebas,0.30286911902080443,126,0.28444350593227,121,0.22917984403237218,130,0.3949840070977712,117,0.2896601058117912,128,0.2745367460255101,123,0.21927308412561225,130,0.37517048728425134,118,0.3160781322298176,125,0.2943502658390299,121,0.23908660393913206,130,0.41479752691129096,105,0.30840524955693494,126,0.2885956038343679,123,0.23333194193447004,130,0.40328820290196693,111,0.2962646124162978,127,0.27949012597889006,125,0.22422646407899216,131,0.3850772471910112,119,0.3205458866975721,125,0.29770108168984577,122,0.24243741978994793,129,0.4214991586129227,101,0.3200602612119466,124,0.29733686257562664,119,0.2420732006757288,130,0.42077072038448443,109,0.3135528797045651,123,0.2924563264450905,120,0.23719266454519267,130,0.4110096481234122,114,0.3265676427193281,121,0.30221739870616277,116,0.24695373680626492,130,0.4305317926455567,100,0.28014184629353167,128,0.26739805138681544,125,0.2121343894869176,130,0.36089309800686203,121,0.2591628253145107,129,0.2516637856525497,127,0.19640012375265187,130,0.3294245665383306,124,0.30112086727255266,124,0.28313231712108117,122,0.22786865522118332,129,0.3923616294753935,111,0.30286911902080443,122.47916666666667,100,131,31,0.0,0.0,0.9375,robust_lower_relative_priority
1505551,Pau DArco,0.7551199642108732,6,0.7684233064914884,15,0.7804412128275765,5,0.7164953733135552,7,0.7697103121345545,6,0.7793660674342493,13,0.7913839737703374,5,0.738380895199077,4,0.7405296162871919,6,0.7574805455487275,17,0.7694984518848156,6,0.6946098514280332,11,0.7286695627604718,9,0.7485855054036873,20,0.7606034117397754,6,0.6768197711379529,14,0.7371841962751053,6,0.7549714805396623,17,0.7669893868757505,6,0.6895917214099032,11,0.7201549292458382,11,0.7421995302677121,21,0.7542174366038003,6,0.6640478208660027,18,0.7730557321466411,5,0.7818751324433143,11,0.7938930387794024,5,0.743399025217207,5,0.7891137482046573,5,0.7939186444868264,10,0.8059365508229145,5,0.7674860493042311,5,0.7569977160886252,6,0.7698316203998022,14,0.7818495267358904,5,0.719312001130183,7,0.7636345977255068,6,0.7748092816274634,12,0.7868271879635516,5,0.7292673235855054,7,0.782832991923901,4,0.7892080772762591,13,0.8012259836123472,4,0.7580649148830967,4,0.7444362035271126,6,0.7604104859786678,16,0.7724283923147559,6,0.7004697322879141,12,0.7551199642108735,8.833333333333334,4,21,17,0.6458333333333334,1.0,0.0,robust_higher_capacity_strengthening_priority
1505601,Peixe-Boi,0.6557109557109557,24,0.6938665501165502,33,0.6480332167832168,21,0.6252331002331002,30,0.6751359751359751,22,0.7084353146853147,31,0.6626019813519815,19,0.6543706293706294,23,0.6362859362859363,28,0.6792977855477855,35,0.6334644522144524,22,0.5960955710955711,35,0.6368686868686868,29,0.6797348484848484,34,0.6339015151515153,22,0.5969696969696969,36,0.6463869463869464,28,0.6868735431235431,34,0.6410402097902099,21,0.6112470862470862,34,0.6273504273504273,30,0.6725961538461539,34,0.6267628205128206,24,0.5826923076923077,36,0.6697940947940948,24,0.7044289044289045,32,0.6585955710955711,20,0.6463578088578088,24,0.6926184926184926,17,0.7215472027972029,29,0.6757138694638696,17,0.6805944055944056,17,0.646969696969697,28,0.687310606060606,34,0.6414772727272728,21,0.6121212121212121,29,0.6604700854700855,23,0.6974358974358974,31,0.6516025641025642,19,0.6323717948717948,31,0.6864024864024865,18,0.7168851981351982,26,0.6710518648018649,17,0.6712703962703963,22,0.6345376845376844,28,0.6779865967365968,34,0.6321532634032635,22,0.5934731934731935,38,0.6557109557109558,26.791666666666668,17,38,21,0.0,0.9791666666666666,0.0,robust_higher_capacity_strengthening_priority
1505635,Piçarra,0.6376678792587884,29,0.6261675761107579,42,0.7221438157801794,9,0.5646922458854278,52,0.6376678792587883,29,0.6261675761107579,43,0.7221438157801794,9,0.5646922458854278,50,0.6376678792587884,27,0.6261675761107579,43,0.7221438157801794,8,0.5646922458854278,48,0.6455673871582962,27,0.6320922070353888,42,0.7280684467048103,8,0.5765415077346896,43,0.6436248852157943,31,0.6306353305785124,43,0.7266115702479339,8,0.5736277548209366,46,0.6475098891007982,24,0.6335490834922652,41,0.7295253231616867,8,0.5794552606484424,39,0.6568338984248074,27,0.6405420904852723,40,0.7365183301546938,8,0.5934412746344564,43,0.65935915095006,28,0.6424360298792117,40,0.7384122695486331,9,0.5972291534223353,45,0.654308645899555,27,0.6386481510913329,41,0.7346243907607544,8,0.5896533958465777,39,0.6106023521932613,40,0.6058684308116127,51,0.7018446704810342,10,0.5240939552871371,58,0.6100196016105107,38,0.6054313678745497,51,0.7014076075439711,11,0.5232198294130113,63,0.6111851027760119,36,0.6063054937486756,49,0.7022817334180971,10,0.524968081161263,57,0.6376678792587882,32.875,8,63,55,0.22916666666666666,0.4583333333333333,0.0,scenario_sensitive_higher_priority
1505650,Placas,0.5573091050363778,53,0.56589849544395,58,0.5569281097690189,42,0.5491007098961644,54,0.5591221068493796,54,0.5672582468037013,56,0.5582878611287703,41,0.5518202126156673,56,0.555496103223376,54,0.5645387440841987,60,0.5555683584092674,44,0.5463812071766618,55,0.560514233241506,53,0.5683023415977961,59,0.559331955922865,44,0.5539084022038567,52,0.563525111252384,52,0.5705605001059546,58,0.5615901144310236,42,0.5584247192201739,50,0.5575033552306279,54,0.5660441830896377,61,0.5570737974147064,45,0.5493920851875398,52,0.5838242565515293,47,0.5857848590803136,54,0.5768144734053825,39,0.5888734371688917,45,0.58955463728191,46,0.5900826446280991,54,0.581112258953168,39,0.5974690082644628,44,0.5780938758211486,47,0.581487073532528,55,0.5725166878575969,40,0.5802778660733207,44,0.5275888253160981,60,0.5436082856537402,61,0.5346378999788091,48,0.5045202903157449,68,0.5242865720138448,61,0.5411315956770502,62,0.532161210002119,48,0.4995669103623649,76,0.5308910786183514,59,0.5460849756304301,60,0.537114589955499,45,0.5094736702691248,66,0.5573091050363778,52.4375,39,76,37,0.0,0.0,0.0,intermediate_or_scenario_sensitive
1505700,Ponta de Pedras,0.31057191966282877,124,0.26001227308045494,127,0.3220301794165431,120,0.3496733064914883,125,0.3036652460894885,124,0.25483226790044977,127,0.31685017423653794,121,0.339313296131478,126,0.317478593236169,124,0.2651922782604601,127,0.32721018459654827,120,0.3600333168514987,121,0.34129582538673453,116,0.2830552023733842,125,0.3450731087094724,114,0.39575916507734693,113,0.33737844646935555,119,0.28011716818535004,124,0.3421350745214382,116,0.3898830967012785,114,0.3452132043041134,115,0.2859932365614184,124,0.34801114289750656,111,0.4016352334534153,108,0.3027371618280709,126,0.2541362047043865,127,0.3161541110404747,120,0.33792116973935155,127,0.29645640554731467,126,0.24942563749381932,128,0.31144354382990747,121,0.32850003531821714,129,0.3090179181088272,126,0.25884677191495375,127,0.3208646782510419,120,0.347342304160486,125,0.28768277177368085,126,0.24284541216359398,128,0.3048633184996822,123,0.31533958465776646,127,0.27716088625179536,125,0.23495399802217987,129,0.29697190435826804,124,0.2995567563749382,128,0.29820465729556644,126,0.25073682630500815,128,0.3127547326410963,122,0.3311224129405948,126,0.3105719196628289,122.89583333333333,108,129,21,0.0,0.0,0.9791666666666666,robust_lower_relative_priority
1505809,Portel,0.6007628734901462,42,0.7005721551176097,31,0.5270184361093452,51,0.5746980292434838,46,0.5895395289334683,47,0.6921546467001013,33,0.5186009276918369,57,0.557863012408467,52,0.6119862180468241,33,0.708989663535118,29,0.5354359445268536,49,0.5915330460785007,39,0.6307745285018012,31,0.723080896376351,27,0.5495271773680865,46,0.6197155117609664,28,0.6222598949871676,37,0.7166949212403758,31,0.5431412022321114,48,0.6069435614890161,36,0.6392891620164347,29,0.729466871512326,26,0.5559131525040616,46,0.6324874620329166,27,0.5943526170798897,44,0.6957644628099173,33,0.5222107438016529,55,0.5650826446280992,53,0.5835393562666289,50,0.6876545171999717,34,0.5141007981917073,56,0.548862753408208,63,0.6051658778931506,36,0.7038744084198629,31,0.5303206894115985,50,0.5813025358479904,43,0.5771614748887476,49,0.6828711061665608,34,0.5093173871582962,60,0.5392959313413859,55,0.5628193355466082,53,0.6721145016599562,36,0.49856078265169174,63,0.5177827223281769,68,0.5915036142308869,41,0.6936277106731652,31,0.5200739916649008,52,0.560809140354595,49,0.6007628734901462,42.916666666666664,26,68,42,0.0,0.3958333333333333,0.0,scenario_sensitive_higher_priority
1505908,Porto de Moz,0.3162616381462143,122,0.2944878952763274,119,0.2906439140957783,124,0.3636531050665372,119,0.30711029566153847,123,0.28762438841282056,120,0.2837804072322714,126,0.34992609133952346,124,0.3254129806308901,123,0.30135140213983425,120,0.2975074209592852,124,0.37738011879355093,119,0.3516151734997496,114,0.3210030467914789,111,0.31715906561092977,121,0.4166834080968402,104,0.3449459168304929,118,0.3160011042895364,118,0.31215712310898724,121,0.4066795230929552,111,0.3582844301690063,111,0.3260049892934214,109,0.3221610081128723,118,0.42668729310072523,97,0.3082002550848312,125,0.2884418579802901,121,0.28459787679974097,125,0.3515610304744626,124,0.2992323711169472,125,0.28171594500437713,122,0.277871963823828,127,0.33810920452263665,128,0.3171681390527152,125,0.29516777095620306,120,0.291323789775654,123,0.36501285642628856,121,0.28896948585406196,125,0.27401878105721317,124,0.27017479987666404,125,0.3227148766283087,125,0.27715259903717515,126,0.2651561159445481,123,0.26131213476399895,126,0.30498954640297854,127,0.30078637267094877,125,0.2828814461698783,123,0.27903746498932913,126,0.34044020685363896,125,0.31626163814621416,120.875,97,128,31,0.0,0.0,0.9583333333333334,robust_lower_relative_priority
1506005,Prainha,0.42787372560099834,93,0.4688219608674154,87,0.39735157519248426,97,0.4174476407430953,107,0.42606072378799653,96,0.46746220950766404,88,0.3959918238327329,98,0.4147281380235926,108,0.42968672741400016,93,0.47018171222716676,87,0.3987113265522356,97,0.42016714346259804,101,0.46066963339690614,83,0.4934188917143463,77,0.42194850603941514,88,0.466641502436957,84,0.45921275694002966,85,0.4923262343716889,79,0.42085584869675774,91,0.4644561877516423,88,0.46212650985378256,78,0.49451154905700356,72,0.4230411633820724,84,0.4688268171222717,83,0.4188087165359893,96,0.4620232040686586,88,0.39055281839372746,100,0.4038501271455817,115,0.41900296673023946,98,0.4621688917143463,88,0.39069850603941514,102,0.404141502436957,116,0.4186144663417391,94,0.461877516422971,87,0.39040713074803984,100,0.4035587518542065,109,0.4041428268700996,100,0.4510237868192414,92,0.37955340114431024,101,0.3818512926467472,114,0.3999664476937204,105,0.44789150243695697,94,0.37642111676202583,105,0.37558672388217845,115,0.40831920604647876,95,0.45415607120152574,90,0.3826856855265946,98,0.388115861411316,116,0.4278737256009983,95.04166666666667,72,116,44,0.0,0.0,0.125,intermediate_or_scenario_sensitive
1506104,Primavera,0.49667655576746483,71,0.5204240834922653,68,0.4616086564950201,72,0.507996927315109,68,0.5131230722139813,66,0.5327589708271526,65,0.47394354382990744,69,0.5326667019848839,61,0.48023003932094843,75,0.5080891961573779,70,0.4492737691601328,76,0.4833271526453345,75,0.4660821501730592,79,0.49747827929646105,73,0.43866285229921587,77,0.4621053189235007,87,0.47550328459419366,78,0.5045441301123119,72,0.44572870311506674,74,0.4762370205552024,82,0.45666101575192486,81,0.4904124284806103,75,0.4315970014833651,79,0.44797361729179913,91,0.5071660662569754,70,0.5282912163593982,67,0.469475789362153,70,0.5237311930493749,66,0.5287278378187469,62,0.5444625450307268,62,0.48564711803348165,67,0.5560738503920322,59,0.4856042946952038,74,0.5121198876880695,70,0.4533044606908243,73,0.49138853570671753,73,0.5167814508723599,62,0.5355027548209366,63,0.47668732782369144,70,0.5381542699724517,57,0.5351380942290034,60,0.5492702373384192,60,0.490454810341174,66,0.5656892350074169,53,0.4984248075157166,70,0.5217352723034541,67,0.4629198453062089,73,0.5106193049374868,65,0.496676555767465,70.0625,53,91,38,0.0,0.0,0.0,intermediate_or_scenario_sensitive
1506112,Quatipuru,0.7316433566433567,7,0.7987325174825175,6,0.7049825174825175,10,0.691215034965035,12,0.7440322023655357,7,0.8080241517741518,6,0.7142741517741518,10,0.7097983035483035,9,0.7192545109211776,11,0.7894408831908832,9,0.6956908831908832,10,0.6726317663817665,17,0.7162004662004662,13,0.7871503496503497,11,0.6934003496503497,10,0.6680506993006994,18,0.7252978502978502,8,0.7939733877233877,7,0.7002233877233877,10,0.6816967754467754,14,0.707103082103082,13,0.7803273115773116,11,0.6865773115773116,12,0.6544046231546232,20,0.7255244755244755,8,0.7941433566433567,7,0.7003933566433567,10,0.6820367132867133,13,0.7395428645428646,7,0.8046571484071484,6,0.7109071484071484,10,0.7030642968142968,10,0.7115060865060865,12,0.7836295648795649,10,0.6898795648795649,10,0.6610091297591298,16,0.7532051282051282,7,0.8149038461538461,6,0.7211538461538461,8,0.7235576923076923,9,0.7672558922558922,7,0.8254419191919192,6,0.7316919191919192,8,0.7446338383838385,7,0.7391543641543641,7,0.8043657731157732,6,0.7106157731157732,9,0.7024815462315462,11,0.731643356643357,9.8125,6,20,14,0.6875,1.0,0.0,robust_higher_capacity_strengthening_priority
1506138,Redenção,0.33635394700256804,121,0.3095571269185927,118,0.33845914505707664,118,0.3610455690320349,120,0.3400662840482384,120,0.3123413797028455,117,0.3412433978413294,117,0.3666140746005404,120,0.3326416099568976,120,0.30677287413433996,118,0.3356748922728239,116,0.35547706346352925,122,0.33127106691968794,120,0.30574496685643265,119,0.3346469849949166,116,0.35342124890771476,123,0.3349294455780666,120,0.30848875085021665,119,0.3373907689887006,118,0.35890881689528276,121,0.3276126882613093,119,0.30300118286264865,117,0.3319032010011326,115,0.34793368092014676,124,0.3704124810611021,112,0.33510102746249326,111,0.3640030456009772,109,0.412133370119836,112,0.3775349881836092,113,0.3404429078043736,111,0.3693449259428575,108,0.4228171308035966,107,0.36328997393859497,109,0.32975914712061294,109,0.35866116525909686,108,0.4014496094360753,112,0.307378293026914,122,0.2878253864368522,120,0.3167274045753361,122,0.3175820880685538,126,0.3077344183830394,122,0.28809248045394625,120,0.3169944985924302,121,0.31811627610274196,125,0.3070221676707887,123,0.2875582924197582,120,0.31646031055824214,121,0.3170479000343659,128,0.3363539470025682,117.6875,107,128,21,0.0,0.0,0.9375,robust_lower_relative_priority
1506161,Rio Maria,0.24434374122831734,131,0.24054947258790468,129,0.21151609746796163,131,0.2809656536290857,135,0.24857407879198826,130,0.24372222576065788,129,0.21468885064071483,131,0.2873111599745921,133,0.24011340366464648,131,0.23737671941515154,129,0.20834334429520848,132,0.2746201472835794,134,0.2412033630879392,132,0.23819418898262107,129,0.209160813862678,133,0.2762550864185185,135,0.24253073941531553,132,0.23918972122815332,129,0.21015634610821027,133,0.278246150909583,135,0.23987598676056288,132,0.23719865673708884,129,0.2081652816171458,133,0.274264021927454,135,0.2788879007724768,129,0.26645759224602433,126,0.23742421712608128,131,0.332781892945325,129,0.2874672843518604,128,0.272892129930562,124,0.24385875481061897,129,0.3456509683144004,127,0.27030851719309335,130,0.26002305456148667,126,0.2309896794415436,131,0.3199128175762497,130,0.21293995982453592,132,0.21699663653506862,130,0.18796326141512557,131,0.23385998152341358,135,0.21572421260878877,132,0.21908482612325825,130,0.1900514510033152,131,0.23803636069979284,135,0.21015570704028316,133,0.21490844694687905,130,0.185875071826936,133,0.22968360234703444,135,0.24434374122831737,131.02083333333334,124,135,11,0.0,0.0,1.0,robust_lower_relative_priority
1506187,Rondon do Pará,0.4923647900920628,72,0.5171902592357138,69,0.44571987356078263,79,0.5141842374796921,66,0.48364511470572075,78,0.5106505026959572,72,0.4391801170210261,82,0.501104724400179,74,0.5010844654784049,70,0.5237300157754703,67,0.45225963010053916,75,0.5272637505592052,60,0.4903899131171858,72,0.5157091015045561,67,0.44423871582962493,76,0.5112219220173766,64,0.4823932801205528,75,0.5097116267570813,69,0.4382412410821501,79,0.4992269725224271,71,0.49838654611381883,71,0.5217065762520308,66,0.4502361905770996,74,0.5232168715123261,58,0.5103005580278308,69,0.5306420851875397,66,0.4591716995126086,75,0.541087889383344,62,0.5094588071860799,70,0.5300107720562266,68,0.45854038638129546,76,0.5398252631207177,65,0.5111423088695816,68,0.5312733983188529,66,0.4598030126439217,71,0.5423505156459703,58,0.47640389913117187,80,0.5052195910150455,74,0.4337492053401144,84,0.4902429010383556,79,0.4590832568105295,84,0.49222910927456376,78,0.4207587235996326,89,0.4642619375573921,88,0.49372454145181416,73,0.5182100727555272,69,0.44673968708059614,78,0.5162238645193191,63,0.49236479009206285,72.0625,58,89,31,0.0,0.0,0.0,intermediate_or_scenario_sensitive
1506195,Rurópolis,0.6236463830309591,33,0.7177347872732194,29,0.5836824727593369,38,0.5695218890603211,47,0.629258055309298,33,0.7219435414819736,27,0.5878912269680912,38,0.5779393974778295,48,0.6180347107526202,32,0.7135260330644652,28,0.5794737185505827,40,0.5611043806428128,49,0.6468269062114822,26,0.7351201796586118,25,0.6010678651447293,32,0.6042926738311059,33,0.651618411002987,23,0.7387138082522403,22,0.6046614937383579,33,0.6114799310183631,33,0.6420354014199775,26,0.7315265510649831,24,0.5974742365511008,29,0.5971054166438488,32,0.6320638914484675,32,0.7240479185863506,28,0.5899956040724682,37,0.5821481516865837,48,0.6406756500602261,31,0.7305067375451696,27,0.5964544230312872,37,0.5950657896042217,46,0.6234521328367089,32,0.7175890996275317,28,0.5835367851136493,38,0.5692305137689458,50,0.5920483514329274,46,0.6940362635746956,32,0.5599839490608132,39,0.5221248416632738,60,0.595480104864681,46,0.6966100786485108,32,0.5625577641346282,40,0.5272724718109039,61,0.588616598001174,46,0.6914624485008806,33,0.5574101339869981,41,0.5169772115156437,62,0.6236463830309592,36.5,22,62,40,0.0,0.5625,0.0,scenario_sensitive_higher_priority
1506203,Salinópolis,0.4617380094652822,84,0.4942201737656283,79,0.4852497880906972,66,0.4057440665395211,111,0.46286034392095,84,0.49506192460737913,79,0.486091538932448,67,0.4074275682230228,113,0.4606156750096144,81,0.49337842292387746,75,0.4844080372489463,66,0.40406056485601943,110,0.4570760048032775,85,0.4907236702691248,79,0.48175328459419364,65,0.3987510595465141,112,0.45500400273127545,89,0.48916966871512324,82,0.4801992830401921,65,0.395643056438511,113,0.45914800687527957,80,0.4922776718231263,73,0.4833072861481952,64,0.4018590626545172,107,0.4862135339408067,76,0.5125768171222717,73,0.5036064314473405,59,0.44245735325280783,97,0.49081078853806126,80,0.5160247580702126,77,0.5070543723952814,60,0.4493532351486897,96,0.48161627934355206,75,0.5091288761743307,72,0.5001584904993995,60,0.4355614713569259,97,0.44192448965176234,87,0.4793600339054884,80,0.4703896482305573,72,0.37602378681924137,117,0.4427662404935132,89,0.4799913470368016,83,0.47102096136187044,74,0.37728641308186767,112,0.4410827388100115,89,0.4787287207741753,82,0.46975833509924414,71,0.37476116055661507,118,0.46173800946528215,83.85416666666667,59,118,59,0.0,0.0,0.16666666666666666,intermediate_or_scenario_sensitive
1506302,Salvaterra,0.3456696922606013,117,0.3165439358621177,116,0.3483535088648725,113,0.3721116320548139,118,0.36379971039061954,115,0.3301414494596313,113,0.36195102246238614,109,0.3993066592498411,114,0.32753967413058327,122,0.3029464222646041,119,0.33475599526735894,117,0.3449166048597867,126,0.34010118669209577,117,0.3123675566857385,115,0.34417712968849334,115,0.3637588737020555,121,0.3571952037861129,114,0.32518806950625134,113,0.3569976425090062,109,0.38939989934308117,115,0.32300716959807874,122,0.2995470438652257,120,0.33135661686798057,116,0.33811784806102996,127,0.3378673094582185,118,0.3106921487603306,116,0.3425017217630854,114,0.36040805785123964,121,0.3507849473758564,118,0.32038037719855905,115,0.35218995020131383,113,0.3797845147276966,120,0.32494967154058063,122,0.30100392032210216,117,0.332813493324857,118,0.3410316009747828,126,0.3590405806314897,116,0.326572102140284,115,0.35838167514303876,111,0.39216796461114645,109,0.38341898000988905,110,0.34485590167408353,111,0.3766654746768383,104,0.42873556367874555,99,0.33466218125309033,120,0.30828830260648443,116,0.34009787560923926,116,0.35560036554354735,121,0.34566969226060135,116.02083333333333,99,127,28,0.0,0.0,0.9583333333333334,robust_lower_relative_priority
1506351,Santa Bárbara do Pará,0.5344782322055049,59,0.6029420074874621,50,0.5398049551458642,48,0.4606877339831885,93,0.5450109094048488,57,0.61084151538697,51,0.5477044630453721,44,0.4764867497822043,85,0.5239455550061611,64,0.5950424995879542,51,0.5319054472463564,50,0.44488871818417275,93,0.530560853288126,58,0.6000039732994279,49,0.5368669209578301,49,0.4548116656071201,88,0.5424424901697629,56,0.6089152009606555,47,0.5457781486190577,46,0.47263412092957546,85,0.5186792164064892,62,0.5910927456382002,50,0.5279556932966024,50,0.4369892102846648,92,0.5577558804831532,56,0.6204002436956982,45,0.5572631913541004,46,0.4956042063996609,77,0.5697670174942903,54,0.629408596454051,45,0.5662715441124532,42,0.5136209119163664,77,0.5457447434720162,57,0.6113918909373455,44,0.5482548385957478,47,0.47758750088295543,79,0.5151179628452356,63,0.5884218054672601,54,0.5252847531256621,54,0.43164732994278443,100,0.5228232205504932,64,0.5942007487462033,54,0.5310636964046055,50,0.443205216500671,97,0.5074127051399779,66,0.5826428621883168,55,0.5195058098467189,54,0.42008944338489795,101,0.5344782322055049,61.625,42,101,59,0.0,0.0,0.0,intermediate_or_scenario_sensitive
1506401,Santa Cruz do Arari,0.8859084434084433,1,0.9144313325563326,1,0.8504729992229992,2,0.8928209984459985,1,0.8946065354398687,1,0.9209549015799016,1,0.8569965682465682,1,0.9058681364931365,1,0.877210351377018,1,0.9079077635327635,1,0.8439494301994301,2,0.8797738603988604,1,0.8885955710955711,1,0.9164466783216783,1,0.8524883449883449,2,0.89685168997669,1,0.8959447034447034,1,0.9219585275835276,1,0.8580001942501942,1,0.9078753885003885,1,0.8812464387464387,1,0.910934829059829,1,0.8469764957264957,2,0.8858279914529914,1,0.8818453768453768,1,0.9113840326340327,1,0.8474256993006993,2,0.8867263986013987,1,0.8921244496244496,1,0.9190933372183372,1,0.8551350038850039,2,0.9021450077700077,1,0.871566304066304,1,0.903674728049728,1,0.8397163947163947,2,0.8713077894327894,1,0.8872843822843822,1,0.9154632867132867,1,0.8515049533799534,1,0.8948849067599067,1,0.8957504532504532,1,0.9218128399378399,1,0.8578545066045066,1,0.9075840132090132,1,0.8788183113183112,1,0.9091137334887335,1,0.8451554001554001,1,0.8821858003108003,1,0.8859084434084433,1.1458333333333333,1,2,1,1.0,1.0,0.0,robust_higher_capacity_strengthening_priority
1506500,Santa Izabel do Pará,0.3809181559181559,107,0.4336052836052836,93,0.34818861693861697,114,0.36096056721056724,121,0.3801843218509885,111,0.4330549080549081,93,0.3476382413882414,116,0.3598598161098161,123,0.38165198998532335,107,0.4341556591556592,92,0.34873899248899254,113,0.3620613183113184,120,0.37855477855477854,108,0.4318327505827506,92,0.3464160839160839,112,0.35741550116550114,122,0.37645040145040143,110,0.43025446775446774,94,0.34483780108780115,114,0.3542589355089355,122,0.38065915565915565,106,0.43341103341103343,92,0.3479943667443668,112,0.3605720668220669,119,0.39788267288267287,103,0.4463286713286713,90,0.3609120046620047,110,0.38640734265734267,119,0.4018324268324268,105,0.4492909867909868,93,0.36387432012432014,111,0.3923319735819736,119,0.39393291893291893,103,0.44336635586635587,89,0.3579496891996892,109,0.38048271173271175,119,0.3663170163170163,112,0.4226544289044289,95,0.33723776223776225,115,0.3390588578088578,122,0.36227013727013724,113,0.41961926961926965,95,0.33420260295260296,115,0.3329885392385392,122,0.37036389536389536,112,0.42568958818958824,95,0.34027292152292155,115,0.3451291763791764,123,0.38091815591815587,108.6875,89,123,34,0.0,0.0,0.6041666666666666,intermediate_or_scenario_sensitive
1506559,Santa Luzia do Pará,0.39170375079465986,103,0.3833611464293283,100,0.38287905276541645,102,0.408871053189235,110,0.39416425325516236,103,0.3852065232747051,100,0.3847244296107933,101,0.4125618068799887,110,0.38924324833415735,103,0.3815157695839514,101,0.38103367592003956,101,0.4051802994984813,109,0.4002507593416684,99,0.38977140283958467,98,0.38928930917567284,100,0.42169156600974783,101,0.39889100798191707,102,0.38875158931977116,99,0.38826949565585933,101,0.4196519389701208,107,0.40161051070141973,98,0.3907912163593982,98,0.39030912269548634,98,0.42373119304937484,100,0.4136540227449318,98,0.3998238503920322,99,0.3993417567281204,97,0.44179646111464294,98,0.42317228226319137,96,0.4069625450307269,98,0.40648045136681504,96,0.45607385039203224,94,0.4041357632266723,101,0.39268515575333757,102,0.39220306208942574,98,0.42751907183725363,102,0.36120647029737935,115,0.3604881860563679,104,0.36000609239245607,110,0.36312513244331424,120,0.3604294695203786,114,0.3599054354736173,107,0.3594233418097055,112,0.3619596312778131,116,0.3619834710743801,115,0.3610709366391185,103,0.36058884297520666,109,0.3642906336088154,120,0.39170375079465997,103.5,94,120,26,0.0,0.0,0.25,intermediate_or_scenario_sensitive
1506583,Santa Maria das Barreiras,0.7117444844717572,12,0.783808363353818,10,0.7352546443455534,7,0.6161704457159003,36,0.7084638145244206,13,0.7813478608933155,12,0.732794141885051,8,0.6112494407948954,38,0.7150251544190939,12,0.7862688658143204,10,0.737715146806056,7,0.6210914506369052,27,0.7245002472275199,10,0.79337518542064,8,0.7448214664123756,7,0.6353040898495443,25,0.7243707470980199,9,0.7932780603235149,8,0.7447243413152504,7,0.6351098396552942,27,0.7246297473570201,9,0.7934723105177651,8,0.7449185915095007,7,0.6354983400437946,25,0.7244031221303949,9,0.7933023415977962,8,0.7447486225895317,7,0.6351584022038568,28,0.7178309905582633,11,0.7883732429186975,11,0.739819523910433,8,0.6253002048456594,35,0.7309752537025265,8,0.7982314402768949,7,0.7496777212686304,7,0.6450165995620541,25,0.6863300840573568,18,0.7647475630430176,17,0.7161938440347532,9,0.5780488450942997,49,0.6831897059169787,19,0.762392279437734,18,0.7138385604294696,9,0.5733382778837325,49,0.689470462197735,15,0.7671028466483012,13,0.7185491276400368,8,0.5827594123048669,43,0.711744484471757,16.104166666666668,7,49,42,0.5,0.9166666666666666,0.0,robust_higher_capacity_strengthening_priority
1506609,Santa Maria do Pará,0.5478814956087683,56,0.6129944550399096,45,0.4873574026983118,64,0.5432926290880836,55,0.5633783444389504,52,0.6246170916625462,44,0.4989800393209484,62,0.5665379023333569,49,0.5323846467785861,60,0.6013718184172729,47,0.47573476607567516,67,0.5200473558428104,63,0.5098732076004803,65,0.5844882390336936,53,0.4588511866920958,71,0.48628019707565157,77,0.51965046737774,62,0.5918211838666385,52,0.4661841315250406,69,0.5009460867415413,69,0.5000959478232205,70,0.5771552942007487,57,0.45151824185915096,73,0.47161430740976196,81,0.5606696333969061,55,0.6225855583810129,44,0.4969485060394151,61,0.5624748357702902,55,0.5810982788255514,51,0.6379070424524971,43,0.5122699901108991,57,0.5931178039132584,48,0.5402409879682606,60,0.6072640743095289,45,0.48162702196793106,65,0.5318318676273222,60,0.5731016458289184,51,0.6319095677050223,43,0.5062725153634244,62,0.5811228544183089,47,0.5893862871135598,47,0.6441230486685032,40,0.5184859963269054,57,0.6055498163452708,40,0.5568170045442773,53,0.6196960867415413,43,0.4940590343999435,64,0.556695892491347,51,0.5478814956087682,56.354166666666664,40,81,41,0.0,0.0,0.0,intermediate_or_scenario_sensitive
1506708,Santana do Araguaia,0.4858776702622463,74,0.5664915860300181,57,0.4178559381828023,92,0.4732854865739186,82,0.4836761680607442,77,0.5648404593788915,58,0.4162048115316757,93,0.4699832332716654,88,0.4880791724637486,73,0.5681427126811448,57,0.419507064833929,87,0.47658773987617203,79,0.4994104337950099,69,0.5766411586795908,56,0.428005510832375,84,0.49358463187306395,71,0.49727368165825775,69,0.5750385945770267,56,0.4264029467298109,86,0.49037950366793576,77,0.501547185931762,68,0.5782437227821549,55,0.4296080749349391,81,0.49678976007819214,70,0.5022270616116377,73,0.5787536295420617,57,0.43011798169484583,89,0.49780957359800565,76,0.501547185931762,74,0.5782437227821549,56,0.4296080749349391,90,0.49678976007819214,82,0.5029069372915134,69,0.5792635363019684,56,0.43062788845475264,86,0.4988293871178192,70,0.4559955153800915,86,0.544079969868402,60,0.3954443220211862,96,0.42846225425068635,101,0.4522076365922127,86,0.5412390607774928,61,0.3926034129302771,96,0.42278043606886817,101,0.45978339416797026,84,0.5469208789593111,58,0.39828523111209524,95,0.4341440724325045,96,0.4858776702622465,76.1875,55,101,46,0.0,0.0,0.0,intermediate_or_scenario_sensitive
1506807,Santarém,0.27112539977708516,130,0.2033440498328139,133,0.266925084902613,127,0.3431070645958287,126,0.2469952089802277,131,0.1852464067351708,134,0.2488274418049699,128,0.30691177840054246,130,0.2952555905739427,128,0.221441692930457,130,0.28502272800025613,126,0.3793023507911149,118,0.288931667583353,129,0.21669875068751476,131,0.2802797857573139,126,0.3698164663052304,120,0.2686001472518327,129,0.2014501104388745,133,0.2650311455086736,127,0.3393191858079499,124,0.3092631879148733,126,0.231947390936155,130,0.2955284260059541,125,0.40031374680251086,109,0.26290214155382696,131,0.19717660616537022,133,0.2607576412351693,128,0.3307721772609413,130,0.24127561992730528,132,0.180956714945479,136,0.2445377500152781,128,0.29833239482115886,132,0.2845286631803486,128,0.21339649738526145,132,0.27697753245506057,126,0.3632119597007238,122,0.26154239019407555,130,0.1961567926455567,132,0.2597378277153558,127,0.32873255022131426,124,0.23110985976154513,131,0.17333239482115886,134,0.23691342989095798,127,0.2830837545725186,129,0.291974920626606,127,0.21898119046995454,129,0.28256222553975363,125,0.37438134587010996,119,0.2711253997770851,127.95833333333333,109,136,27,0.0,0.0,1.0,robust_lower_relative_priority
1506906,Santarém Novo,0.6792134633043725,19,0.7594100974782794,18,0.6610113371477009,18,0.6172189552871372,35,0.6966528140770565,15,0.7724896105577924,15,0.6740908502272139,16,0.6433779814461633,29,0.6617741125316883,23,0.7463305843987662,22,0.6479318240681877,19,0.591059929128111,41,0.6523098114007205,23,0.7392323585505404,22,0.6408335982199619,18,0.5768634774316592,42,0.6650979491888583,20,0.7488234618916437,19,0.6504247015610652,19,0.5960456841138659,40,0.6395216736125827,28,0.729641255209437,25,0.6312424948788585,20,0.5576812707494525,48,0.6852352193261284,18,0.7639264144945963,17,0.6655276541640178,16,0.6262515893197711,32,0.702847236938146,13,0.7771354277036095,13,0.6787366673730311,15,0.6526696157377976,28,0.6676232017141108,23,0.7507174012855832,22,0.6523186409550047,18,0.5998335629017448,36,0.7000953591862683,13,0.7750715193897012,11,0.6766727590591227,14,0.6485417991099809,22,0.7220132561041652,13,0.791509942078124,12,0.6931111817475455,14,0.6814186444868264,18,0.6781774622683714,18,0.7586330967012785,17,0.6602343363707001,18,0.6156649537331356,29,0.6792134633043724,21.75,11,48,37,0.0,0.9166666666666666,0.0,robust_higher_capacity_strengthening_priority
1507003,Santo Antônio do Tauá,0.6505556732829461,26,0.7379167549622095,24,0.6268630359539451,24,0.5868872289326835,43,0.6742541969814697,23,0.7556906477361023,21,0.644636928727838,21,0.6224350144804691,34,0.6268571495844223,31,0.7201428621883168,27,0.6090891431800524,28,0.5513394433848979,52,0.6248498975771702,33,0.7186374231828777,29,0.6075837041746133,28,0.54832856537402,56,0.6446634173906901,30,0.7334975630430176,27,0.6224438440347532,27,0.5780488450942998,44,0.6050363777636505,37,0.7037772833227379,31,0.5927235643144735,35,0.5186082856537403,61,0.6614660591933319,26,0.7460995443949989,24,0.6350458253867345,25,0.6032528077982624,41,0.6831249558522285,20,0.7623437168891715,19,0.651289997880907,19,0.6357411527866074,32,0.6398071625344353,30,0.7298553719008265,27,0.6188016528925621,26,0.5707644628099174,48,0.6653510630783358,22,0.7490132973087519,21,0.6379595783004874,24,0.6090803136257682,36,0.6949742177014904,17,0.7712306632761179,17,0.6601769442678534,19,0.6535150455605001,28,0.6357279084551812,27,0.7267959313413859,25,0.6157422123331215,27,0.5646455816910363,48,0.650555673282946,30.0,17,61,44,0.0,0.8125,0.0,robust_higher_capacity_strengthening_priority
1507102,São Caetano de Odivelas,0.6656463822372913,21,0.7492347866779685,20,0.6181276930140567,29,0.6295766670198489,28,0.6872297371539796,18,0.7654223028654847,17,0.6343152092015729,24,0.6619516993948813,19,0.644063027320603,26,0.7330472704904524,25,0.6019401768265404,31,0.5972016346448166,33,0.6297748463657554,32,0.7223311347743167,28,0.5912240411104047,36,0.5757693632125451,44,0.6475163641072732,26,0.7356372730804549,25,0.6045301794165431,34,0.6023816398248216,37,0.6120333286242378,34,0.7090249964681783,29,0.5779179028042665,39,0.5491570866002684,53,0.6826108992018083,19,0.7619581744013563,18,0.6308510807374443,26,0.6550234424666244,23,0.7064389230298321,12,0.7798291922723741,12,0.6487220986084623,20,0.6907654782086601,11,0.6587828753737844,24,0.7440871565303384,23,0.6129800628664265,28,0.6192814067245886,28,0.6845534011443102,19,0.7634150508582327,18,0.6323079571943209,26,0.6579371953803772,19,0.7077339243248334,14,0.7808004432436251,14,0.6496933495797133,21,0.692707980151162,13,0.6613728779637871,21,0.7460296584728403,20,0.6149225648089285,28,0.6231664106095924,27,0.6656463822372914,24.833333333333332,11,53,42,0.0,0.9166666666666666,0.0,robust_higher_capacity_strengthening_priority
1507151,São Domingos do Araguaia,0.6001995479268206,43,0.6522329942784488,39,0.526595941936851,52,0.621769707565162,31,0.6205310682583409,38,0.6674816345270891,36,0.5418445821854913,47,0.6522669880624425,26,0.5798680275953003,47,0.6369843540298086,41,0.5113473016882109,56,0.5912724270678816,40,0.5928180405453132,43,0.6466968637423183,38,0.5210598114007206,54,0.610697446492901,30,0.6083580560853288,39,0.65835187539733,37,0.5327148230557321,52,0.6340074698029243,28,0.5772780250052977,46,0.6350418520873067,40,0.5094047997457088,58,0.5873874231828777,35,0.5992282969555696,43,0.6515045560500106,39,0.5258675037084128,52,0.6203128311082856,35,0.6235095712368439,38,0.6697155117609663,37,0.5440784594193685,49,0.656734742530197,25,0.5749470226742954,48,0.6332936003390549,42,0.5076565479974571,57,0.5838909196863742,42,0.608552306279579,42,0.6584975630430177,38,0.5328605107014198,49,0.6342988450942997,30,0.6297255774528501,34,0.6743775164229711,35,0.5487404640813731,43,0.6660587518542064,26,0.5873790351063077,47,0.6426176096630642,40,0.5169805573214664,56,0.6025389383343929,33,0.6001995479268206,41.166666666666664,25,58,33,0.0,0.2708333333333333,0.0,scenario_sensitive_higher_priority
1507201,São Domingos do Capim,0.3022456499729227,127,0.25376757081302537,128,0.3031305184714276,123,0.3498388606343152,124,0.30181398287458894,125,0.25344382048927505,128,0.30280676814767726,123,0.34919135998681455,125,0.30267731707125645,126,0.2540913211367757,128,0.3034542687951779,122,0.3504863612818159,123,0.2914971392244119,128,0.24570618775164227,128,0.2950691354100445,125,0.333716094511549,127,0.2847631324904052,128,0.24065568270113724,128,0.29001863035953945,125,0.32361508441053893,128,0.2982311459584187,128,0.25075669280214735,128,0.30011964046054956,124,0.34381710461255915,125,0.2838242565515292,128,0.23995152574698028,129,0.2893144734053825,123,0.322206770502225,131,0.2852163829436557,130,0.2409956205410751,129,0.2903585681994773,124,0.32429496009041464,130,0.28243213015940294,129,0.23890743095288552,129,0.28827037861128774,125,0.3201185809140355,129,0.33141555414282686,120,0.27564499894045347,123,0.3250079465988557,120,0.39359371688917144,107,0.3354624331897059,118,0.27868015822561276,122,0.328043105884015,116,0.39966403545949,109,0.3273686750959478,121,0.2726098396552942,126,0.3219727873136964,120,0.38752339831885285,117,0.3022456499729227,124.5625,107,131,24,0.0,0.0,0.9791666666666666,robust_lower_relative_priority
1507300,São Félix do Xingu,0.37383209798940137,111,0.33766574015871775,109,0.3571860840470391,110,0.4266444697624473,104,0.36304042053105723,116,0.32957198206495963,114,0.34909232595328105,114,0.41045695357493117,111,0.3846237754477455,106,0.3457594982524758,105,0.36527984214079723,106,0.44283198594996354,94,0.39209161624891964,101,0.3513603788533564,104,0.3708807227416778,107,0.45403374715172473,89,0.3838036079609114,107,0.3451443726373502,104,0.3646647165256717,106,0.4416017347197123,96,0.40037962453692794,100,0.3575763850693626,103,0.3770967289576841,105,0.46646575958373715,84,0.39150886566616905,104,0.35092331591629344,106,0.3704436598046149,106,0.4531596212775988,93,0.3797891039464073,112,0.3421334946264722,109,0.3616538385147936,112,0.4355799786979563,102,0.4032286273859308,102,0.35971313720611475,104,0.3792334810944362,103,0.4707392638572414,83,0.3378958120531154,118,0.31071352570650324,116,0.3302338695948247,117,0.3727400408580184,118,0.32552854968585304,120,0.30143807893105645,117,0.3209584228193779,120,0.3541891473071248,118,0.3502630744203778,116,0.31998897248195,114,0.3395093163702715,117,0.39129093440891194,114,0.3738320979894014,107.22916666666667,83,120,37,0.0,0.0,0.4583333333333333,intermediate_or_scenario_sensitive
1507409,São Francisco do Pará,0.4634862612135339,82,0.49553136257681707,77,0.42406097690188593,88,0.4708664441618987,84,0.4827817805090532,79,0.5100030020484565,73,0.4385326163735254,83,0.49980972310517763,75,0.44419074191801466,87,0.48105972310517764,82,0.4095893374302465,91,0.4419231652186198,95,0.4264815992088719,94,0.4677778660733206,87,0.3963074803983895,98,0.4153594511549057,106,0.43959348732076,93,0.47761178215723665,87,0.4061413964823055,96,0.4350272833227378,98,0.41336971109698384,94,0.4579439499894045,87,0.3864735643144734,100,0.39569161898707356,112,0.4841739069011796,78,0.5110470968425513,75,0.4395767111676202,84,0.5018979126933673,74,0.5058328035600763,72,0.5272912693367239,69,0.45582088366179274,77,0.5343862576817122,66,0.4625150102422829,84,0.49480292434837886,80,0.4233325386734477,89,0.46940956770502223,85,0.47980327753055024,77,0.5077691248145794,71,0.43629873913964823,81,0.4953419686374232,73,0.5029190506463234,70,0.5251059546514092,67,0.45363556897647805,78,0.5300156283110828,59,0.4566875044147771,85,0.4904322949777495,78,0.41896190930281835,87,0.4606683089637635,86,0.4634862612135339,83.1875,59,112,53,0.0,0.0,0.020833333333333332,intermediate_or_scenario_sensitive
1507458,São Geraldo do Araguaia,0.5864725341998069,48,0.6419377339831887,40,0.5163006816415907,58,0.6011791869746416,40,0.592559040286313,46,0.6465026135480682,40,0.5208655612064703,56,0.6103089461044007,39,0.5803860281133009,46,0.637372854418309,40,0.5117358020767112,55,0.5920494278448825,38,0.5810659037931765,46,0.6378827611782157,40,0.5122457088366179,58,0.5930692413646959,38,0.5815515292788019,48,0.6382469802924349,40,0.512609927950837,56,0.5937976795931341,41,0.580580278307551,44,0.6375185420639966,39,0.5118814897223989,55,0.5923408031362577,34,0.5774722751995478,50,0.6351875397329942,43,0.5095504873913965,58,0.587678798474253,46,0.5856307833580561,48,0.6413064208518755,41,0.5156693685102776,55,0.5999165607120153,43,0.5693137670410398,50,0.6290686586141132,43,0.5034316062725154,58,0.5754410362364908,46,0.6008794236066963,44,0.6527429010383556,39,0.5271058486967578,53,0.6227895210849757,33,0.6104948082220809,37,0.6599544394998941,37,0.5343173871582962,47,0.6372125980080525,31,0.5912640389913116,43,0.6455313625768171,39,0.5198943102352194,53,0.6083664441618987,32,0.5864725341998068,44.875,31,58,27,0.0,0.08333333333333333,0.0,intermediate_or_scenario_sensitive
1507466,São João da Ponta,0.6166407666407666,35,0.6103972416472416,47,0.6187305749805749,28,0.6207944832944833,33,0.6307131140464474,32,0.6209515022015022,47,0.6292848355348355,27,0.6419030044030044,31,0.6025684192350859,40,0.5998429810929811,49,0.6081763144263145,30,0.5996859621859623,32,0.5941724941724942,41,0.5935460372960373,50,0.6018793706293706,30,0.5870920745920746,40,0.6023957523957524,40,0.599713480963481,49,0.6080468142968143,31,0.599426961926962,39,0.585949235949236,43,0.5873785936285936,51,0.595711926961927,31,0.5747571872571873,42,0.6234071484071484,34,0.6154720279720279,46,0.6238053613053613,28,0.630944055944056,30,0.6418932918932919,30,0.6293366355866357,46,0.637669968919969,28,0.6586732711732712,23,0.604921004921005,37,0.6016074203574204,47,0.6099407536907537,30,0.6032148407148408,35,0.6323426573426574,29,0.6221736596736597,45,0.6305069930069931,28,0.6443473193473194,24,0.6478502978502978,28,0.63380439005439,43,0.6421377233877235,23,0.6676087801087801,24,0.6168350168350168,34,0.6105429292929293,48,0.6188762626262627,26,0.6210858585858586,28,0.6166407666407667,35.666666666666664,23,51,28,0.0,0.5833333333333334,0.0,scenario_sensitive_higher_priority
1507474,São João de Pirabas,0.6896647123919851,17,0.7672485342939889,16,0.6561948152857244,20,0.6455507875962422,24,0.7155215715821777,11,0.7866411786866333,10,0.6755874596783689,15,0.684336076381531,13,0.6638078532017926,21,0.7478558899013446,20,0.63680217089308,21,0.6067654988109534,31,0.6655453132725859,20,0.7491589849544396,18,0.6381052659461751,19,0.6093716889171434,31,0.6853264580537308,17,0.7639948435402981,15,0.6529411245320337,18,0.6390434060888607,25,0.6457641684914412,25,0.734323126368581,23,0.6232694073603166,25,0.5796999717454263,38,0.7067263544536272,12,0.7800447658402204,12,0.668991046831956,15,0.6711432506887053,16,0.7339537566810295,10,0.8004653175107721,9,0.6894115985025077,14,0.7119843540298086,9,0.6794989522262249,20,0.7596242141696687,19,0.6485704951614043,20,0.6303021473476019,27,0.6967224694497421,15,0.7725418520873066,14,0.6614881330790422,18,0.6561374231828778,21,0.7272845000117727,11,0.7954633750088296,10,0.6844096560005651,15,0.7019804690259236,11,0.6661604388877116,19,0.7496203291657837,18,0.6385666101575194,21,0.6102943773398319,31,0.6896647123919851,18.333333333333332,9,38,29,0.10416666666666667,0.9791666666666666,0.0,robust_higher_capacity_strengthening_priority
1507508,São João do Araguaia,0.5679993407266134,50,0.6759995055449601,35,0.5024457865366956,59,0.5255527300981847,61,0.5612221672827733,53,0.67091662546208,35,0.49736290645381553,63,0.5153869699324245,68,0.5747765141704535,50,0.6810823856278403,34,0.5075286666195757,59,0.5357184902639449,57,0.5930899908172635,42,0.6948174931129477,33,0.5212637741046832,53,0.5631887052341598,48,0.5874243601516328,45,0.6905682701137247,32,0.5170145511054602,53,0.5546902592357138,51,0.5987556214828942,39,0.6990667161121706,32,0.5255129971039062,52,0.5716871512326058,45,0.5574450801723528,57,0.6680838101292648,37,0.4945300911210002,62,0.5097213392667939,70,0.5540780768053495,59,0.6655585576040122,38,0.4920048385957477,64,0.5046708342162888,79,0.5608120835393562,53,0.6706090626545173,36,0.49705534364625276,61,0.5147718443172989,68,0.5534629511902239,54,0.665097213392668,37,0.4915434943844035,65,0.5037481457936004,69,0.5421640648913376,57,0.6566230486685032,38,0.48306932966023874,69,0.4867998163452709,82,0.5647618374891101,51,0.6735713781168327,35,0.5000176591085682,62,0.5206964752419299,60,0.5679993407266135,52.333333333333336,32,82,50,0.0,0.16666666666666666,0.0,intermediate_or_scenario_sensitive
1507607,São Miguel do Guamá,0.3403069153069153,119,0.3448135198135198,105,0.31773018648018647,121,0.35837703962703965,122,0.34617758784425456,118,0.34921652421652427,107,0.3221331908831909,120,0.3671830484330485,119,0.3344362427695761,119,0.3404105154105154,106,0.31332718207718213,121,0.34957103082103086,124,0.3102952602952603,125,0.32230477855477857,110,0.2952214452214452,124,0.3133595571095571,131,0.31498963998964,123,0.32582556332556334,112,0.29874222999223,124,0.3204011266511267,132,0.30560088060088064,127,0.3187839937839938,112,0.29170066045066045,126,0.3063179875679876,131,0.3292346542346542,120,0.336509324009324,109,0.30942599067599064,121,0.341768648018648,126,0.33512691012691015,119,0.3409285159285159,110,0.3138451825951826,120,0.3506070318570319,125,0.32334239834239836,123,0.3320901320901321,108,0.3050067987567988,121,0.3329302641802642,128,0.3813908313908314,110,0.3756264568764569,100,0.34854312354312356,114,0.42000291375291376,103,0.38841621341621346,108,0.38089549339549345,100,0.3538121600621601,113,0.43054098679098685,98,0.37436544936544935,109,0.37035742035742036,100,0.343274087024087,112,0.40946484071484074,105,0.3403069153069153,116.25,98,132,34,0.0,0.0,0.7708333333333334,robust_lower_relative_priority
1507706,São Sebastião da Boa Vista,0.3666913894186621,114,0.27501854206399656,126,0.3514648230557321,112,0.4735908031362577,81,0.36395030334424266,114,0.27296272750818207,125,0.3494090084999176,113,0.4694791740246286,89,0.36943247549308156,110,0.27707435661981117,124,0.35352063761154673,111,0.4777024322478869,78,0.37902627675354944,107,0.2842697075651621,124,0.3607159885568976,108,0.4920931341385887,72,0.37789315062042333,109,0.2834198629653175,123,0.3598661439570531,108,0.49039344493889947,76,0.38015940288667555,107,0.28511955216500673,125,0.36156583315674223,108,0.4937928233382779,71,0.3377966730239457,119,0.2533475047679593,128,0.32979378575969487,119,0.43024872854418306,104,0.33256810529537806,121,0.24942607897153354,127,0.3258723599632691,119,0.4224058769513316,108,0.3430252407525135,118,0.25726893056438516,128,0.33371521155612066,117,0.43809158013703475,96,0.38325121847849114,109,0.28743841385886837,121,0.36388469485060393,108,0.4984305467260013,71,0.3813896541169268,111,0.2860422405876951,121,0.3624885215794307,111,0.4956382001836548,77,0.3851127828400555,104,0.2888345871300417,119,0.3652808681217772,105,0.5012228932683478,71,0.36669138941866214,107.64583333333333,71,128,57,0.0,0.0,0.5833333333333334,intermediate_or_scenario_sensitive
1507755,Sapucaia,0.5314343905252996,60,0.48815912622730806,82,0.6126770325633961,31,0.4934670127851946,71,0.5374345631921389,59,0.4926592557274376,81,0.6171771620635257,33,0.5024672717854537,73,0.5254342178584602,63,0.4836589967271786,81,0.6081769030632667,29,0.48446675378493564,74,0.5225312566221657,62,0.48148177579995766,83,0.6059996821360457,29,0.48011231193049375,80,0.527808386899296,59,0.48543962350780534,84,0.6099575298438935,29,0.4880280073461892,78,0.5172541263450354,64,0.4775239280921099,82,0.602041834428198,27,0.47219661651479833,80,0.564974924065833,52,0.5133145263827081,72,0.6378324327187963,24,0.5437778130959949,61,0.5755291846200936,53,0.5212302217984036,71,0.6457481281344917,23,0.5596092039273857,56,0.5544206635115725,55,0.5053988309670128,74,0.6299167373031009,24,0.5279464222646041,62,0.5067969908879,68,0.46968107649925833,86,0.5941989828353464,37,0.45651091332909516,91,0.5089661180570271,68,0.4713079218761037,84,0.5958258282121918,37,0.4597646040827859,91,0.5046278637187728,67,0.46805423112241296,83,0.5925721374585011,35,0.4532572225754044,90,0.5314343905252997,61.625,23,91,68,0.0,0.20833333333333334,0.0,intermediate_or_scenario_sensitive
1507805,Senador José Porfírio,0.7144231946504673,10,0.6837340626545172,34,0.7670553436462528,6,0.6924801776506323,11,0.6900340035946096,16,0.6654421693626239,38,0.7487634503543595,6,0.6558963910668457,22,0.738812385706325,8,0.7020259559464105,32,0.7853472369381461,5,0.7290639642344188,5,0.7379598431871159,5,0.7013865490570036,32,0.7847078300487392,5,0.7277851504556051,6,0.7190851993124721,11,0.6872305661510207,33,0.7705518471427564,5,0.6994731846436393,7,0.7568344870617597,5,0.7155425319629865,27,0.7988638129547221,4,0.7560971162675709,4,0.7043545595818322,13,0.6761825863530408,35,0.7595038673447765,6,0.6773772250476797,14,0.6812711614984341,21,0.6588700377904924,39,0.742191318782228,7,0.6427521279225825,30,0.7274379576652303,9,0.6934951349155895,32,0.7768164159073251,6,0.7120023221727768,8,0.7009551811824538,12,0.673633052553507,35,0.7569543335452427,6,0.6722781574486121,16,0.6697456499729226,20,0.6502259041463587,39,0.7335471851380944,7,0.6254638606343152,34,0.732164712391985,10,0.6970402009606554,30,0.7803614819523911,5,0.7190924542629089,7,0.7144231946504677,16.208333333333332,4,39,35,0.5,0.9375,0.0,robust_higher_capacity_strengthening_priority
1507904,Soure,0.2190161647643772,133,0.1642621235732829,137,0.2051753737976925,132,0.28761099692215625,133,0.20995115569936817,134,0.15746336677452616,137,0.19837661699893572,133,0.2740134833246427,135,0.2280811738293863,133,0.17106088037203976,136,0.21197413059644932,131,0.3012085105196699,132,0.2501609459091584,131,0.18762070943186876,135,0.22853395965627835,131,0.33432816863932796,126,0.24433344008165256,131,0.18325008006123944,136,0.224163330285649,132,0.32558690989806927,127,0.2559884517366642,130,0.19199133880249813,133,0.23290458902690772,131,0.3430694273805867,126,0.21587578662399906,135,0.16190683996799932,137,0.20282009019240888,134,0.282900429711589,134,0.2056776514258639,136,0.1542582385693979,137,0.1951714887938075,134,0.26760322691438626,136,0.2260739218221343,135,0.16955544136660072,136,0.2104686915910103,133,0.2981976325087919,134,0.19101176175997417,135,0.14325882131998063,138,0.18417207154439022,133,0.2456043924155517,134,0.17984237559058805,137,0.13488178169294107,138,0.17579503191735063,134,0.22885031316147253,136,0.20218114792936037,134,0.1516358609470203,138,0.19254911117142987,132,0.262358471669631,132,0.21901616476437724,133.6875,126,138,12,0.0,0.0,1.0,robust_lower_relative_priority
1507953,Tailândia,0.4567522544795272,86,0.4904808575263121,81,0.41901047185138096,91,0.46076543406088866,92,0.4624934268873663,85,0.4947867368321914,80,0.42331635115726024,89,0.46937719267264727,90,0.45101108207168816,85,0.48617497822043276,80,0.4147045925455016,90,0.45215367544913004,88,0.4581443808716536,84,0.4915249523204068,78,0.4200545666454757,89,0.4628536236490782,85,0.46478126250853524,82,0.4965026135480681,76,0.42503222787313694,88,0.47280894610440066,83,0.45150749923477196,85,0.48654729109274564,79,0.4150769054178145,88,0.4528983011937558,89,0.4851451578724306,77,0.5117755350709896,74,0.44030514939605847,83,0.5033547891502437,73,0.4946310423583151,77,0.518889948435403,74,0.44741956276047185,83,0.5175836158790705,72,0.4756592733865461,78,0.5046611217065762,75,0.4331907360316451,84,0.489125962421417,75,0.42696722469449744,92,0.46814208518753975,87,0.3966716995126086,95,0.41608788938334396,106,0.4280679757952485,93,0.468967648513103,85,0.3974972628381719,95,0.4177390160344706,103,0.4258664735937463,90,0.46731652186197636,84,0.3958461361870452,97,0.4144367627322173,103,0.45675225447952733,85.375,72,106,34,0.0,0.0,0.0,intermediate_or_scenario_sensitive
1507961,Terra Alta,0.8030626780626781,3,0.8522970085470085,3,0.8210470085470085,3,0.735844017094017,3,0.81830052663386,2,0.863725394975395,2,0.832475394975395,3,0.75870078995079,2,0.7878248294914962,4,0.8408686221186221,4,0.8096186221186221,4,0.7129872442372442,7,0.7655400155400156,4,0.8241550116550117,4,0.7929050116550117,4,0.6795600233100234,12,0.7750259000259,4,0.831269425019425,4,0.800019425019425,4,0.69378885003885,9,0.7560541310541311,6,0.8170405982905983,5,0.7857905982905983,5,0.6653311965811965,17,0.8212898212898213,3,0.865967365967366,3,0.834717365967366,3,0.763184731934732,3,0.8395817145817146,3,0.879686285936286,3,0.848436285936286,3,0.7906225718725719,2,0.802997927997928,4,0.8522484459984461,4,0.8209984459984461,3,0.735746891996892,5,0.8223581973581974,2,0.8667686480186481,2,0.8355186480186481,2,0.7647872960372961,3,0.8402939652939653,2,0.880220473970474,2,0.848970473970474,2,0.791690947940948,2,0.8044224294224294,3,0.8533168220668221,3,0.8220668220668221,4,0.7378836441336442,5,0.8030626780626783,3.9375,2,17,15,0.9583333333333334,1.0,0.0,robust_higher_capacity_strengthening_priority
1507979,Terra Santa,0.43736549645640554,92,0.4759407890089708,86,0.4171253620117256,93,0.41903033834852016,106,0.4385309976219067,92,0.4768149148830967,86,0.4179994878858515,91,0.42077859009677193,107,0.4361999952909044,91,0.47506666313484497,85,0.4162512361375998,89,0.4172820866002685,103,0.45510701419792327,87,0.4892469273151091,81,0.4304315003178639,82,0.44564261496079677,92,0.4619057709966801,83,0.49434599491417675,78,0.43553056791693157,82,0.45584075015893205,92,0.44830825739916647,86,0.4841478597160415,80,0.42533243271879634,83,0.4354444797626616,93,0.43976124885215795,90,0.4777376033057851,85,0.4189221763085399,93,0.42262396694214877,107,0.4389842480751572,94,0.47715485272303454,85,0.41833942572578936,93,0.42145846577664764,110,0.4405382496291587,89,0.47832035388853567,85,0.4195049268912905,91,0.42378946810764995,104,0.4172282263191354,95,0.4608378364060182,88,0.40202240940877304,94,0.388824433142615,110,0.4147029737938829,96,0.4589438970120788,89,0.40012847001483365,94,0.3850365543547362,110,0.41975347884438796,92,0.4627317757999576,87,0.40391634880271243,93,0.3926123119304938,110,0.4373654964564057,92.16666666666667,78,110,32,0.0,0.0,0.08333333333333333,intermediate_or_scenario_sensitive
1508001,Tomé-Açu,0.6639471639471639,22,0.747960372960373,21,0.622960372960373,26,0.620920745920746,32,0.6595441595441596,24,0.7446581196581197,22,0.6196581196581197,31,0.6143162393162394,35,0.6683501683501684,20,0.7512626262626263,19,0.6262626262626263,23,0.6275252525252526,24,0.6663752913752914,19,0.7497814685314685,17,0.6247814685314685,25,0.6245629370629371,27,0.6585081585081585,21,0.7438811188811189,20,0.6188811188811189,28,0.6127622377622377,32,0.6742424242424243,20,0.7556818181818182,18,0.6306818181818182,23,0.6363636363636365,24,0.6891025641025641,17,0.7668269230769231,16,0.6418269230769231,23,0.6586538461538461,20,0.6915306915306916,18,0.7686480186480187,17,0.6436480186480187,26,0.6622960372960374,22,0.6866744366744366,16,0.7650058275058276,15,0.6400058275058276,23,0.655011655011655,21,0.6363636363636364,27,0.7272727272727273,23,0.6022727272727273,34,0.5795454545454546,48,0.6285936285936286,35,0.7214452214452214,25,0.5964452214452214,36,0.5678904428904429,51,0.6441336441336442,25,0.7331002331002331,23,0.6081002331002331,29,0.5912004662004662,40,0.663947163947164,25.0625,15,51,36,0.0,0.9375,0.0,robust_higher_capacity_strengthening_priority
1508035,Tracuateua,0.40319100091827365,99,0.3294765840220386,110,0.4413395316804408,80,0.4387568870523416,97,0.42805502578229854,95,0.34812460267005724,109,0.45998755032845945,76,0.476052924348379,86,0.3783269760542488,108,0.3108285653740199,115,0.42269151303242214,85,0.40146084975630436,113,0.370556968284241,111,0.3050010595465141,120,0.4168640072049163,91,0.38980583810129266,114,0.39347849120576395,103,0.3221922017376563,115,0.4340551493960585,83,0.42418812248357707,104,0.34763544536271807,114,0.28780991735537187,123,0.3996728650137741,95,0.35542355371900825,121,0.41426326199053476,97,0.3377807798262344,108,0.4496437274846366,78,0.4553652786607333,91,0.4418467895740623,92,0.35846842551388003,107,0.47033137317228224,72,0.49674057003602456,83,0.38667973440700715,105,0.3170931341385887,112,0.4289560817969909,87,0.4139899872854419,107,0.42475277248004517,93,0.34564791269336725,109,0.45751086035176947,76,0.4710995443949989,86,0.44883979656706935,87,0.36371318075863535,106,0.47557612841703756,73,0.5072300805255352,72,0.40066574839302116,100,0.3275826446280992,112,0.43944559228650143,80,0.43496900826446294,94,0.4031910009182736,97.79166666666667,72,123,51,0.0,0.0,0.2916666666666667,intermediate_or_scenario_sensitive
1508050,Trairão,0.8026918367827458,4,0.8520188775870594,4,0.8161201172564809,4,0.7399365155046974,2,0.7919864927440685,4,0.8439898695580514,4,0.808091109227473,4,0.7238784994466814,7,0.8133971808214232,3,0.8600478856160675,3,0.824149125285489,3,0.7559945315627135,2,0.8091668432577523,3,0.8568751324433144,3,0.8209763721127359,3,0.7496490252172071,2,0.8030803371712463,3,0.8523102528784348,3,0.8164114925478563,3,0.740519266087448,3,0.8152533493442584,3,0.8614400120081939,3,0.8255412516776154,3,0.7587787843469662,3,0.8019795860704951,4,0.8514846895528714,4,0.8155859292222929,4,0.7388681394363213,6,0.7973823314732406,4,0.8480367486049305,4,0.812137988274352,4,0.7319722575404395,6,0.8065768406677497,3,0.8549326305008124,3,0.8190338701702339,4,0.7457640213322032,3,0.79692908101999,3,0.8476968107649926,3,0.8117980504344141,4,0.7312923818605637,6,0.7754968095877186,6,0.8316226071907891,5,0.7957238468602106,5,0.6991439747121566,12,0.8183613524522615,2,0.8637710143391961,2,0.8278722540086176,3,0.7634407890089708,2,0.8026918367827459,3.7708333333333335,2,12,10,0.9791666666666666,1.0,0.0,robust_higher_capacity_strengthening_priority
1508084,Tucumã,0.4115319865319865,97,0.39823232323232327,98,0.3711489898989899,104,0.4652146464646465,88,0.4222373305706639,97,0.40626133126133124,97,0.37917799792799795,103,0.48127266252266254,83,0.4008266424933092,98,0.3902033152033152,99,0.3631199818699819,107,0.44915663040663045,91,0.3777000777000777,109,0.3728583916083916,101,0.3457750582750583,113,0.4144667832167832,107,0.3842722092722093,106,0.37778749028749026,100,0.35070415695415696,112,0.4243249805749806,103,0.37112794612794614,109,0.36792929292929294,102,0.34084595959595965,113,0.4046085858585859,105,0.4346153846153846,92,0.41554487179487176,96,0.38846153846153847,101,0.4998397435897436,75,0.44533152033152035,91,0.4235819735819736,95,0.3964986402486403,101,0.5159139471639472,75,0.4238992488992489,93,0.40750777000777,97,0.3804244366744367,102,0.48376554001554,76,0.42228049728049727,94,0.4062937062937063,96,0.37921037296037297,102,0.4813374125874126,84,0.43710826210826215,91,0.41741452991453,96,0.39033119658119664,97,0.5035790598290599,75,0.4074527324527325,96,0.3951728826728827,97,0.3680895493395494,104,0.4590957653457654,87,0.41153198653198647,96.97916666666667,75,113,38,0.0,0.0,0.10416666666666667,intermediate_or_scenario_sensitive
1508100,Tucuruí,0.29053797845932683,128,0.2751951505111618,125,0.28712058462760714,125,0.3092982002392115,130,0.28635080760548925,129,0.2720547723707836,126,0.283980206487229,125,0.3030174439584552,132,0.29472514931316435,129,0.27833552865153993,123,0.2902609627679853,125,0.3155789565199678,130,0.31689125481260316,124,0.29496010777611903,122,0.3068855418925644,122,0.348828114769126,124,0.3128767507980991,124,0.291949229765241,121,0.3038746638816864,122,0.34280635874737,123,0.32090575882710715,124,0.29797098578699704,121,0.3098964199034424,122,0.35484987079088204,122,0.28940485232620067,127,0.27434530591131717,123,0.28627074002776254,124,0.3075985110395223,132,0.285746473667822,129,0.2716015219175332,125,0.28352695603397854,125,0.3021109430519543,131,0.2930632309845793,127,0.27708908990510117,123,0.28901452402154654,124,0.3130860790270903,131,0.26531782823917655,129,0.2562800378460491,127,0.26820547196249445,126,0.2714679749089861,132,0.2604291983505467,128,0.2526135654295767,126,0.26453899954602206,125,0.26413503007604133,132,0.27020645812780647,130,0.2599465102625215,127,0.2718719443789669,127,0.278800919741931,131,0.29053797845932683,126.22916666666667,121,132,11,0.0,0.0,1.0,robust_lower_relative_priority
1508126,Ulianópolis,0.5347760825033552,58,0.5489987285441831,60,0.5400283428692519,47,0.5153011760966306,65,0.5311500788773516,61,0.5462792258246804,61,0.5373088401497492,50,0.5098621706576252,69,0.5384020861293588,56,0.5517182312636858,61,0.5427478455887547,47,0.5207401815356361,62,0.5360387087659815,57,0.5499456982411528,62,0.5409753125662217,48,0.5171951154905701,61,0.5277830755103482,60,0.5437539732994279,61,0.5347835876244966,51,0.5048116656071202,66,0.5442943420216148,56,0.5561374231828777,62,0.5471670375079466,48,0.5295785653740199,57,0.5686727414000141,51,0.5744212227166772,58,0.5654508370417461,43,0.566146164441619,51,0.5697411174683902,55,0.5752225047679593,57,0.5662521190930282,43,0.5677487285441831,53,0.567604365331638,52,0.5736199406653952,59,0.564649554990464,46,0.5645436003390549,52,0.49961679734407005,70,0.5226292646747193,65,0.513658878999788,57,0.46256224835770293,87,0.4959260436533164,72,0.519861199406654,69,0.5108908137317227,59,0.4570261178215724,94,0.5033075510348237,68,0.5253973299427844,65,0.5164269442678533,57,0.46809837889383343,83,0.5347760825033554,59.416666666666664,43,94,51,0.0,0.0,0.0,intermediate_or_scenario_sensitive
1508159,Uruará,0.6072455322455322,39,0.6575174825174825,37,0.5179341491841492,56,0.6462849650349651,23,0.6198070448070447,39,0.6669386169386169,37,0.5273552836052836,54,0.6651272338772338,18,0.5946840196840197,41,0.6480963480963482,39,0.5085130147630148,57,0.6274426961926962,25,0.578010878010878,48,0.6355914918414919,41,0.49600815850815855,62,0.6024329836829838,34,0.5934537684537684,44,0.6471736596736597,39,0.5075903263403263,60,0.6255973193473194,29,0.5625679875679875,51,0.6240093240093241,44,0.4844259906759907,63,0.579268648018648,40,0.6199689199689199,36,0.6670600233100233,38,0.52747668997669,51,0.6653700466200466,17,0.6317210567210567,36,0.6758741258741259,36,0.5362907925407926,51,0.6829982517482518,14,0.6082167832167832,35,0.6582459207459208,37,0.5186625874125874,54,0.6477418414918416,24,0.6237567987567987,31,0.6699009324009324,36,0.5303175990675991,50,0.6710518648018649,17,0.6342463092463092,33,0.6777680652680653,34,0.5381847319347319,46,0.6867861305361306,15,0.6132672882672883,35,0.6620337995337995,37,0.5224504662004662,50,0.655317599067599,21,0.6072455322455322,38.625,14,63,49,0.0,0.4166666666666667,0.0,scenario_sensitive_higher_priority
1508209,Vigia,0.45998975771703043,85,0.49290898495443947,80,0.42143859927950833,90,0.4656216889171435,87,0.4814867792140519,80,0.5090317510772056,74,0.43756136540227447,84,0.49786722116267573,76,0.43849273622000895,90,0.4767862188316734,84,0.40531583315674224,93,0.4333761566716113,98,0.428521226248499,92,0.46930758635304093,86,0.3978372006781098,97,0.4184188917143463,103,0.44250724023451293,91,0.47979709684255134,86,0.4083267111676202,95,0.43939791269336725,97,0.41453521226248496,93,0.4588180758635304,86,0.38734769018859927,99,0.3974398707353253,111,0.47892915165642436,79,0.5071135304089849,77,0.4356431447340538,85,0.4940307798262344,78,0.5031133008405736,73,0.5252516422970969,70,0.45378125662216573,79,0.5303070036024582,68,0.4547450024722752,86,0.488975418520873,82,0.41750503284594187,92,0.4577545560500106,89,0.47251889524616797,82,0.5023058381012926,76,0.43083545242636145,85,0.48441539521084975,83,0.4988397965670693,71,0.5220465140919686,68,0.4505761284170375,80,0.5238967471922018,62,0.4461979939252666,87,0.4825651621106166,80,0.4110947764356855,92,0.44493404322949776,91,0.4599897577170304,84.83333333333333,62,111,49,0.0,0.0,0.020833333333333332,intermediate_or_scenario_sensitive
1508308,Viseu,0.5189985056558091,63,0.6392488792418567,41,0.4287502837362388,84,0.4889963539893315,74,0.5043649910222945,68,0.6282737432667208,41,0.41777514776110286,92,0.4670460820390596,91,0.5336320202893237,59,0.6502240152169927,38,0.4397254197113748,80,0.5109466259396035,67,0.5250850117423151,60,0.6438137588067363,39,0.43331516330111836,79,0.4981261131190906,70,0.514012750670054,63,0.6355095630025405,41,0.4250109674969226,89,0.48151772151069905,80,0.5361572728145763,57,0.6521179546109321,37,0.4416193591053142,77,0.5147345047274823,62,0.5199373815946849,66,0.6399530361960137,42,0.42945444069039573,90,0.4904046678976454,81,0.5068254934827969,71,0.6301191201120977,44,0.4196205246064797,92,0.4707368357298133,88,0.5330492697065731,62,0.6497869522799298,39,0.43928835677431183,82,0.5100725000654776,69,0.511973123630427,65,0.6339798427228203,42,0.42348124721720226,88,0.4784582809512584,85,0.49225672891403227,74,0.6191925466855241,48,0.40869395117990626,92,0.4488836888766664,96,0.5316895183468218,57,0.6487671387601163,38,0.4382685432544983,81,0.5080328730258505,68,0.518998505655809,66.91666666666667,37,96,59,0.0,0.0,0.0,intermediate_or_scenario_sensitive
1508357,Vitória do Xingu,0.449022274022274,89,0.42635003885003886,95,0.4617667055167055,71,0.45895007770007773,94,0.4519576102909436,89,0.4285515410515411,95,0.46396820771820774,75,0.4633530821030821,92,0.4460869377536044,86,0.4241485366485367,93,0.45956520331520334,71,0.45454707329707333,86,0.4616161616161616,80,0.43579545454545454,90,0.4712121212121212,67,0.4778409090909091,82,0.46119528619528616,84,0.435479797979798,91,0.4708964646464647,67,0.477209595959596,81,0.462037037037037,79,0.4361111111111111,91,0.47152777777777777,66,0.47847222222222224,78,0.4124708624708624,99,0.3989364801864802,100,0.43435314685314685,87,0.40412296037296036,114,0.4132802382802383,99,0.39954351204351213,100,0.4349601787101788,88,0.40533702408702416,115,0.4116614866614866,96,0.3983294483294484,98,0.43374611499611504,83,0.4029088966588967,110,0.47297979797979794,81,0.44431818181818183,94,0.4797348484848485,68,0.4948863636363636,74,0.4813973063973064,78,0.45063131313131316,93,0.4860479797979798,67,0.5075126262626263,71,0.46456228956228957,81,0.43800505050505056,93,0.4734217171717172,70,0.4822601010101011,79,0.4490222740222742,86.04166666666667,66,115,49,0.0,0.0,0.0625,intermediate_or_scenario_sensitive
1508407,Xinguara,0.21007954800089634,134,0.21485132766733894,130,0.1673070648140873,136,0.24808025152126278,136,0.20541754333889167,136,0.21135482417083545,132,0.1638105613175838,137,0.2410872445282558,137,0.21474155266290107,135,0.2183478311638425,131,0.17080356831059085,136,0.2550732585142699,135,0.21487105279240115,136,0.21844495626096755,130,0.1709006934077159,137,0.25526750870852,137,0.20787804579939412,138,0.2132002010162123,131,0.16565593816296065,138,0.24477799821900947,138,0.22186405978540813,135,0.2236897115057228,131,0.17614544865247117,136,0.2657570191980305,136,0.22963406755541588,134,0.2295172173332286,131,0.18197295447997697,136,0.2774120308530421,135,0.22808006600141434,134,0.22835171616772745,131,0.1808074533144758,136,0.2750810285220398,135,0.23118806910941747,133,0.2306827184987298,130,0.18313845564547815,136,0.2797430331840445,135,0.18573352365487197,136,0.19659180940782067,131,0.14904754655456903,138,0.21156121500222624,137,0.18029451821586653,136,0.1925125553285666,133,0.14496829247531495,137,0.20340270684371808,137,0.19117252909387744,135,0.20067106348707478,132,0.15312680063382314,136,0.21971972316073446,137,0.21007954800089632,134.77083333333334,130,138,8,0.0,0.0,1.0,robust_lower_relative_priority
