municipality_code,municipality,rank_1,rank_2,rank_3,rank_4,rank_5,rank_6,rank_7,rank_8,rank_9,rank_10,rank_11,rank_12,rank_13,rank_14,rank_15,rank_16,rank_17,rank_18,rank_19,rank_20,rank_21,rank_22,rank_23,rank_24,rank_25,rank_26,rank_27,rank_28,rank_29,rank_30,rank_31,rank_32,rank_33,rank_34,rank_35,rank_36,rank_37,rank_38,rank_39,rank_40,rank_41,rank_42,rank_43,rank_44,rank_45,rank_46,rank_47,rank_48,rank_49,rank_50,rank_51,rank_52,rank_53,rank_54,rank_55,rank_56,rank_57,rank_58,rank_59,rank_60,rank_61,rank_62,rank_63,rank_64,rank_65,rank_66,rank_67,rank_68,rank_69,rank_70,rank_71,rank_72,rank_73,rank_74,rank_75,rank_76,rank_77,rank_78,rank_79,rank_80,rank_81,rank_82,rank_83,rank_84,rank_85,rank_86,rank_87,rank_88,rank_89,rank_90,rank_91,rank_92,rank_93,rank_94,rank_95,rank_96,rank_97,rank_98,rank_99,rank_100,rank_101,rank_102,rank_103,rank_104,rank_105,rank_106,rank_107,rank_108,rank_109,rank_110,rank_111,rank_112,rank_113,rank_114,rank_115,rank_116,rank_117,rank_118,rank_119,rank_120,rank_121,rank_122,rank_123,rank_124,rank_125,rank_126,rank_127,rank_128,rank_129,rank_130,rank_131,rank_132,rank_133,rank_134,rank_135,rank_136,rank_137,rank_138,rank_139,rank_140,rank_141,rank_142,rank_143,rank_144
1506401,Santa Cruz do Arari,0.95245,0.04755,0.0,0.0,0.0,0.0,0.0,0.0,0.0,0.0,0.0,0.0,0.0,0.0,0.0,0.0,0.0,0.0,0.0,0.0,0.0,0.0,0.0,0.0,0.0,0.0,0.0,0.0,0.0,0.0,0.0,0.0,0.0,0.0,0.0,0.0,0.0,0.0,0.0,0.0,0.0,0.0,0.0,0.0,0.0,0.0,0.0,0.0,0.0,0.0,0.0,0.0,0.0,0.0,0.0,0.0,0.0,0.0,0.0,0.0,0.0,0.0,0.0,0.0,0.0,0.0,0.0,0.0,0.0,0.0,0.0,0.0,0.0,0.0,0.0,0.0,0.0,0.0,0.0,0.0,0.0,0.0,0.0,0.0,0.0,0.0,0.0,0.0,0.0,0.0,0.0,0.0,0.0,0.0,0.0,0.0,0.0,0.0,0.0,0.0,0.0,0.0,0.0,0.0,0.0,0.0,0.0,0.0,0.0,0.0,0.0,0.0,0.0,0.0,0.0,0.0,0.0,0.0,0.0,0.0,0.0,0.0,0.0,0.0,0.0,0.0,0.0,0.0,0.0,0.0,0.0,0.0,0.0,0.0,0.0,0.0,0.0,0.0,0.0,0.0,0.0,0.0,0.0,0.0
1501253,Bannach,0.04755,0.5966,0.1573,0.09598333333333334,0.04733333333333333,0.010225,0.008391666666666667,0.0071,0.005725,0.00695,0.008625,0.003375,0.0030666666666666668,0.0015083333333333333,0.000125,3.3333333333333335e-05,5e-05,1.6666666666666667e-05,3.3333333333333335e-05,8.333333333333334e-06,0.0,0.0,0.0,0.0,0.0,0.0,0.0,0.0,0.0,0.0,0.0,0.0,0.0,0.0,0.0,0.0,0.0,0.0,0.0,0.0,0.0,0.0,0.0,0.0,0.0,0.0,0.0,0.0,0.0,0.0,0.0,0.0,0.0,0.0,0.0,0.0,0.0,0.0,0.0,0.0,0.0,0.0,0.0,0.0,0.0,0.0,0.0,0.0,0.0,0.0,0.0,0.0,0.0,0.0,0.0,0.0,0.0,0.0,0.0,0.0,0.0,0.0,0.0,0.0,0.0,0.0,0.0,0.0,0.0,0.0,0.0,0.0,0.0,0.0,0.0,0.0,0.0,0.0,0.0,0.0,0.0,0.0,0.0,0.0,0.0,0.0,0.0,0.0,0.0,0.0,0.0,0.0,0.0,0.0,0.0,0.0,0.0,0.0,0.0,0.0,0.0,0.0,0.0,0.0,0.0,0.0,0.0,0.0,0.0,0.0,0.0,0.0,0.0,0.0,0.0,0.0,0.0,0.0,0.0,0.0,0.0,0.0,0.0,0.0
1508050,Trairão,0.0,0.138175,0.433575,0.29665833333333336,0.06368333333333333,0.048383333333333334,0.007183333333333333,0.002075,0.0018916666666666667,0.006275,0.00195,0.00015,0.0,0.0,0.0,0.0,0.0,0.0,0.0,0.0,0.0,0.0,0.0,0.0,0.0,0.0,0.0,0.0,0.0,0.0,0.0,0.0,0.0,0.0,0.0,0.0,0.0,0.0,0.0,0.0,0.0,0.0,0.0,0.0,0.0,0.0,0.0,0.0,0.0,0.0,0.0,0.0,0.0,0.0,0.0,0.0,0.0,0.0,0.0,0.0,0.0,0.0,0.0,0.0,0.0,0.0,0.0,0.0,0.0,0.0,0.0,0.0,0.0,0.0,0.0,0.0,0.0,0.0,0.0,0.0,0.0,0.0,0.0,0.0,0.0,0.0,0.0,0.0,0.0,0.0,0.0,0.0,0.0,0.0,0.0,0.0,0.0,0.0,0.0,0.0,0.0,0.0,0.0,0.0,0.0,0.0,0.0,0.0,0.0,0.0,0.0,0.0,0.0,0.0,0.0,0.0,0.0,0.0,0.0,0.0,0.0,0.0,0.0,0.0,0.0,0.0,0.0,0.0,0.0,0.0,0.0,0.0,0.0,0.0,0.0,0.0,0.0,0.0,0.0,0.0,0.0,0.0,0.0,0.0
1507961,Terra Alta,0.0,0.217125,0.32208333333333333,0.35504166666666664,0.03985,0.018975,0.013333333333333334,0.009291666666666667,0.011275,0.005233333333333334,0.005666666666666667,0.00023333333333333333,3.3333333333333335e-05,0.0012333333333333332,0.00016666666666666666,0.00016666666666666666,0.0002916666666666667,0.0,0.0,0.0,0.0,0.0,0.0,0.0,0.0,0.0,0.0,0.0,0.0,0.0,0.0,0.0,0.0,0.0,0.0,0.0,0.0,0.0,0.0,0.0,0.0,0.0,0.0,0.0,0.0,0.0,0.0,0.0,0.0,0.0,0.0,0.0,0.0,0.0,0.0,0.0,0.0,0.0,0.0,0.0,0.0,0.0,0.0,0.0,0.0,0.0,0.0,0.0,0.0,0.0,0.0,0.0,0.0,0.0,0.0,0.0,0.0,0.0,0.0,0.0,0.0,0.0,0.0,0.0,0.0,0.0,0.0,0.0,0.0,0.0,0.0,0.0,0.0,0.0,0.0,0.0,0.0,0.0,0.0,0.0,0.0,0.0,0.0,0.0,0.0,0.0,0.0,0.0,0.0,0.0,0.0,0.0,0.0,0.0,0.0,0.0,0.0,0.0,0.0,0.0,0.0,0.0,0.0,0.0,0.0,0.0,0.0,0.0,0.0,0.0,0.0,0.0,0.0,0.0,0.0,0.0,0.0,0.0,0.0,0.0,0.0,0.0,0.0,0.0
1504752,Mojuí dos Campos,0.0,0.00015,0.07605833333333334,0.08323333333333334,0.2914,0.22733333333333333,0.089775,0.06175833333333333,0.02945,0.014133333333333333,0.026208333333333333,0.033883333333333335,0.017358333333333333,0.012116666666666666,0.009658333333333333,0.005641666666666666,0.010891666666666666,0.004333333333333333,0.004383333333333334,0.001675,0.0005583333333333333,0.0,0.0,0.0,0.0,0.0,0.0,0.0,0.0,0.0,0.0,0.0,0.0,0.0,0.0,0.0,0.0,0.0,0.0,0.0,0.0,0.0,0.0,0.0,0.0,0.0,0.0,0.0,0.0,0.0,0.0,0.0,0.0,0.0,0.0,0.0,0.0,0.0,0.0,0.0,0.0,0.0,0.0,0.0,0.0,0.0,0.0,0.0,0.0,0.0,0.0,0.0,0.0,0.0,0.0,0.0,0.0,0.0,0.0,0.0,0.0,0.0,0.0,0.0,0.0,0.0,0.0,0.0,0.0,0.0,0.0,0.0,0.0,0.0,0.0,0.0,0.0,0.0,0.0,0.0,0.0,0.0,0.0,0.0,0.0,0.0,0.0,0.0,0.0,0.0,0.0,0.0,0.0,0.0,0.0,0.0,0.0,0.0,0.0,0.0,0.0,0.0,0.0,0.0,0.0,0.0,0.0,0.0,0.0,0.0,0.0,0.0,0.0,0.0,0.0,0.0,0.0,0.0,0.0,0.0,0.0,0.0,0.0,0.0
1505551,Pau DArco,0.0,0.0,0.0077083333333333335,0.055358333333333336,0.2629666666666667,0.28353333333333336,0.08843333333333334,0.04973333333333333,0.044708333333333336,0.049575,0.03540833333333333,0.0293,0.021441666666666668,0.021466666666666665,0.023583333333333335,0.006825,0.008825,0.00225,0.0059,0.002725,0.00025833333333333334,0.0,0.0,0.0,0.0,0.0,0.0,0.0,0.0,0.0,0.0,0.0,0.0,0.0,0.0,0.0,0.0,0.0,0.0,0.0,0.0,0.0,0.0,0.0,0.0,0.0,0.0,0.0,0.0,0.0,0.0,0.0,0.0,0.0,0.0,0.0,0.0,0.0,0.0,0.0,0.0,0.0,0.0,0.0,0.0,0.0,0.0,0.0,0.0,0.0,0.0,0.0,0.0,0.0,0.0,0.0,0.0,0.0,0.0,0.0,0.0,0.0,0.0,0.0,0.0,0.0,0.0,0.0,0.0,0.0,0.0,0.0,0.0,0.0,0.0,0.0,0.0,0.0,0.0,0.0,0.0,0.0,0.0,0.0,0.0,0.0,0.0,0.0,0.0,0.0,0.0,0.0,0.0,0.0,0.0,0.0,0.0,0.0,0.0,0.0,0.0,0.0,0.0,0.0,0.0,0.0,0.0,0.0,0.0,0.0,0.0,0.0,0.0,0.0,0.0,0.0,0.0,0.0,0.0,0.0,0.0,0.0,0.0,0.0
1506112,Quatipuru,0.0,0.0,0.0,0.009033333333333334,0.018683333333333333,0.07273333333333333,0.21840833333333334,0.14881666666666668,0.130875,0.10874166666666667,0.11305833333333333,0.0731,0.04290833333333333,0.0195,0.017258333333333334,0.01675,0.005933333333333333,0.0022333333333333333,0.0017416666666666668,0.000225,0.0,0.0,0.0,0.0,0.0,0.0,0.0,0.0,0.0,0.0,0.0,0.0,0.0,0.0,0.0,0.0,0.0,0.0,0.0,0.0,0.0,0.0,0.0,0.0,0.0,0.0,0.0,0.0,0.0,0.0,0.0,0.0,0.0,0.0,0.0,0.0,0.0,0.0,0.0,0.0,0.0,0.0,0.0,0.0,0.0,0.0,0.0,0.0,0.0,0.0,0.0,0.0,0.0,0.0,0.0,0.0,0.0,0.0,0.0,0.0,0.0,0.0,0.0,0.0,0.0,0.0,0.0,0.0,0.0,0.0,0.0,0.0,0.0,0.0,0.0,0.0,0.0,0.0,0.0,0.0,0.0,0.0,0.0,0.0,0.0,0.0,0.0,0.0,0.0,0.0,0.0,0.0,0.0,0.0,0.0,0.0,0.0,0.0,0.0,0.0,0.0,0.0,0.0,0.0,0.0,0.0,0.0,0.0,0.0,0.0,0.0,0.0,0.0,0.0,0.0,0.0,0.0,0.0,0.0,0.0,0.0,0.0,0.0,0.0
1501006,Aveiro,0.0,0.0,0.0,0.011533333333333333,0.07735,0.06349166666666667,0.088625,0.16249166666666667,0.107275,0.114925,0.03154166666666667,0.048916666666666664,0.063525,0.06659166666666666,0.07245833333333333,0.035383333333333336,0.017116666666666665,0.0223,0.006358333333333333,0.0038916666666666665,0.0038,0.002416666666666667,0.0,8.333333333333334e-06,0.0,0.0,0.0,0.0,0.0,0.0,0.0,0.0,0.0,0.0,0.0,0.0,0.0,0.0,0.0,0.0,0.0,0.0,0.0,0.0,0.0,0.0,0.0,0.0,0.0,0.0,0.0,0.0,0.0,0.0,0.0,0.0,0.0,0.0,0.0,0.0,0.0,0.0,0.0,0.0,0.0,0.0,0.0,0.0,0.0,0.0,0.0,0.0,0.0,0.0,0.0,0.0,0.0,0.0,0.0,0.0,0.0,0.0,0.0,0.0,0.0,0.0,0.0,0.0,0.0,0.0,0.0,0.0,0.0,0.0,0.0,0.0,0.0,0.0,0.0,0.0,0.0,0.0,0.0,0.0,0.0,0.0,0.0,0.0,0.0,0.0,0.0,0.0,0.0,0.0,0.0,0.0,0.0,0.0,0.0,0.0,0.0,0.0,0.0,0.0,0.0,0.0,0.0,0.0,0.0,0.0,0.0,0.0,0.0,0.0,0.0,0.0,0.0,0.0,0.0,0.0,0.0,0.0,0.0,0.0
1501956,Cachoeira do Piriá,0.0,0.0,0.0,0.0,0.0,0.007775,0.03909166666666666,0.118725,0.1118,0.08770833333333333,0.05826666666666667,0.052825,0.11355833333333333,0.12950833333333334,0.14746666666666666,0.06035833333333333,0.021616666666666666,0.02315,0.021116666666666666,0.004008333333333333,0.0019666666666666665,0.00044166666666666665,0.0006,1.6666666666666667e-05,0.0,0.0,0.0,0.0,0.0,0.0,0.0,0.0,0.0,0.0,0.0,0.0,0.0,0.0,0.0,0.0,0.0,0.0,0.0,0.0,0.0,0.0,0.0,0.0,0.0,0.0,0.0,0.0,0.0,0.0,0.0,0.0,0.0,0.0,0.0,0.0,0.0,0.0,0.0,0.0,0.0,0.0,0.0,0.0,0.0,0.0,0.0,0.0,0.0,0.0,0.0,0.0,0.0,0.0,0.0,0.0,0.0,0.0,0.0,0.0,0.0,0.0,0.0,0.0,0.0,0.0,0.0,0.0,0.0,0.0,0.0,0.0,0.0,0.0,0.0,0.0,0.0,0.0,0.0,0.0,0.0,0.0,0.0,0.0,0.0,0.0,0.0,0.0,0.0,0.0,0.0,0.0,0.0,0.0,0.0,0.0,0.0,0.0,0.0,0.0,0.0,0.0,0.0,0.0,0.0,0.0,0.0,0.0,0.0,0.0,0.0,0.0,0.0,0.0,0.0,0.0,0.0,0.0,0.0,0.0
1505106,Óbidos,0.0,0.00010833333333333333,0.0014416666666666666,0.033341666666666665,0.053283333333333335,0.09185833333333333,0.039683333333333334,0.05976666666666667,0.0466,0.06909166666666666,0.08599166666666666,0.079125,0.043583333333333335,0.042133333333333335,0.026066666666666665,0.034133333333333335,0.03546666666666667,0.0485,0.03188333333333333,0.026091666666666666,0.028675,0.03348333333333333,0.0253,0.013416666666666667,0.007466666666666667,0.009283333333333333,0.004333333333333333,0.0032916666666666667,0.0038083333333333333,0.005475,0.005841666666666667,0.003275,0.0017583333333333333,0.0027,0.001575,0.0005833333333333334,0.0014666666666666667,0.00011666666666666667,0.0,0.0,0.0,0.0,0.0,0.0,0.0,0.0,0.0,0.0,0.0,0.0,0.0,0.0,0.0,0.0,0.0,0.0,0.0,0.0,0.0,0.0,0.0,0.0,0.0,0.0,0.0,0.0,0.0,0.0,0.0,0.0,0.0,0.0,0.0,0.0,0.0,0.0,0.0,0.0,0.0,0.0,0.0,0.0,0.0,0.0,0.0,0.0,0.0,0.0,0.0,0.0,0.0,0.0,0.0,0.0,0.0,0.0,0.0,0.0,0.0,0.0,0.0,0.0,0.0,0.0,0.0,0.0,0.0,0.0,0.0,0.0,0.0,0.0,0.0,0.0,0.0,0.0,0.0,0.0,0.0,0.0,0.0,0.0,0.0,0.0,0.0,0.0,0.0,0.0,0.0,0.0,0.0,0.0,0.0,0.0,0.0,0.0,0.0,0.0,0.0,0.0,0.0,0.0,0.0,0.0
1500859,Anapu,0.0,0.0,0.0,0.0,0.013541666666666667,0.030625,0.05756666666666667,0.048675,0.079625,0.0723,0.095775,0.09006666666666667,0.115775,0.081875,0.040591666666666665,0.03256666666666667,0.023075,0.0134,0.032391666666666666,0.041325,0.0239,0.029333333333333333,0.015758333333333333,0.012875,0.01115,0.0074333333333333335,0.005025,0.006725,0.003258333333333333,0.003975,0.001825,0.002841666666666667,0.004291666666666667,0.0008083333333333333,0.0003083333333333333,0.0012166666666666667,0.0001,0.0,0.0,0.0,0.0,0.0,0.0,0.0,0.0,0.0,0.0,0.0,0.0,0.0,0.0,0.0,0.0,0.0,0.0,0.0,0.0,0.0,0.0,0.0,0.0,0.0,0.0,0.0,0.0,0.0,0.0,0.0,0.0,0.0,0.0,0.0,0.0,0.0,0.0,0.0,0.0,0.0,0.0,0.0,0.0,0.0,0.0,0.0,0.0,0.0,0.0,0.0,0.0,0.0,0.0,0.0,0.0,0.0,0.0,0.0,0.0,0.0,0.0,0.0,0.0,0.0,0.0,0.0,0.0,0.0,0.0,0.0,0.0,0.0,0.0,0.0,0.0,0.0,0.0,0.0,0.0,0.0,0.0,0.0,0.0,0.0,0.0,0.0,0.0,0.0,0.0,0.0,0.0,0.0,0.0,0.0,0.0,0.0,0.0,0.0,0.0,0.0,0.0,0.0,0.0,0.0,0.0,0.0
1503200,Igarapé-Açu,0.0,0.0,0.0,0.0,0.0,0.0,0.0,0.025858333333333334,0.09715833333333333,0.14360833333333334,0.11750833333333334,0.06205,0.08310833333333334,0.09255833333333334,0.045491666666666666,0.0377,0.033725,0.06521666666666667,0.029391666666666667,0.029391666666666667,0.028566666666666667,0.01985,0.03660833333333333,0.016175,0.009125,0.011008333333333334,0.005691666666666667,0.002625,0.0021666666666666666,0.003575,0.0015833333333333333,8.333333333333333e-05,0.000175,0.0,0.0,0.0,0.0,0.0,0.0,0.0,0.0,0.0,0.0,0.0,0.0,0.0,0.0,0.0,0.0,0.0,0.0,0.0,0.0,0.0,0.0,0.0,0.0,0.0,0.0,0.0,0.0,0.0,0.0,0.0,0.0,0.0,0.0,0.0,0.0,0.0,0.0,0.0,0.0,0.0,0.0,0.0,0.0,0.0,0.0,0.0,0.0,0.0,0.0,0.0,0.0,0.0,0.0,0.0,0.0,0.0,0.0,0.0,0.0,0.0,0.0,0.0,0.0,0.0,0.0,0.0,0.0,0.0,0.0,0.0,0.0,0.0,0.0,0.0,0.0,0.0,0.0,0.0,0.0,0.0,0.0,0.0,0.0,0.0,0.0,0.0,0.0,0.0,0.0,0.0,0.0,0.0,0.0,0.0,0.0,0.0,0.0,0.0,0.0,0.0,0.0,0.0,0.0,0.0,0.0,0.0,0.0,0.0,0.0,0.0
1504901,Muaná,0.0,0.0002916666666666667,0.0015416666666666667,0.015466666666666667,0.019241666666666667,0.037225,0.048966666666666665,0.05134166666666667,0.08186666666666667,0.05060833333333333,0.08604166666666667,0.049508333333333335,0.06488333333333333,0.060941666666666665,0.080925,0.079375,0.04715,0.03145,0.03411666666666666,0.034091666666666666,0.027708333333333335,0.016916666666666667,0.020341666666666668,0.0124,0.018925,0.004841666666666667,0.006175,0.00475,0.0034666666666666665,0.00155,0.0024916666666666668,0.0016833333333333333,0.0009916666666666667,0.002183333333333333,0.0004,0.00014166666666666668,0.0,0.0,0.0,0.0,0.0,0.0,0.0,0.0,0.0,0.0,0.0,0.0,0.0,0.0,0.0,0.0,0.0,0.0,0.0,0.0,0.0,0.0,0.0,0.0,0.0,0.0,0.0,0.0,0.0,0.0,0.0,0.0,0.0,0.0,0.0,0.0,0.0,0.0,0.0,0.0,0.0,0.0,0.0,0.0,0.0,0.0,0.0,0.0,0.0,0.0,0.0,0.0,0.0,0.0,0.0,0.0,0.0,0.0,0.0,0.0,0.0,0.0,0.0,0.0,0.0,0.0,0.0,0.0,0.0,0.0,0.0,0.0,0.0,0.0,0.0,0.0,0.0,0.0,0.0,0.0,0.0,0.0,0.0,0.0,0.0,0.0,0.0,0.0,0.0,0.0,0.0,0.0,0.0,0.0,0.0,0.0,0.0,0.0,0.0,0.0,0.0,0.0,0.0,0.0,0.0,0.0,0.0,0.0
1502764,Cumaru do Norte,0.0,0.0,0.0,0.0,0.0,0.0034666666666666665,0.077975,0.063,0.063625,0.07544166666666667,0.07014166666666667,0.073575,0.084125,0.10676666666666666,0.0848,0.041958333333333334,0.0029916666666666668,0.0008666666666666666,0.006225,0.01705,0.019833333333333335,0.03863333333333333,0.05025,0.021208333333333333,0.018441666666666665,0.013075,0.010525,0.0089,0.0065,0.006491666666666666,0.00495,0.006366666666666666,0.004166666666666667,0.0027833333333333334,0.0039833333333333335,0.0038833333333333333,0.002825,0.0024,0.00225,0.00020833333333333335,0.0002916666666666667,8.333333333333334e-06,1.6666666666666667e-05,0.0,0.0,0.0,0.0,0.0,0.0,0.0,0.0,0.0,0.0,0.0,0.0,0.0,0.0,0.0,0.0,0.0,0.0,0.0,0.0,0.0,0.0,0.0,0.0,0.0,0.0,0.0,0.0,0.0,0.0,0.0,0.0,0.0,0.0,0.0,0.0,0.0,0.0,0.0,0.0,0.0,0.0,0.0,0.0,0.0,0.0,0.0,0.0,0.0,0.0,0.0,0.0,0.0,0.0,0.0,0.0,0.0,0.0,0.0,0.0,0.0,0.0,0.0,0.0,0.0,0.0,0.0,0.0,0.0,0.0,0.0,0.0,0.0,0.0,0.0,0.0,0.0,0.0,0.0,0.0,0.0,0.0,0.0,0.0,0.0,0.0,0.0,0.0,0.0,0.0,0.0,0.0,0.0,0.0,0.0,0.0,0.0,0.0,0.0,0.0,0.0
1506583,Santa Maria das Barreiras,0.0,0.0,0.0,0.0,0.022366666666666667,0.028508333333333333,0.13455833333333334,0.10344166666666667,0.08035,0.05926666666666667,0.070325,0.054316666666666666,0.03954166666666667,0.06358333333333334,0.047525,0.044441666666666664,0.03741666666666667,0.04334166666666667,0.025391666666666667,0.024425,0.024708333333333332,0.0187,0.011875,0.0067083333333333335,0.006083333333333333,0.0048916666666666666,0.006066666666666666,0.003033333333333333,0.0037333333333333333,0.003175,0.0033583333333333334,0.004,0.0033583333333333334,0.0022833333333333334,0.003275,0.0019,0.002475,0.0017166666666666667,0.002108333333333333,0.0016833333333333333,0.001375,0.0014166666666666668,0.0010833333333333333,0.000675,0.0002916666666666667,0.0007666666666666667,9.166666666666667e-05,5e-05,0.00031666666666666665,0.0,0.0,0.0,0.0,0.0,0.0,0.0,0.0,0.0,0.0,0.0,0.0,0.0,0.0,0.0,0.0,0.0,0.0,0.0,0.0,0.0,0.0,0.0,0.0,0.0,0.0,0.0,0.0,0.0,0.0,0.0,0.0,0.0,0.0,0.0,0.0,0.0,0.0,0.0,0.0,0.0,0.0,0.0,0.0,0.0,0.0,0.0,0.0,0.0,0.0,0.0,0.0,0.0,0.0,0.0,0.0,0.0,0.0,0.0,0.0,0.0,0.0,0.0,0.0,0.0,0.0,0.0,0.0,0.0,0.0,0.0,0.0,0.0,0.0,0.0,0.0,0.0,0.0,0.0,0.0,0.0,0.0,0.0,0.0,0.0,0.0,0.0,0.0,0.0,0.0,0.0,0.0,0.0,0.0,0.0
1507805,Senador José Porfírio,0.0,0.0,0.0002916666666666667,0.04435,0.0903,0.07281666666666667,0.08363333333333334,0.073525,0.0517,0.034025,0.033916666666666664,0.03859166666666667,0.043333333333333335,0.032675,0.04055,0.036775,0.021041666666666667,0.029808333333333333,0.023933333333333334,0.017366666666666666,0.0177,0.0191,0.0202,0.019325,0.017308333333333332,0.017966666666666666,0.017775,0.018366666666666667,0.01275,0.013958333333333333,0.013666666666666667,0.012375,0.009875,0.006483333333333333,0.003966666666666667,0.0040416666666666665,0.002225,0.0036583333333333333,0.000625,0.0,0.0,0.0,0.0,0.0,0.0,0.0,0.0,0.0,0.0,0.0,0.0,0.0,0.0,0.0,0.0,0.0,0.0,0.0,0.0,0.0,0.0,0.0,0.0,0.0,0.0,0.0,0.0,0.0,0.0,0.0,0.0,0.0,0.0,0.0,0.0,0.0,0.0,0.0,0.0,0.0,0.0,0.0,0.0,0.0,0.0,0.0,0.0,0.0,0.0,0.0,0.0,0.0,0.0,0.0,0.0,0.0,0.0,0.0,0.0,0.0,0.0,0.0,0.0,0.0,0.0,0.0,0.0,0.0,0.0,0.0,0.0,0.0,0.0,0.0,0.0,0.0,0.0,0.0,0.0,0.0,0.0,0.0,0.0,0.0,0.0,0.0,0.0,0.0,0.0,0.0,0.0,0.0,0.0,0.0,0.0,0.0,0.0,0.0,0.0,0.0,0.0,0.0,0.0,0.0
1507474,São João de Pirabas,0.0,0.0,0.0,0.0,0.0,0.0,0.0,0.0,0.016816666666666667,0.041775,0.069475,0.131425,0.059033333333333333,0.026225,0.04545833333333334,0.07561666666666667,0.10464166666666666,0.068525,0.0524,0.048341666666666665,0.039558333333333334,0.05429166666666667,0.031208333333333334,0.05200833333333333,0.01555,0.026075,0.011941666666666666,0.009458333333333332,0.0047,0.005233333333333334,0.0024,0.003108333333333333,0.0016333333333333334,0.0007166666666666667,0.0012083333333333334,0.0005083333333333333,0.0005166666666666667,0.00015,0.0,0.0,0.0,0.0,0.0,0.0,0.0,0.0,0.0,0.0,0.0,0.0,0.0,0.0,0.0,0.0,0.0,0.0,0.0,0.0,0.0,0.0,0.0,0.0,0.0,0.0,0.0,0.0,0.0,0.0,0.0,0.0,0.0,0.0,0.0,0.0,0.0,0.0,0.0,0.0,0.0,0.0,0.0,0.0,0.0,0.0,0.0,0.0,0.0,0.0,0.0,0.0,0.0,0.0,0.0,0.0,0.0,0.0,0.0,0.0,0.0,0.0,0.0,0.0,0.0,0.0,0.0,0.0,0.0,0.0,0.0,0.0,0.0,0.0,0.0,0.0,0.0,0.0,0.0,0.0,0.0,0.0,0.0,0.0,0.0,0.0,0.0,0.0,0.0,0.0,0.0,0.0,0.0,0.0,0.0,0.0,0.0,0.0,0.0,0.0,0.0,0.0,0.0,0.0,0.0,0.0
1506906,Santarém Novo,0.0,0.0,0.0,0.0,0.0,0.0,0.0,0.0,0.0,0.0,0.009925,0.061658333333333336,0.08089166666666667,0.042491666666666664,0.0725,0.0523,0.07651666666666666,0.08955,0.0965,0.05209166666666667,0.0443,0.040975,0.03904166666666667,0.031158333333333333,0.052208333333333336,0.03203333333333333,0.035491666666666664,0.016758333333333333,0.0164,0.011183333333333333,0.0061333333333333335,0.007366666666666666,0.0053,0.004625,0.00435,0.004783333333333333,0.0032416666666666666,0.0034416666666666667,0.001175,0.000825,0.0009833333333333332,0.0014,0.0008,0.00034166666666666666,0.000125,0.0009833333333333332,6.666666666666667e-05,8.333333333333333e-05,0.0,0.0,0.0,0.0,0.0,0.0,0.0,0.0,0.0,0.0,0.0,0.0,0.0,0.0,0.0,0.0,0.0,0.0,0.0,0.0,0.0,0.0,0.0,0.0,0.0,0.0,0.0,0.0,0.0,0.0,0.0,0.0,0.0,0.0,0.0,0.0,0.0,0.0,0.0,0.0,0.0,0.0,0.0,0.0,0.0,0.0,0.0,0.0,0.0,0.0,0.0,0.0,0.0,0.0,0.0,0.0,0.0,0.0,0.0,0.0,0.0,0.0,0.0,0.0,0.0,0.0,0.0,0.0,0.0,0.0,0.0,0.0,0.0,0.0,0.0,0.0,0.0,0.0,0.0,0.0,0.0,0.0,0.0,0.0,0.0,0.0,0.0,0.0,0.0,0.0,0.0,0.0,0.0,0.0,0.0,0.0
1502806,Curralinho,0.0,0.0,0.0,0.0,0.0,0.00305,0.004375,0.006875,0.008808333333333333,0.023016666666666668,0.020283333333333334,0.04156666666666667,0.045025,0.06374166666666667,0.07795,0.07911666666666667,0.07718333333333334,0.05749166666666667,0.038725,0.024658333333333334,0.033091666666666665,0.044691666666666664,0.021291666666666667,0.038516666666666664,0.036291666666666667,0.047766666666666666,0.04434166666666667,0.036691666666666664,0.022908333333333333,0.014158333333333334,0.016408333333333334,0.011283333333333333,0.009475,0.010991666666666667,0.006658333333333333,0.005675,0.006591666666666667,0.0033166666666666665,0.0045583333333333335,0.007108333333333334,0.005383333333333334,0.0008083333333333333,0.00010833333333333333,1.6666666666666667e-05,0.0,0.0,0.0,0.0,0.0,0.0,0.0,0.0,0.0,0.0,0.0,0.0,0.0,0.0,0.0,0.0,0.0,0.0,0.0,0.0,0.0,0.0,0.0,0.0,0.0,0.0,0.0,0.0,0.0,0.0,0.0,0.0,0.0,0.0,0.0,0.0,0.0,0.0,0.0,0.0,0.0,0.0,0.0,0.0,0.0,0.0,0.0,0.0,0.0,0.0,0.0,0.0,0.0,0.0,0.0,0.0,0.0,0.0,0.0,0.0,0.0,0.0,0.0,0.0,0.0,0.0,0.0,0.0,0.0,0.0,0.0,0.0,0.0,0.0,0.0,0.0,0.0,0.0,0.0,0.0,0.0,0.0,0.0,0.0,0.0,0.0,0.0,0.0,0.0,0.0,0.0,0.0,0.0,0.0,0.0,0.0,0.0,0.0,0.0,0.0
1501451,Belterra,0.0,0.0,0.0,0.0,0.0,0.0,0.0,0.0,0.0,0.0,0.0,0.0,0.0,0.0,0.01055,0.04824166666666667,0.05880833333333333,0.042866666666666664,0.06934166666666666,0.085525,0.096275,0.1055,0.086425,0.09225,0.07170833333333333,0.042341666666666666,0.03915833333333334,0.023816666666666667,0.0208,0.012291666666666666,0.0132,0.012625,0.012658333333333334,0.0114,0.008125,0.008066666666666666,0.006833333333333334,0.0082,0.005075,0.002416666666666667,0.0031583333333333333,0.0012083333333333334,0.0009583333333333333,9.166666666666667e-05,5.833333333333333e-05,1.6666666666666667e-05,8.333333333333334e-06,0.0,0.0,0.0,0.0,0.0,0.0,0.0,0.0,0.0,0.0,0.0,0.0,0.0,0.0,0.0,0.0,0.0,0.0,0.0,0.0,0.0,0.0,0.0,0.0,0.0,0.0,0.0,0.0,0.0,0.0,0.0,0.0,0.0,0.0,0.0,0.0,0.0,0.0,0.0,0.0,0.0,0.0,0.0,0.0,0.0,0.0,0.0,0.0,0.0,0.0,0.0,0.0,0.0,0.0,0.0,0.0,0.0,0.0,0.0,0.0,0.0,0.0,0.0,0.0,0.0,0.0,0.0,0.0,0.0,0.0,0.0,0.0,0.0,0.0,0.0,0.0,0.0,0.0,0.0,0.0,0.0,0.0,0.0,0.0,0.0,0.0,0.0,0.0,0.0,0.0,0.0,0.0,0.0,0.0,0.0,0.0,0.0
1507102,São Caetano de Odivelas,0.0,0.0,0.0,0.0,0.0,0.0,0.0,0.0,0.0,0.0,0.0298,0.0157,0.013233333333333333,0.04883333333333333,0.03811666666666667,0.024425,0.05445833333333333,0.058075,0.05209166666666667,0.059675,0.075125,0.050208333333333334,0.0322,0.038525,0.056275,0.06541666666666666,0.026816666666666666,0.03705,0.03673333333333333,0.026308333333333333,0.022608333333333334,0.02455,0.019008333333333332,0.014041666666666666,0.014441666666666667,0.0117,0.011383333333333334,0.007166666666666667,0.008133333333333333,0.00675,0.00385,0.0027833333333333334,0.002191666666666667,0.0030416666666666665,0.0018666666666666666,0.001175,0.000625,0.0021,0.001958333333333333,0.0007333333333333333,0.0007083333333333334,0.00010833333333333333,8.333333333333334e-06,0.0,0.0,0.0,0.0,0.0,0.0,0.0,0.0,0.0,0.0,0.0,0.0,0.0,0.0,0.0,0.0,0.0,0.0,0.0,0.0,0.0,0.0,0.0,0.0,0.0,0.0,0.0,0.0,0.0,0.0,0.0,0.0,0.0,0.0,0.0,0.0,0.0,0.0,0.0,0.0,0.0,0.0,0.0,0.0,0.0,0.0,0.0,0.0,0.0,0.0,0.0,0.0,0.0,0.0,0.0,0.0,0.0,0.0,0.0,0.0,0.0,0.0,0.0,0.0,0.0,0.0,0.0,0.0,0.0,0.0,0.0,0.0,0.0,0.0,0.0,0.0,0.0,0.0,0.0,0.0,0.0,0.0,0.0,0.0,0.0,0.0,0.0,0.0,0.0,0.0,0.0
1508001,Tomé-Açu,0.0,0.0,0.0,0.0,0.0,0.0,0.0,0.0,0.0,0.0,0.0,0.0,0.0,0.0,0.008141666666666667,0.03515,0.07183333333333333,0.05606666666666667,0.09269166666666667,0.122325,0.089225,0.059525,0.081125,0.05848333333333333,0.06000833333333333,0.0501,0.030133333333333335,0.022616666666666667,0.020625,0.018291666666666668,0.011991666666666666,0.011358333333333333,0.011291666666666667,0.011075,0.018833333333333334,0.011916666666666667,0.004325,0.005291666666666667,0.005641666666666666,0.005175,0.004791666666666666,0.003975,0.003916666666666666,0.0056,0.0023166666666666665,0.0021,0.0024666666666666665,0.0002,0.0001,0.0011583333333333333,0.00013333333333333334,0.0,0.0,0.0,0.0,0.0,0.0,0.0,0.0,0.0,0.0,0.0,0.0,0.0,0.0,0.0,0.0,0.0,0.0,0.0,0.0,0.0,0.0,0.0,0.0,0.0,0.0,0.0,0.0,0.0,0.0,0.0,0.0,0.0,0.0,0.0,0.0,0.0,0.0,0.0,0.0,0.0,0.0,0.0,0.0,0.0,0.0,0.0,0.0,0.0,0.0,0.0,0.0,0.0,0.0,0.0,0.0,0.0,0.0,0.0,0.0,0.0,0.0,0.0,0.0,0.0,0.0,0.0,0.0,0.0,0.0,0.0,0.0,0.0,0.0,0.0,0.0,0.0,0.0,0.0,0.0,0.0,0.0,0.0,0.0,0.0,0.0,0.0,0.0,0.0,0.0,0.0,0.0,0.0
1505601,Peixe-Boi,0.0,0.0,0.0,0.0,0.0,0.0,0.0,0.0,0.0,0.0,0.0006916666666666667,0.00595,0.005666666666666667,0.008275,0.012525,0.017925,0.0283,0.04125,0.034583333333333334,0.034591666666666666,0.04978333333333333,0.06368333333333333,0.05776666666666667,0.07371666666666667,0.059725,0.05421666666666667,0.05945,0.066075,0.07214166666666667,0.06439166666666667,0.049966666666666666,0.052491666666666666,0.04516666666666667,0.026525,0.007975,0.004175,0.0017166666666666667,0.0008833333333333333,0.0003916666666666667,0.0,0.0,0.0,0.0,0.0,0.0,0.0,0.0,0.0,0.0,0.0,0.0,0.0,0.0,0.0,0.0,0.0,0.0,0.0,0.0,0.0,0.0,0.0,0.0,0.0,0.0,0.0,0.0,0.0,0.0,0.0,0.0,0.0,0.0,0.0,0.0,0.0,0.0,0.0,0.0,0.0,0.0,0.0,0.0,0.0,0.0,0.0,0.0,0.0,0.0,0.0,0.0,0.0,0.0,0.0,0.0,0.0,0.0,0.0,0.0,0.0,0.0,0.0,0.0,0.0,0.0,0.0,0.0,0.0,0.0,0.0,0.0,0.0,0.0,0.0,0.0,0.0,0.0,0.0,0.0,0.0,0.0,0.0,0.0,0.0,0.0,0.0,0.0,0.0,0.0,0.0,0.0,0.0,0.0,0.0,0.0,0.0,0.0,0.0,0.0,0.0,0.0,0.0,0.0,0.0
1505437,Ourilândia do Norte,0.0,0.0,0.0,0.0,0.0,0.0,0.0,0.0,0.0,6.666666666666667e-05,0.005391666666666667,0.012816666666666667,0.010891666666666666,0.01485,0.012516666666666667,0.020008333333333333,0.040341666666666665,0.088575,0.05623333333333334,0.04218333333333334,0.05561666666666667,0.03965,0.041558333333333336,0.051508333333333337,0.0404,0.0417,0.044941666666666664,0.043116666666666664,0.03815,0.028866666666666665,0.027016666666666668,0.027625,0.017675,0.018308333333333333,0.014475,0.018866666666666667,0.015208333333333334,0.015708333333333335,0.012933333333333333,0.020391666666666666,0.013966666666666667,0.0186,0.012508333333333333,0.011408333333333333,0.0104,0.005333333333333333,0.006033333333333333,0.0019833333333333335,0.0021,7.5e-05,0.0,0.0,0.0,0.0,0.0,0.0,0.0,0.0,0.0,0.0,0.0,0.0,0.0,0.0,0.0,0.0,0.0,0.0,0.0,0.0,0.0,0.0,0.0,0.0,0.0,0.0,0.0,0.0,0.0,0.0,0.0,0.0,0.0,0.0,0.0,0.0,0.0,0.0,0.0,0.0,0.0,0.0,0.0,0.0,0.0,0.0,0.0,0.0,0.0,0.0,0.0,0.0,0.0,0.0,0.0,0.0,0.0,0.0,0.0,0.0,0.0,0.0,0.0,0.0,0.0,0.0,0.0,0.0,0.0,0.0,0.0,0.0,0.0,0.0,0.0,0.0,0.0,0.0,0.0,0.0,0.0,0.0,0.0,0.0,0.0,0.0,0.0,0.0,0.0,0.0,0.0,0.0,0.0,0.0
1505403,Ourém,0.0,0.0,0.0,0.0,0.0,0.0,0.0,0.0,0.0,0.0,0.0,0.01715,0.010041666666666667,0.0037416666666666666,0.010925,0.058725,0.025716666666666665,0.02005,0.0398,0.04158333333333333,0.029608333333333334,0.03621666666666667,0.04925,0.05985833333333333,0.054966666666666664,0.07215,0.07819166666666667,0.060675,0.04774166666666667,0.05175,0.038375,0.03194166666666667,0.03294166666666667,0.022891666666666668,0.025641666666666667,0.019341666666666667,0.016433333333333335,0.010566666666666667,0.008258333333333333,0.006058333333333333,0.005391666666666667,0.0031333333333333335,0.0028666666666666667,0.001725,0.001125,0.0007583333333333333,0.002108333333333333,0.0013416666666666666,0.0007666666666666667,0.00019166666666666667,0.0,0.0,0.0,0.0,0.0,0.0,0.0,0.0,0.0,0.0,0.0,0.0,0.0,0.0,0.0,0.0,0.0,0.0,0.0,0.0,0.0,0.0,0.0,0.0,0.0,0.0,0.0,0.0,0.0,0.0,0.0,0.0,0.0,0.0,0.0,0.0,0.0,0.0,0.0,0.0,0.0,0.0,0.0,0.0,0.0,0.0,0.0,0.0,0.0,0.0,0.0,0.0,0.0,0.0,0.0,0.0,0.0,0.0,0.0,0.0,0.0,0.0,0.0,0.0,0.0,0.0,0.0,0.0,0.0,0.0,0.0,0.0,0.0,0.0,0.0,0.0,0.0,0.0,0.0,0.0,0.0,0.0,0.0,0.0,0.0,0.0,0.0,0.0,0.0,0.0,0.0,0.0,0.0,0.0
1500404,Alenquer,0.0,0.0,0.0,0.0,0.0,0.0,0.0,9.166666666666667e-05,0.010333333333333333,0.008633333333333333,0.003475,0.002825,0.006675,0.017191666666666668,0.018141666666666667,0.04974166666666666,0.05631666666666667,0.036066666666666664,0.027408333333333333,0.029108333333333333,0.027641666666666665,0.05045,0.03835,0.03135,0.03365833333333333,0.040633333333333334,0.04439166666666667,0.03750833333333333,0.030916666666666665,0.04178333333333333,0.033016666666666666,0.023283333333333333,0.021558333333333332,0.021008333333333334,0.018466666666666666,0.018141666666666667,0.019941666666666667,0.026791666666666665,0.019966666666666667,0.023075,0.018583333333333334,0.014666666666666666,0.0185,0.010958333333333334,0.011725,0.008883333333333333,0.010783333333333334,0.009291666666666667,0.009783333333333333,0.008891666666666668,0.0063416666666666665,0.0021333333333333334,0.0014,0.00011666666666666667,0.0,0.0,0.0,0.0,0.0,0.0,0.0,0.0,0.0,0.0,0.0,0.0,0.0,0.0,0.0,0.0,0.0,0.0,0.0,0.0,0.0,0.0,0.0,0.0,0.0,0.0,0.0,0.0,0.0,0.0,0.0,0.0,0.0,0.0,0.0,0.0,0.0,0.0,0.0,0.0,0.0,0.0,0.0,0.0,0.0,0.0,0.0,0.0,0.0,0.0,0.0,0.0,0.0,0.0,0.0,0.0,0.0,0.0,0.0,0.0,0.0,0.0,0.0,0.0,0.0,0.0,0.0,0.0,0.0,0.0,0.0,0.0,0.0,0.0,0.0,0.0,0.0,0.0,0.0,0.0,0.0,0.0,0.0,0.0,0.0,0.0,0.0,0.0,0.0,0.0
1507003,Santo Antônio do Tauá,0.0,0.0,0.0,0.0,0.0,0.0,0.0,0.0,0.0,0.0,0.0,0.0,0.0,0.0008666666666666666,0.007733333333333333,0.014616666666666667,0.029566666666666668,0.028441666666666667,0.022841666666666666,0.03546666666666667,0.0627,0.04114166666666667,0.054175,0.06125833333333333,0.059475,0.054175,0.06188333333333333,0.066275,0.057175,0.038475,0.050208333333333334,0.029983333333333334,0.02795,0.02896666666666667,0.017466666666666665,0.016933333333333335,0.016716666666666668,0.018658333333333332,0.014216666666666667,0.012466666666666666,0.010875,0.007258333333333334,0.0081,0.005783333333333333,0.005308333333333333,0.006675,0.004541666666666667,0.0023583333333333334,0.003533333333333333,0.0029416666666666666,0.004958333333333334,0.0016333333333333334,0.0011,0.0011166666666666666,0.0011,0.000275,0.0013916666666666667,0.0008916666666666667,0.000275,4.1666666666666665e-05,8.333333333333334e-06,0.0,0.0,0.0,0.0,0.0,0.0,0.0,0.0,0.0,0.0,0.0,0.0,0.0,0.0,0.0,0.0,0.0,0.0,0.0,0.0,0.0,0.0,0.0,0.0,0.0,0.0,0.0,0.0,0.0,0.0,0.0,0.0,0.0,0.0,0.0,0.0,0.0,0.0,0.0,0.0,0.0,0.0,0.0,0.0,0.0,0.0,0.0,0.0,0.0,0.0,0.0,0.0,0.0,0.0,0.0,0.0,0.0,0.0,0.0,0.0,0.0,0.0,0.0,0.0,0.0,0.0,0.0,0.0,0.0,0.0,0.0,0.0,0.0,0.0,0.0,0.0,0.0,0.0,0.0,0.0,0.0,0.0,0.0
1504000,Limoeiro do Ajuru,0.0,0.0,0.0,0.0,0.0,0.0,0.0,0.0,0.0,0.0,0.0,0.0,0.0023083333333333332,0.006008333333333333,0.0025,0.015525,0.020225,0.026608333333333335,0.04,0.037891666666666664,0.029991666666666666,0.037875,0.03335,0.038,0.041341666666666665,0.03244166666666667,0.04189166666666667,0.041225,0.034425,0.027291666666666665,0.03265,0.028158333333333334,0.034825,0.04435833333333333,0.0462,0.034833333333333334,0.04265833333333333,0.0346,0.029233333333333333,0.037675,0.03195833333333333,0.018883333333333332,0.022291666666666668,0.010633333333333333,0.01095,0.008625,0.008425,0.004675,0.003575,0.0033583333333333334,0.0024833333333333335,5e-05,0.0,0.0,0.0,0.0,0.0,0.0,0.0,0.0,0.0,0.0,0.0,0.0,0.0,0.0,0.0,0.0,0.0,0.0,0.0,0.0,0.0,0.0,0.0,0.0,0.0,0.0,0.0,0.0,0.0,0.0,0.0,0.0,0.0,0.0,0.0,0.0,0.0,0.0,0.0,0.0,0.0,0.0,0.0,0.0,0.0,0.0,0.0,0.0,0.0,0.0,0.0,0.0,0.0,0.0,0.0,0.0,0.0,0.0,0.0,0.0,0.0,0.0,0.0,0.0,0.0,0.0,0.0,0.0,0.0,0.0,0.0,0.0,0.0,0.0,0.0,0.0,0.0,0.0,0.0,0.0,0.0,0.0,0.0,0.0,0.0,0.0,0.0,0.0,0.0,0.0,0.0,0.0
1505031,Novo Progresso,0.0,0.0,0.0,0.0,0.0,0.0,0.0,9.166666666666667e-05,0.00295,0.0066,0.009608333333333333,0.0058583333333333334,0.005075,0.004091666666666667,0.005058333333333333,0.009908333333333333,0.018583333333333334,0.017758333333333334,0.032575,0.048558333333333335,0.044375,0.037866666666666667,0.040225,0.036533333333333334,0.055266666666666665,0.057183333333333336,0.05585,0.043816666666666663,0.03399166666666667,0.03485,0.03386666666666667,0.037925,0.025891666666666667,0.02255,0.023025,0.022108333333333334,0.0219,0.015566666666666666,0.023766666666666665,0.019925,0.022016666666666667,0.02665,0.021133333333333334,0.014283333333333334,0.008833333333333334,0.010291666666666666,0.008183333333333334,0.00915,0.00535,0.003183333333333333,0.00415,0.004608333333333333,0.002683333333333333,0.00275,0.00075,0.00085,0.0006666666666666666,0.0005666666666666667,0.0005333333333333334,0.00016666666666666666,0.0,0.0,0.0,0.0,0.0,0.0,0.0,0.0,0.0,0.0,0.0,0.0,0.0,0.0,0.0,0.0,0.0,0.0,0.0,0.0,0.0,0.0,0.0,0.0,0.0,0.0,0.0,0.0,0.0,0.0,0.0,0.0,0.0,0.0,0.0,0.0,0.0,0.0,0.0,0.0,0.0,0.0,0.0,0.0,0.0,0.0,0.0,0.0,0.0,0.0,0.0,0.0,0.0,0.0,0.0,0.0,0.0,0.0,0.0,0.0,0.0,0.0,0.0,0.0,0.0,0.0,0.0,0.0,0.0,0.0,0.0,0.0,0.0,0.0,0.0,0.0,0.0,0.0,0.0,0.0,0.0,0.0,0.0,0.0
1505635,Piçarra,0.0,0.0,0.0,0.0,0.0,0.0,0.0,0.0073416666666666665,0.017166666666666667,0.021808333333333332,0.010208333333333333,0.011016666666666666,0.019341666666666667,0.018125,0.018683333333333333,0.036333333333333336,0.022033333333333332,0.017891666666666667,0.020258333333333333,0.020391666666666666,0.017383333333333334,0.014741666666666667,0.021183333333333332,0.022083333333333333,0.018958333333333334,0.025208333333333333,0.029583333333333333,0.027316666666666666,0.023791666666666666,0.027458333333333335,0.0223,0.03154166666666667,0.0304,0.029858333333333334,0.03698333333333333,0.031591666666666664,0.03676666666666667,0.033725,0.02665,0.028,0.023608333333333332,0.02205,0.01805,0.021975,0.016716666666666668,0.015825,0.015058333333333333,0.015825,0.012933333333333333,0.013125,0.009208333333333334,0.012258333333333333,0.00795,0.004858333333333333,0.00445,0.003691666666666667,0.002475,0.0015416666666666667,0.0014333333333333333,0.0006333333333333333,0.00013333333333333334,6.666666666666667e-05,8.333333333333334e-06,0.0,0.0,0.0,0.0,0.0,0.0,0.0,0.0,0.0,0.0,0.0,0.0,0.0,0.0,0.0,0.0,0.0,0.0,0.0,0.0,0.0,0.0,0.0,0.0,0.0,0.0,0.0,0.0,0.0,0.0,0.0,0.0,0.0,0.0,0.0,0.0,0.0,0.0,0.0,0.0,0.0,0.0,0.0,0.0,0.0,0.0,0.0,0.0,0.0,0.0,0.0,0.0,0.0,0.0,0.0,0.0,0.0,0.0,0.0,0.0,0.0,0.0,0.0,0.0,0.0,0.0,0.0,0.0,0.0,0.0,0.0,0.0,0.0,0.0,0.0,0.0,0.0,0.0,0.0,0.0,0.0
1504802,Monte Alegre,0.0,0.0,0.0,0.0,0.0,0.0,0.0,0.0,0.0,0.0,0.0,0.0018916666666666667,4.1666666666666665e-05,0.0028166666666666665,0.0029666666666666665,0.00275,0.007666666666666666,0.019733333333333332,0.045533333333333335,0.03955,0.03528333333333333,0.024891666666666666,0.05145,0.028941666666666668,0.0328,0.020841666666666668,0.019191666666666666,0.04008333333333333,0.040358333333333336,0.04468333333333333,0.03795,0.037908333333333336,0.041675,0.036425,0.029775,0.023583333333333335,0.022291666666666668,0.024233333333333332,0.01964166666666667,0.027741666666666668,0.030016666666666667,0.033025,0.023433333333333334,0.017575,0.017091666666666668,0.014558333333333333,0.011258333333333334,0.01545,0.013483333333333333,0.013366666666666667,0.012216666666666667,0.012966666666666666,0.00945,0.0061916666666666665,0.004208333333333333,0.00125,0.0011916666666666666,0.0005666666666666667,0.0,0.0,0.0,0.0,0.0,0.0,0.0,0.0,0.0,0.0,0.0,0.0,0.0,0.0,0.0,0.0,0.0,0.0,0.0,0.0,0.0,0.0,0.0,0.0,0.0,0.0,0.0,0.0,0.0,0.0,0.0,0.0,0.0,0.0,0.0,0.0,0.0,0.0,0.0,0.0,0.0,0.0,0.0,0.0,0.0,0.0,0.0,0.0,0.0,0.0,0.0,0.0,0.0,0.0,0.0,0.0,0.0,0.0,0.0,0.0,0.0,0.0,0.0,0.0,0.0,0.0,0.0,0.0,0.0,0.0,0.0,0.0,0.0,0.0,0.0,0.0,0.0,0.0,0.0,0.0,0.0,0.0,0.0,0.0,0.0,0.0
1501725,Brasil Novo,0.0,0.0,0.0,0.0,0.0,0.0,0.0,0.0,0.0,0.0,0.0,0.0009583333333333333,0.00034166666666666666,0.0016916666666666666,0.006866666666666667,0.006375,0.0082,0.013766666666666667,0.019025,0.021416666666666667,0.019625,0.021525,0.02325,0.032508333333333334,0.023316666666666666,0.037325,0.042875,0.038925,0.05503333333333333,0.044275,0.049966666666666666,0.050275,0.04464166666666667,0.048016666666666666,0.040233333333333336,0.03136666666666667,0.039,0.030091666666666666,0.03315833333333333,0.026175,0.029341666666666665,0.020516666666666666,0.021233333333333333,0.020966666666666668,0.017266666666666666,0.013558333333333334,0.010566666666666667,0.016058333333333334,0.008958333333333334,0.008641666666666667,0.008266666666666667,0.005391666666666667,0.001825,0.0031333333333333335,0.0012083333333333334,0.0010916666666666666,0.00046666666666666666,0.0003083333333333333,0.0006583333333333334,0.0002666666666666667,5e-05,0.0,0.0,0.0,0.0,0.0,0.0,0.0,0.0,0.0,0.0,0.0,0.0,0.0,0.0,0.0,0.0,0.0,0.0,0.0,0.0,0.0,0.0,0.0,0.0,0.0,0.0,0.0,0.0,0.0,0.0,0.0,0.0,0.0,0.0,0.0,0.0,0.0,0.0,0.0,0.0,0.0,0.0,0.0,0.0,0.0,0.0,0.0,0.0,0.0,0.0,0.0,0.0,0.0,0.0,0.0,0.0,0.0,0.0,0.0,0.0,0.0,0.0,0.0,0.0,0.0,0.0,0.0,0.0,0.0,0.0,0.0,0.0,0.0,0.0,0.0,0.0,0.0,0.0,0.0,0.0,0.0,0.0,0.0
1507466,São João da Ponta,0.0,0.0,0.0,0.0,0.0,0.0,0.0,0.0,0.0,0.0,0.0,0.0,0.0,0.0,0.0,0.0,0.0,0.0,0.0006416666666666667,0.0014416666666666666,0.005966666666666667,0.009483333333333333,0.015258333333333334,0.012483333333333334,0.01475,0.018666666666666668,0.041508333333333335,0.04505833333333333,0.039483333333333336,0.042375,0.044041666666666666,0.03425,0.03883333333333333,0.05239166666666667,0.0523,0.056025,0.0564,0.04795833333333333,0.05624166666666667,0.057575,0.050975,0.03665,0.037316666666666665,0.031241666666666668,0.026425,0.028591666666666668,0.019558333333333334,0.013225,0.008583333333333333,0.00295,0.0011083333333333333,0.00024166666666666667,0.0,0.0,0.0,0.0,0.0,0.0,0.0,0.0,0.0,0.0,0.0,0.0,0.0,0.0,0.0,0.0,0.0,0.0,0.0,0.0,0.0,0.0,0.0,0.0,0.0,0.0,0.0,0.0,0.0,0.0,0.0,0.0,0.0,0.0,0.0,0.0,0.0,0.0,0.0,0.0,0.0,0.0,0.0,0.0,0.0,0.0,0.0,0.0,0.0,0.0,0.0,0.0,0.0,0.0,0.0,0.0,0.0,0.0,0.0,0.0,0.0,0.0,0.0,0.0,0.0,0.0,0.0,0.0,0.0,0.0,0.0,0.0,0.0,0.0,0.0,0.0,0.0,0.0,0.0,0.0,0.0,0.0,0.0,0.0,0.0,0.0,0.0,0.0,0.0,0.0,0.0,0.0
1503309,Igarapé-Miri,0.0,0.0,0.0,0.0,0.0,0.0,0.0,0.0,0.0,0.0,0.0,0.0,0.0,0.0,0.0,0.0,0.0,0.0,0.0,0.0004,0.0025,0.003108333333333333,0.006966666666666667,0.014941666666666667,0.016058333333333334,0.018441666666666665,0.017966666666666666,0.025275,0.02815,0.0364,0.038933333333333334,0.05095,0.050758333333333336,0.055808333333333335,0.05375,0.06010833333333333,0.06633333333333333,0.077425,0.07555833333333334,0.05025,0.047525,0.05160833333333333,0.038425,0.03410833333333333,0.027733333333333332,0.0228,0.0133,0.007483333333333333,0.0033666666666666667,0.0019666666666666665,0.0016,0.0,0.0,0.0,0.0,0.0,0.0,0.0,0.0,0.0,0.0,0.0,0.0,0.0,0.0,0.0,0.0,0.0,0.0,0.0,0.0,0.0,0.0,0.0,0.0,0.0,0.0,0.0,0.0,0.0,0.0,0.0,0.0,0.0,0.0,0.0,0.0,0.0,0.0,0.0,0.0,0.0,0.0,0.0,0.0,0.0,0.0,0.0,0.0,0.0,0.0,0.0,0.0,0.0,0.0,0.0,0.0,0.0,0.0,0.0,0.0,0.0,0.0,0.0,0.0,0.0,0.0,0.0,0.0,0.0,0.0,0.0,0.0,0.0,0.0,0.0,0.0,0.0,0.0,0.0,0.0,0.0,0.0,0.0,0.0,0.0,0.0,0.0,0.0,0.0,0.0,0.0,0.0,0.0
1506195,Rurópolis,0.0,0.0,0.0,0.0,0.0,0.0,0.0,0.0,0.0,0.0,0.0,0.0,0.0,0.0,0.0,0.0,0.0,0.0,0.0,0.0,0.00013333333333333334,0.005291666666666667,0.015533333333333333,0.020475,0.04998333333333333,0.044191666666666664,0.026941666666666666,0.043816666666666663,0.07241666666666667,0.07474166666666666,0.06379166666666666,0.05733333333333333,0.044741666666666666,0.0348,0.035425,0.0368,0.03398333333333333,0.03668333333333333,0.037375,0.026533333333333332,0.028433333333333335,0.026041666666666668,0.025383333333333334,0.019575,0.020641666666666666,0.02033333333333333,0.016275,0.013808333333333334,0.008975,0.0087,0.00665,0.008258333333333333,0.007525,0.008808333333333333,0.0065583333333333335,0.0039,0.0033916666666666665,0.0025,0.00195,0.0007333333333333333,0.00048333333333333334,8.333333333333333e-05,0.0,0.0,0.0,0.0,0.0,0.0,0.0,0.0,0.0,0.0,0.0,0.0,0.0,0.0,0.0,0.0,0.0,0.0,0.0,0.0,0.0,0.0,0.0,0.0,0.0,0.0,0.0,0.0,0.0,0.0,0.0,0.0,0.0,0.0,0.0,0.0,0.0,0.0,0.0,0.0,0.0,0.0,0.0,0.0,0.0,0.0,0.0,0.0,0.0,0.0,0.0,0.0,0.0,0.0,0.0,0.0,0.0,0.0,0.0,0.0,0.0,0.0,0.0,0.0,0.0,0.0,0.0,0.0,0.0,0.0,0.0,0.0,0.0,0.0,0.0,0.0,0.0,0.0,0.0,0.0,0.0,0.0
1503408,Inhangapi,0.0,0.0,0.0,0.0,0.0,0.0,0.0,0.0,0.0,0.00021666666666666666,0.00055,0.0014833333333333332,0.0032916666666666667,0.005025,0.008475,0.0066,0.016,0.014641666666666667,0.0187,0.017075,0.019116666666666667,0.021358333333333333,0.017,0.017941666666666668,0.027558333333333334,0.027516666666666665,0.02135,0.023983333333333332,0.024516666666666666,0.020116666666666668,0.024325,0.021758333333333334,0.025216666666666665,0.039325,0.030358333333333334,0.03490833333333333,0.030466666666666666,0.03485,0.030266666666666667,0.0317,0.034325,0.036325,0.03336666666666667,0.034883333333333336,0.034058333333333336,0.030433333333333333,0.03815,0.03688333333333333,0.028758333333333334,0.029033333333333335,0.019683333333333334,0.010866666666666667,0.00615,0.003416666666666667,0.003191666666666667,0.0023666666666666667,0.0015333333333333334,0.000625,0.00025833333333333334,0.0,0.0,0.0,0.0,0.0,0.0,0.0,0.0,0.0,0.0,0.0,0.0,0.0,0.0,0.0,0.0,0.0,0.0,0.0,0.0,0.0,0.0,0.0,0.0,0.0,0.0,0.0,0.0,0.0,0.0,0.0,0.0,0.0,0.0,0.0,0.0,0.0,0.0,0.0,0.0,0.0,0.0,0.0,0.0,0.0,0.0,0.0,0.0,0.0,0.0,0.0,0.0,0.0,0.0,0.0,0.0,0.0,0.0,0.0,0.0,0.0,0.0,0.0,0.0,0.0,0.0,0.0,0.0,0.0,0.0,0.0,0.0,0.0,0.0,0.0,0.0,0.0,0.0,0.0,0.0,0.0,0.0,0.0,0.0,0.0
1501576,Bom Jesus do Tocantins,0.0,0.0,0.0,0.0,0.0,0.0,0.0,0.0,0.0,0.0,0.0,0.0,0.0,0.0,0.0,8.333333333333334e-06,0.000375,0.001225,0.0015583333333333332,0.004425,0.005641666666666666,0.008783333333333334,0.013908333333333333,0.012208333333333333,0.0104,0.011675,0.0108,0.01745,0.01985,0.03455,0.03320833333333333,0.03861666666666667,0.04423333333333333,0.04389166666666667,0.050883333333333336,0.05156666666666666,0.047125,0.05196666666666667,0.054358333333333335,0.06788333333333334,0.07484166666666667,0.059525,0.04546666666666667,0.03825833333333333,0.0299,0.03546666666666667,0.022091666666666666,0.019116666666666667,0.017383333333333334,0.006491666666666666,0.006416666666666667,0.005241666666666667,0.0032,8.333333333333334e-06,0.0,0.0,0.0,0.0,0.0,0.0,0.0,0.0,0.0,0.0,0.0,0.0,0.0,0.0,0.0,0.0,0.0,0.0,0.0,0.0,0.0,0.0,0.0,0.0,0.0,0.0,0.0,0.0,0.0,0.0,0.0,0.0,0.0,0.0,0.0,0.0,0.0,0.0,0.0,0.0,0.0,0.0,0.0,0.0,0.0,0.0,0.0,0.0,0.0,0.0,0.0,0.0,0.0,0.0,0.0,0.0,0.0,0.0,0.0,0.0,0.0,0.0,0.0,0.0,0.0,0.0,0.0,0.0,0.0,0.0,0.0,0.0,0.0,0.0,0.0,0.0,0.0,0.0,0.0,0.0,0.0,0.0,0.0,0.0,0.0,0.0,0.0,0.0,0.0,0.0
1508159,Uruará,0.0,0.0,0.0,0.0,0.0,0.0,0.0,0.0,0.0,0.0,0.0,0.0,0.0,4.1666666666666665e-05,0.00011666666666666667,7.5e-05,0.0013166666666666667,0.0019916666666666668,0.0043,0.008875,0.01185,0.009216666666666666,0.006458333333333333,0.010166666666666666,0.010116666666666666,0.0148,0.020575,0.017816666666666668,0.028483333333333333,0.025516666666666667,0.03231666666666667,0.03729166666666667,0.033791666666666664,0.030716666666666666,0.04115833333333333,0.05371666666666667,0.04870833333333333,0.045925,0.03751666666666666,0.041075,0.03684166666666667,0.03684166666666667,0.04205,0.041791666666666664,0.04218333333333334,0.042825,0.024116666666666668,0.022516666666666667,0.01775,0.019225,0.02145,0.015716666666666667,0.011083333333333334,0.012841666666666666,0.005458333333333333,0.008058333333333334,0.006566666666666667,0.0024833333333333335,0.0032083333333333334,0.004125,0.004441666666666667,0.003725,0.0007666666666666667,0.0,0.0,0.0,0.0,0.0,0.0,0.0,0.0,0.0,0.0,0.0,0.0,0.0,0.0,0.0,0.0,0.0,0.0,0.0,0.0,0.0,0.0,0.0,0.0,0.0,0.0,0.0,0.0,0.0,0.0,0.0,0.0,0.0,0.0,0.0,0.0,0.0,0.0,0.0,0.0,0.0,0.0,0.0,0.0,0.0,0.0,0.0,0.0,0.0,0.0,0.0,0.0,0.0,0.0,0.0,0.0,0.0,0.0,0.0,0.0,0.0,0.0,0.0,0.0,0.0,0.0,0.0,0.0,0.0,0.0,0.0,0.0,0.0,0.0,0.0,0.0,0.0,0.0,0.0,0.0,0.0
1502772,Curionópolis,0.0,0.0,0.0,0.0,0.0,0.0,0.0,0.0,0.0,0.0,0.0,0.0,0.0,0.0,0.0,0.0,0.0,0.0,0.0,0.0,0.0,0.0,0.0,0.0,0.0,0.0004583333333333333,0.0012833333333333334,0.005608333333333333,0.01615,0.03085,0.034,0.04025,0.061941666666666666,0.05616666666666666,0.06109166666666667,0.07205,0.065425,0.051275,0.05300833333333333,0.041791666666666664,0.03195833333333333,0.03339166666666667,0.0331,0.037191666666666665,0.023633333333333333,0.033466666666666665,0.036441666666666664,0.031483333333333335,0.034125,0.024233333333333332,0.028875,0.011983333333333334,0.010133333333333333,0.007375,0.005483333333333333,0.006541666666666667,0.0038583333333333334,0.00365,0.003,0.00385,0.0031333333333333335,0.0006166666666666666,0.0003916666666666667,0.0002666666666666667,0.000225,9.166666666666667e-05,2.5e-05,2.5e-05,0.0001,0.0,0.0,0.0,0.0,0.0,0.0,0.0,0.0,0.0,0.0,0.0,0.0,0.0,0.0,0.0,0.0,0.0,0.0,0.0,0.0,0.0,0.0,0.0,0.0,0.0,0.0,0.0,0.0,0.0,0.0,0.0,0.0,0.0,0.0,0.0,0.0,0.0,0.0,0.0,0.0,0.0,0.0,0.0,0.0,0.0,0.0,0.0,0.0,0.0,0.0,0.0,0.0,0.0,0.0,0.0,0.0,0.0,0.0,0.0,0.0,0.0,0.0,0.0,0.0,0.0,0.0,0.0,0.0,0.0,0.0,0.0,0.0,0.0,0.0,0.0
1503002,Faro,0.0,0.0,0.0,0.0,0.0,0.0,0.0,0.0,0.0,0.0,0.0,0.0,0.00016666666666666666,0.00035833333333333333,0.001575,0.0021,0.0047666666666666664,0.004358333333333333,0.003933333333333333,0.009591666666666667,0.010683333333333333,0.012625,0.013875,0.009633333333333334,0.011358333333333333,0.01355,0.011608333333333333,0.013316666666666666,0.015033333333333333,0.014433333333333333,0.015291666666666667,0.016391666666666665,0.020025,0.020566666666666667,0.021975,0.02435,0.03261666666666667,0.03495,0.03175,0.0359,0.0356,0.03879166666666667,0.046775,0.04455833333333333,0.04995,0.04090833333333333,0.052825,0.04235,0.044275,0.04195,0.030641666666666668,0.019508333333333332,0.019291666666666665,0.018783333333333332,0.014491666666666667,0.013433333333333334,0.01315,0.015866666666666668,0.010066666666666666,0.0,0.0,0.0,0.0,0.0,0.0,0.0,0.0,0.0,0.0,0.0,0.0,0.0,0.0,0.0,0.0,0.0,0.0,0.0,0.0,0.0,0.0,0.0,0.0,0.0,0.0,0.0,0.0,0.0,0.0,0.0,0.0,0.0,0.0,0.0,0.0,0.0,0.0,0.0,0.0,0.0,0.0,0.0,0.0,0.0,0.0,0.0,0.0,0.0,0.0,0.0,0.0,0.0,0.0,0.0,0.0,0.0,0.0,0.0,0.0,0.0,0.0,0.0,0.0,0.0,0.0,0.0,0.0,0.0,0.0,0.0,0.0,0.0,0.0,0.0,0.0,0.0,0.0,0.0,0.0,0.0,0.0,0.0,0.0,0.0
1502608,Colares,0.0,0.0,0.0,0.0,0.0,0.0,0.0,0.0,0.0,0.0,0.0,0.0,0.0,0.0,0.0,0.0,0.0,0.0,0.0,0.0,0.0,0.0,0.0003916666666666667,0.0015416666666666667,0.005733333333333333,0.016966666666666668,0.03911666666666667,0.048641666666666666,0.050666666666666665,0.066075,0.07306666666666667,0.0656,0.05248333333333333,0.04265,0.04309166666666667,0.036625,0.034616666666666664,0.027675,0.023608333333333332,0.01935,0.021333333333333333,0.018008333333333335,0.024508333333333333,0.019441666666666666,0.023483333333333332,0.022708333333333334,0.021933333333333332,0.02095,0.02125,0.021241666666666666,0.018658333333333332,0.015858333333333332,0.014133333333333333,0.00955,0.0119,0.013466666666666667,0.008983333333333333,0.011708333333333333,0.007233333333333333,0.006008333333333333,0.003191666666666667,0.005825,0.0029416666666666666,0.0026333333333333334,0.00105,0.0006583333333333334,0.0005666666666666667,0.0005833333333333334,0.0007083333333333334,0.0005833333333333334,0.0005833333333333334,7.5e-05,9.166666666666667e-05,0.00010833333333333333,4.1666666666666665e-05,1.6666666666666667e-05,8.333333333333333e-05,0.0,0.0,0.0,0.0,0.0,0.0,0.0,0.0,0.0,0.0,0.0,0.0,0.0,0.0,0.0,0.0,0.0,0.0,0.0,0.0,0.0,0.0,0.0,0.0,0.0,0.0,0.0,0.0,0.0,0.0,0.0,0.0,0.0,0.0,0.0,0.0,0.0,0.0,0.0,0.0,0.0,0.0,0.0,0.0,0.0,0.0,0.0,0.0,0.0,0.0,0.0,0.0,0.0,0.0,0.0,0.0,0.0,0.0,0.0,0.0,0.0,0.0,0.0,0.0,0.0,0.0,0.0
1507151,São Domingos do Araguaia,0.0,0.0,0.0,0.0,0.0,0.0,0.0,0.0,0.0,0.0,0.0,0.0,0.0,0.0,0.0,0.0,0.0,0.0,0.0,0.0,0.0,0.0021666666666666666,0.0010083333333333333,0.0014166666666666668,0.0028,0.0030166666666666666,0.0074,0.009858333333333334,0.008033333333333333,0.011366666666666667,0.012125,0.016933333333333335,0.018141666666666667,0.03290833333333333,0.03808333333333333,0.050241666666666664,0.0615,0.05404166666666667,0.06510833333333334,0.05859166666666667,0.062775,0.062675,0.0644,0.04989166666666667,0.05434166666666667,0.03285,0.031841666666666664,0.037925,0.04,0.023108333333333335,0.01355,0.021383333333333334,0.014833333333333334,0.016266666666666665,0.01255,0.003966666666666667,0.0016916666666666666,0.0009666666666666667,0.000225,1.6666666666666667e-05,0.0,0.0,0.0,0.0,0.0,0.0,0.0,0.0,0.0,0.0,0.0,0.0,0.0,0.0,0.0,0.0,0.0,0.0,0.0,0.0,0.0,0.0,0.0,0.0,0.0,0.0,0.0,0.0,0.0,0.0,0.0,0.0,0.0,0.0,0.0,0.0,0.0,0.0,0.0,0.0,0.0,0.0,0.0,0.0,0.0,0.0,0.0,0.0,0.0,0.0,0.0,0.0,0.0,0.0,0.0,0.0,0.0,0.0,0.0,0.0,0.0,0.0,0.0,0.0,0.0,0.0,0.0,0.0,0.0,0.0,0.0,0.0,0.0,0.0,0.0,0.0,0.0,0.0,0.0,0.0,0.0,0.0,0.0,0.0
1501758,Brejo Grande do Araguaia,0.0,0.0,0.0,0.0,0.0,0.0,0.0,0.0,0.0,0.0,0.0,0.0,0.0,0.0,0.0,0.0,0.0,0.0,0.0,0.0,0.0,0.0,0.0,0.003925,0.0077083333333333335,0.008325,0.009933333333333334,0.012358333333333334,0.021808333333333332,0.0166,0.030283333333333332,0.034666666666666665,0.027733333333333332,0.025791666666666668,0.030391666666666668,0.039316666666666666,0.030291666666666668,0.033075,0.04765,0.058991666666666664,0.05749166666666667,0.060816666666666665,0.05458333333333333,0.04485,0.04899166666666667,0.0418,0.04869166666666667,0.04985,0.03785,0.020541666666666666,0.0245,0.0138,0.012316666666666667,0.016275,0.009716666666666667,0.011116666666666667,0.002975,0.0035166666666666666,0.00055,0.0009,1.6666666666666667e-05,0.0,0.0,0.0,0.0,0.0,0.0,0.0,0.0,0.0,0.0,0.0,0.0,0.0,0.0,0.0,0.0,0.0,0.0,0.0,0.0,0.0,0.0,0.0,0.0,0.0,0.0,0.0,0.0,0.0,0.0,0.0,0.0,0.0,0.0,0.0,0.0,0.0,0.0,0.0,0.0,0.0,0.0,0.0,0.0,0.0,0.0,0.0,0.0,0.0,0.0,0.0,0.0,0.0,0.0,0.0,0.0,0.0,0.0,0.0,0.0,0.0,0.0,0.0,0.0,0.0,0.0,0.0,0.0,0.0,0.0,0.0,0.0,0.0,0.0,0.0,0.0,0.0,0.0,0.0,0.0,0.0,0.0,0.0
1504455,Medicilândia,0.0,0.0,0.0,0.0,0.0,0.0,0.0,0.0,0.0,0.0,0.0,0.0,0.0,0.0,0.00011666666666666667,0.0010166666666666666,0.00085,0.0005083333333333333,0.0022,0.002683333333333333,0.0063,0.0069,0.006883333333333333,0.007691666666666667,0.011116666666666667,0.010958333333333334,0.0125,0.010833333333333334,0.010458333333333333,0.013125,0.01305,0.014366666666666666,0.016508333333333333,0.019741666666666668,0.020283333333333334,0.021333333333333333,0.022416666666666668,0.030808333333333333,0.029025,0.023425,0.0275,0.029316666666666668,0.028658333333333334,0.037575,0.041008333333333334,0.0505,0.043616666666666665,0.05485,0.06161666666666667,0.06964166666666667,0.060858333333333334,0.055983333333333336,0.035291666666666666,0.035975,0.029908333333333332,0.017566666666666668,0.003425,0.0013833333333333334,0.000225,0.0,0.0,0.0,0.0,0.0,0.0,0.0,0.0,0.0,0.0,0.0,0.0,0.0,0.0,0.0,0.0,0.0,0.0,0.0,0.0,0.0,0.0,0.0,0.0,0.0,0.0,0.0,0.0,0.0,0.0,0.0,0.0,0.0,0.0,0.0,0.0,0.0,0.0,0.0,0.0,0.0,0.0,0.0,0.0,0.0,0.0,0.0,0.0,0.0,0.0,0.0,0.0,0.0,0.0,0.0,0.0,0.0,0.0,0.0,0.0,0.0,0.0,0.0,0.0,0.0,0.0,0.0,0.0,0.0,0.0,0.0,0.0,0.0,0.0,0.0,0.0,0.0,0.0,0.0,0.0,0.0,0.0,0.0,0.0,0.0
1505809,Portel,0.0,0.0,0.0,0.0,0.0,0.0,0.0,0.0,0.0,0.0,0.0,0.0,0.0,0.0,0.0,0.0,0.0,0.0,0.0,0.0,0.0,0.007316666666666667,0.002183333333333333,0.017791666666666667,0.005816666666666667,0.012058333333333334,0.024183333333333334,0.01775,0.010916666666666667,0.018925,0.029483333333333334,0.02545,0.052533333333333335,0.038858333333333335,0.04119166666666667,0.046825,0.027291666666666665,0.033675,0.028658333333333334,0.026008333333333335,0.025541666666666667,0.03365833333333333,0.030266666666666667,0.0387,0.04095833333333333,0.031325,0.035425,0.03375,0.030158333333333332,0.0358,0.023558333333333334,0.029283333333333335,0.022916666666666665,0.024333333333333332,0.024475,0.016625,0.010041666666666667,0.010458333333333333,0.008966666666666666,0.0072833333333333335,0.00465,0.0047666666666666664,0.006866666666666667,0.001875,0.0010666666666666667,0.0001,0.00011666666666666667,0.00011666666666666667,0.0,0.0,0.0,0.0,0.0,0.0,0.0,0.0,0.0,0.0,0.0,0.0,0.0,0.0,0.0,0.0,0.0,0.0,0.0,0.0,0.0,0.0,0.0,0.0,0.0,0.0,0.0,0.0,0.0,0.0,0.0,0.0,0.0,0.0,0.0,0.0,0.0,0.0,0.0,0.0,0.0,0.0,0.0,0.0,0.0,0.0,0.0,0.0,0.0,0.0,0.0,0.0,0.0,0.0,0.0,0.0,0.0,0.0,0.0,0.0,0.0,0.0,0.0,0.0,0.0,0.0,0.0,0.0,0.0,0.0,0.0,0.0,0.0,0.0,0.0,0.0
1500909,Augusto Corrêa,0.0,0.0,0.0,0.0,0.0,0.0,0.0,0.0,0.0,0.0,0.0,0.0,0.0,0.0,0.0,0.0,0.0,0.0,0.0,0.0,0.0,0.0005583333333333333,0.0025416666666666665,0.0012333333333333332,0.003966666666666667,0.004591666666666667,0.005891666666666667,0.006966666666666667,0.01105,0.012383333333333333,0.011533333333333333,0.016458333333333332,0.022166666666666668,0.023716666666666667,0.017366666666666666,0.017358333333333333,0.013775,0.011225,0.020825,0.030916666666666665,0.0319,0.04086666666666667,0.047516666666666665,0.06235,0.05581666666666667,0.058975,0.0864,0.07736666666666667,0.06773333333333334,0.08553333333333334,0.058091666666666666,0.03909166666666666,0.0211,0.015325,0.009425,0.007983333333333334,0.0,0.0,0.0,0.0,0.0,0.0,0.0,0.0,0.0,0.0,0.0,0.0,0.0,0.0,0.0,0.0,0.0,0.0,0.0,0.0,0.0,0.0,0.0,0.0,0.0,0.0,0.0,0.0,0.0,0.0,0.0,0.0,0.0,0.0,0.0,0.0,0.0,0.0,0.0,0.0,0.0,0.0,0.0,0.0,0.0,0.0,0.0,0.0,0.0,0.0,0.0,0.0,0.0,0.0,0.0,0.0,0.0,0.0,0.0,0.0,0.0,0.0,0.0,0.0,0.0,0.0,0.0,0.0,0.0,0.0,0.0,0.0,0.0,0.0,0.0,0.0,0.0,0.0,0.0,0.0,0.0,0.0,0.0,0.0,0.0,0.0,0.0,0.0
1505007,Nova Timboteua,0.0,0.0,0.0,0.0,0.0,0.0,0.0,0.0,0.0,0.0,0.0,0.0,0.0,0.0,0.0,0.0,0.0,0.0,0.0,0.0,2.5e-05,0.00115,0.0018666666666666666,0.008591666666666666,0.009483333333333333,0.00435,0.0036166666666666665,0.015441666666666666,0.018291666666666668,0.017091666666666668,0.023833333333333335,0.029275,0.032058333333333335,0.044083333333333335,0.05204166666666667,0.03503333333333333,0.03818333333333333,0.040258333333333333,0.031216666666666667,0.025083333333333332,0.03385833333333333,0.041133333333333334,0.03854166666666667,0.033883333333333335,0.03746666666666667,0.035175,0.030983333333333335,0.028516666666666666,0.030591666666666666,0.027383333333333332,0.025575,0.019466666666666667,0.028133333333333333,0.0199,0.023883333333333333,0.023325,0.019375,0.012475,0.012341666666666667,0.007116666666666667,0.009816666666666666,0.0062833333333333335,0.014616666666666667,0.0035666666666666668,0.0014666666666666667,0.0015,0.001575,0.00065,0.000175,0.00014166666666666668,0.0001,8.333333333333334e-06,0.0,0.0,0.0,0.0,0.0,0.0,0.0,0.0,0.0,0.0,0.0,0.0,0.0,0.0,0.0,0.0,0.0,0.0,0.0,0.0,0.0,0.0,0.0,0.0,0.0,0.0,0.0,0.0,0.0,0.0,0.0,0.0,0.0,0.0,0.0,0.0,0.0,0.0,0.0,0.0,0.0,0.0,0.0,0.0,0.0,0.0,0.0,0.0,0.0,0.0,0.0,0.0,0.0,0.0,0.0,0.0,0.0,0.0,0.0,0.0,0.0,0.0,0.0,0.0,0.0,0.0,0.0,0.0,0.0,0.0,0.0,0.0
1507458,São Geraldo do Araguaia,0.0,0.0,0.0,0.0,0.0,0.0,0.0,0.0,0.0,0.0,0.0,0.0,0.0,0.0,0.0,0.0,0.0,0.0,0.0,0.0,0.0,0.0,0.0,0.0,0.0,0.0,0.0,0.0,0.0,0.00028333333333333335,0.0012416666666666667,0.002675,0.004116666666666667,0.004091666666666667,0.0076166666666666666,0.012225,0.017758333333333334,0.032266666666666666,0.043725,0.05915,0.06188333333333333,0.061525,0.06200833333333333,0.08405,0.06415833333333333,0.06474166666666667,0.07455833333333334,0.065375,0.043975,0.037641666666666664,0.03559166666666667,0.0299,0.03650833333333333,0.0317,0.026758333333333332,0.02195,0.009858333333333334,0.0015666666666666667,0.0010833333333333333,1.6666666666666667e-05,0.0,0.0,0.0,0.0,0.0,0.0,0.0,0.0,0.0,0.0,0.0,0.0,0.0,0.0,0.0,0.0,0.0,0.0,0.0,0.0,0.0,0.0,0.0,0.0,0.0,0.0,0.0,0.0,0.0,0.0,0.0,0.0,0.0,0.0,0.0,0.0,0.0,0.0,0.0,0.0,0.0,0.0,0.0,0.0,0.0,0.0,0.0,0.0,0.0,0.0,0.0,0.0,0.0,0.0,0.0,0.0,0.0,0.0,0.0,0.0,0.0,0.0,0.0,0.0,0.0,0.0,0.0,0.0,0.0,0.0,0.0,0.0,0.0,0.0,0.0,0.0,0.0,0.0,0.0,0.0,0.0,0.0,0.0,0.0
1505494,Palestina do Pará,0.0,0.0,0.0,0.0,0.0,0.0,0.0,0.0,0.0,0.0,0.00016666666666666666,0.0006833333333333333,0.0017333333333333333,0.0031666666666666666,0.002416666666666667,0.011333333333333334,0.010708333333333334,0.007691666666666667,0.005791666666666666,0.009833333333333333,0.0101,0.009266666666666666,0.012441666666666667,0.007516666666666666,0.008858333333333333,0.014766666666666668,0.0129,0.009941666666666666,0.013233333333333333,0.012233333333333334,0.014158333333333334,0.016175,0.017325,0.0152,0.019825,0.015141666666666666,0.019925,0.017891666666666667,0.016258333333333333,0.018133333333333335,0.018025,0.01735,0.020075,0.02020833333333333,0.022258333333333335,0.018808333333333333,0.01845,0.022308333333333333,0.034058333333333336,0.0342,0.03431666666666667,0.03800833333333333,0.03654166666666667,0.03915833333333334,0.03333333333333333,0.03175833333333333,0.031008333333333332,0.023575,0.03510833333333333,0.026075,0.023216666666666667,0.022333333333333334,0.024258333333333333,0.012458333333333333,0.008575,0.004808333333333334,0.00265,0.0024083333333333335,0.002341666666666667,0.002458333333333333,0.0015916666666666666,0.0015416666666666667,0.0010666666666666667,0.0006916666666666667,0.00015833333333333332,0.0,0.0,0.0,0.0,0.0,0.0,0.0,0.0,0.0,0.0,0.0,0.0,0.0,0.0,0.0,0.0,0.0,0.0,0.0,0.0,0.0,0.0,0.0,0.0,0.0,0.0,0.0,0.0,0.0,0.0,0.0,0.0,0.0,0.0,0.0,0.0,0.0,0.0,0.0,0.0,0.0,0.0,0.0,0.0,0.0,0.0,0.0,0.0,0.0,0.0,0.0,0.0,0.0,0.0,0.0,0.0,0.0,0.0,0.0,0.0,0.0,0.0,0.0,0.0,0.0,0.0,0.0,0.0,0.0
1500701,Anajás,0.0,0.0,0.0,0.0,0.0,0.0,0.0,0.0,0.0,0.0,0.0,0.0,0.0,0.0,0.0,0.0,0.0,0.0,0.0,0.0,0.0,8.333333333333333e-05,0.00034166666666666666,0.0008333333333333334,0.001525,0.0038166666666666666,0.002975,0.0019333333333333333,0.0042833333333333334,0.005416666666666667,0.004425,0.003375,0.005825,0.0066,0.005516666666666666,0.0067,0.007525,0.012566666666666667,0.013541666666666667,0.013508333333333334,0.012666666666666666,0.011333333333333334,0.020258333333333333,0.02185,0.024758333333333334,0.021875,0.023316666666666666,0.026066666666666665,0.03995,0.040925,0.053775,0.059741666666666665,0.06659166666666666,0.04343333333333333,0.04873333333333333,0.04575833333333333,0.034758333333333336,0.03515,0.033175,0.029075,0.018316666666666665,0.024083333333333335,0.03240833333333333,0.023216666666666667,0.028191666666666667,0.029516666666666667,0.017125,0.017233333333333333,0.007716666666666667,0.005108333333333334,0.0024,0.0007,0.0,0.0,0.0,0.0,0.0,0.0,0.0,0.0,0.0,0.0,0.0,0.0,0.0,0.0,0.0,0.0,0.0,0.0,0.0,0.0,0.0,0.0,0.0,0.0,0.0,0.0,0.0,0.0,0.0,0.0,0.0,0.0,0.0,0.0,0.0,0.0,0.0,0.0,0.0,0.0,0.0,0.0,0.0,0.0,0.0,0.0,0.0,0.0,0.0,0.0,0.0,0.0,0.0,0.0,0.0,0.0,0.0,0.0,0.0,0.0,0.0,0.0,0.0,0.0,0.0,0.0,0.0,0.0,0.0,0.0,0.0,0.0
1507508,São João do Araguaia,0.0,0.0,0.0,0.0,0.0,0.0,0.0,0.0,0.0,0.0,0.0,0.0,0.0,0.0,0.0,0.0,0.0,0.0,0.0,0.0,0.0,0.0,0.0,0.0,0.0,0.0,0.0,0.0,0.0002666666666666667,0.003275,0.0030833333333333333,0.00715,0.006391666666666667,0.019425,0.020283333333333334,0.0216,0.01995,0.026491666666666667,0.0252,0.02585,0.020566666666666667,0.022641666666666668,0.02121666666666667,0.022166666666666668,0.026908333333333333,0.029108333333333333,0.03045,0.033375,0.04380833333333333,0.04493333333333333,0.041725,0.04738333333333333,0.029975,0.030891666666666668,0.03356666666666667,0.03261666666666667,0.038275,0.03988333333333333,0.04575833333333333,0.027666666666666666,0.031975,0.018341666666666666,0.018133333333333335,0.021575,0.014066666666666667,0.019241666666666667,0.007983333333333334,0.004733333333333333,0.0053,0.003925,0.002758333333333333,0.0025,0.001675,0.0013166666666666667,0.0012833333333333334,0.001525,0.00046666666666666666,0.0010333333333333334,0.00016666666666666666,5.833333333333333e-05,5.833333333333333e-05,0.0,0.0,0.0,0.0,0.0,0.0,0.0,0.0,0.0,0.0,0.0,0.0,0.0,0.0,0.0,0.0,0.0,0.0,0.0,0.0,0.0,0.0,0.0,0.0,0.0,0.0,0.0,0.0,0.0,0.0,0.0,0.0,0.0,0.0,0.0,0.0,0.0,0.0,0.0,0.0,0.0,0.0,0.0,0.0,0.0,0.0,0.0,0.0,0.0,0.0,0.0,0.0,0.0,0.0,0.0,0.0,0.0,0.0,0.0,0.0,0.0,0.0,0.0
1505650,Placas,0.0,0.0,0.0,0.0,0.0,0.0,0.0,0.0,0.0,0.0,0.0,0.0,0.0,0.0,0.0,0.0,0.0,0.0,0.0,0.0,0.0,0.0,0.0,0.0,0.0,0.0,0.0,0.0,0.0,0.0,0.0,0.0,0.0,0.0,0.0,0.0,0.0,0.0,0.0018166666666666667,0.00036666666666666667,0.0017583333333333333,0.013183333333333333,0.0177,0.023975,0.03763333333333333,0.055683333333333335,0.049225,0.042458333333333334,0.037083333333333336,0.03895,0.050075,0.08355833333333333,0.09538333333333333,0.09681666666666666,0.06115,0.05289166666666666,0.03965833333333333,0.03290833333333333,0.030508333333333332,0.023241666666666667,0.024083333333333335,0.016566666666666667,0.026558333333333333,0.0188,0.010516666666666667,0.004325,0.0028333333333333335,0.001375,0.0032416666666666666,0.0025833333333333333,0.0018333333333333333,0.00023333333333333333,0.0005166666666666667,0.00024166666666666667,0.000175,9.166666666666667e-05,0.0,0.0,0.0,0.0,0.0,0.0,0.0,0.0,0.0,0.0,0.0,0.0,0.0,0.0,0.0,0.0,0.0,0.0,0.0,0.0,0.0,0.0,0.0,0.0,0.0,0.0,0.0,0.0,0.0,0.0,0.0,0.0,0.0,0.0,0.0,0.0,0.0,0.0,0.0,0.0,0.0,0.0,0.0,0.0,0.0,0.0,0.0,0.0,0.0,0.0,0.0,0.0,0.0,0.0,0.0,0.0,0.0,0.0,0.0,0.0,0.0,0.0,0.0,0.0,0.0,0.0,0.0,0.0
1501600,Bonito,0.0,0.0,0.0,0.0,0.0,0.0,0.0,0.0,0.0,0.0,0.0,0.0,0.0,0.0,0.0,0.0,0.0,0.0,0.0,0.0,0.0,0.0,0.0,0.0,0.0,0.0,0.00010833333333333333,0.004166666666666667,0.0036583333333333333,0.002775,0.0011333333333333334,0.0021,0.003025,0.005783333333333333,0.0073416666666666665,0.008525,0.021008333333333334,0.01605,0.022308333333333333,0.021908333333333332,0.0208,0.016966666666666668,0.021491666666666666,0.022433333333333333,0.03415833333333333,0.03448333333333333,0.02965833333333333,0.0244,0.03431666666666667,0.041025,0.046066666666666665,0.029791666666666668,0.034333333333333334,0.03285,0.03186666666666667,0.038891666666666665,0.03969166666666667,0.046516666666666664,0.034708333333333334,0.03815,0.03175,0.029941666666666665,0.026408333333333332,0.03238333333333333,0.025341666666666665,0.016725,0.017408333333333335,0.013725,0.010466666666666668,0.008041666666666667,0.005966666666666667,0.004216666666666666,0.00115,0.0007916666666666666,0.0010666666666666667,0.00048333333333333334,0.00019166666666666667,0.00040833333333333336,0.000175,0.00020833333333333335,0.0005416666666666666,0.00011666666666666667,0.0,0.0,0.0,0.0,0.0,0.0,0.0,0.0,0.0,0.0,0.0,0.0,0.0,0.0,0.0,0.0,0.0,0.0,0.0,0.0,0.0,0.0,0.0,0.0,0.0,0.0,0.0,0.0,0.0,0.0,0.0,0.0,0.0,0.0,0.0,0.0,0.0,0.0,0.0,0.0,0.0,0.0,0.0,0.0,0.0,0.0,0.0,0.0,0.0,0.0,0.0,0.0,0.0,0.0,0.0,0.0,0.0,0.0,0.0,0.0,0.0,0.0
1500131,Abel Figueiredo,0.0,0.0,0.0,0.0,0.0,0.0,0.0,0.0,0.0,0.0,0.0,0.0,0.0,0.0,0.0,0.0,0.0,0.0,0.0,4.1666666666666665e-05,0.000425,0.0005833333333333334,0.00055,0.0020166666666666666,0.0021583333333333333,0.002608333333333333,0.0053416666666666664,0.007466666666666667,0.008716666666666666,0.008808333333333333,0.00915,0.011333333333333334,0.01055,0.012741666666666667,0.014575,0.014316666666666667,0.016125,0.016733333333333333,0.017733333333333334,0.012941666666666667,0.01718333333333333,0.021041666666666667,0.025025,0.018875,0.027025,0.022433333333333333,0.017625,0.0206,0.019691666666666666,0.0216,0.026416666666666668,0.021308333333333332,0.023908333333333334,0.028858333333333333,0.030408333333333332,0.030225,0.034458333333333334,0.025941666666666665,0.01935,0.01948333333333333,0.017458333333333333,0.017158333333333334,0.015025,0.018308333333333333,0.017433333333333332,0.021116666666666666,0.01565,0.01825,0.020616666666666665,0.013983333333333334,0.011716666666666667,0.019433333333333334,0.014766666666666668,0.012616666666666667,0.009383333333333334,0.00965,0.008783333333333334,0.006,0.007233333333333333,0.007416666666666667,0.00645,0.0073416666666666665,0.0065,0.0064333333333333334,0.007208333333333333,0.005016666666666667,0.005383333333333334,0.005941666666666666,0.003958333333333334,0.005841666666666667,0.0015,0.004541666666666667,0.004225,0.0008833333333333333,0.0002666666666666667,5e-05,8.333333333333333e-05,0.0,0.0,0.0,0.0,0.0,0.0,0.0,0.0,0.0,0.0,0.0,0.0,0.0,0.0,0.0,0.0,0.0,0.0,0.0,0.0,0.0,0.0,0.0,0.0,0.0,0.0,0.0,0.0,0.0,0.0,0.0,0.0,0.0,0.0,0.0,0.0,0.0,0.0,0.0,0.0,0.0,0.0,0.0,0.0,0.0,0.0,0.0
1503093,Goianésia do Pará,0.0,0.0,0.0,0.0,0.0,0.0,0.0,0.0,0.0,0.0,0.0,0.0,0.0,0.0,0.0,0.0,0.0,0.0,0.0,0.0,0.0,0.0,0.0,0.0,0.0,0.0,0.0,0.0,0.0,0.0,0.0,0.0,0.0,0.0,0.0,0.0,0.0,0.000125,0.0007166666666666667,0.000375,0.003341666666666667,0.012441666666666667,0.00865,0.010575,0.0184,0.022383333333333335,0.024708333333333332,0.022691666666666666,0.03765,0.03374166666666667,0.054233333333333335,0.05529166666666667,0.07833333333333334,0.07290833333333334,0.07415,0.06255,0.07401666666666666,0.08639166666666667,0.0425,0.03240833333333333,0.024383333333333333,0.021133333333333334,0.01565,0.022566666666666665,0.0207,0.014058333333333334,0.012166666666666666,0.006725,0.005266666666666667,0.0041333333333333335,0.004166666666666667,0.0055583333333333335,0.004491666666666666,0.00405,0.00265,0.0012583333333333333,0.00035833333333333333,0.00025833333333333334,0.0005083333333333333,0.0005833333333333334,0.00023333333333333333,0.0002,0.00013333333333333334,0.000175,8.333333333333334e-06,0.0,0.0,0.0,0.0,0.0,0.0,0.0,0.0,0.0,0.0,0.0,0.0,0.0,0.0,0.0,0.0,0.0,0.0,0.0,0.0,0.0,0.0,0.0,0.0,0.0,0.0,0.0,0.0,0.0,0.0,0.0,0.0,0.0,0.0,0.0,0.0,0.0,0.0,0.0,0.0,0.0,0.0,0.0,0.0,0.0,0.0,0.0,0.0,0.0,0.0,0.0,0.0,0.0,0.0,0.0,0.0,0.0,0.0,0.0
1500347,Água Azul do Norte,0.0,0.0,0.0,0.0,0.0,0.0,0.0,0.0,0.0,0.0,0.0,0.0,0.0,0.0,0.0,0.0,0.0,0.0,0.0,0.0,0.0,0.0,0.0,0.0,0.0,0.0,0.0,0.0,0.0,0.0,0.0,0.0,0.0,0.0,0.0,0.0001,2.5e-05,0.0018166666666666667,0.003175,0.004266666666666667,0.007875,0.010091666666666667,0.011791666666666667,0.013641666666666667,0.014266666666666667,0.0215,0.030058333333333333,0.03245833333333333,0.032341666666666664,0.03535,0.03739166666666666,0.0429,0.04396666666666667,0.042758333333333336,0.0511,0.06999166666666666,0.05540833333333333,0.054141666666666664,0.04495,0.038141666666666664,0.03423333333333333,0.0351,0.0324,0.026633333333333332,0.03215833333333333,0.028425,0.03295,0.022741666666666667,0.010033333333333333,0.015941666666666666,0.011308333333333333,0.007941666666666666,0.003725,0.0017166666666666667,0.0013166666666666667,0.0010416666666666667,0.0008,0.0006,0.000425,0.000225,0.00034166666666666666,0.00035833333333333333,7.5e-05,0.0,0.0,0.0,0.0,0.0,0.0,0.0,0.0,0.0,0.0,0.0,0.0,0.0,0.0,0.0,0.0,0.0,0.0,0.0,0.0,0.0,0.0,0.0,0.0,0.0,0.0,0.0,0.0,0.0,0.0,0.0,0.0,0.0,0.0,0.0,0.0,0.0,0.0,0.0,0.0,0.0,0.0,0.0,0.0,0.0,0.0,0.0,0.0,0.0,0.0,0.0,0.0,0.0,0.0,0.0,0.0,0.0,0.0,0.0,0.0,0.0
1506609,Santa Maria do Pará,0.0,0.0,0.0,0.0,0.0,0.0,0.0,0.0,0.0,0.0,0.0,0.0,0.0,0.0,0.0,0.0,0.0,0.0,0.0,0.0,0.0,0.0,0.0,0.0,0.0,0.0,0.0,0.0,0.0,0.0,0.0,0.0,0.0,0.0,0.0,0.0,0.0,0.00013333333333333334,0.0005083333333333333,0.0015,0.002775,0.005325,0.007775,0.018341666666666666,0.023683333333333334,0.020566666666666667,0.022575,0.043583333333333335,0.0386,0.040725,0.06015,0.06205,0.046983333333333335,0.040633333333333334,0.03785,0.035833333333333335,0.057183333333333336,0.05864166666666667,0.045208333333333336,0.04600833333333333,0.044675,0.04364166666666667,0.026866666666666667,0.03245,0.01845,0.024575,0.01595,0.0118,0.012083333333333333,0.013375,0.012541666666666666,0.007583333333333333,0.005683333333333334,0.004825,0.002175,0.0035583333333333335,0.0009833333333333332,0.00034166666666666666,0.0006833333333333333,0.000825,0.0003,0.0,0.0,0.0,0.0,0.0,0.0,0.0,0.0,0.0,0.0,0.0,0.0,0.0,0.0,0.0,0.0,0.0,0.0,0.0,0.0,0.0,0.0,0.0,0.0,0.0,0.0,0.0,0.0,0.0,0.0,0.0,0.0,0.0,0.0,0.0,0.0,0.0,0.0,0.0,0.0,0.0,0.0,0.0,0.0,0.0,0.0,0.0,0.0,0.0,0.0,0.0,0.0,0.0,0.0,0.0,0.0,0.0,0.0,0.0,0.0,0.0,0.0,0.0
1508126,Ulianópolis,0.0,0.0,0.0,0.0,0.0,0.0,0.0,0.0,0.0,0.0,0.0,0.0,0.0,0.0,0.0,0.0,0.0,0.0,0.0,0.0,0.0,0.0,0.0,0.0,0.0,0.0,0.0,0.0,0.0,0.0,0.0,0.0,0.0,0.0,0.0,0.0,0.0,0.0,0.0,0.0,0.0,1.6666666666666667e-05,0.0001,0.0021333333333333334,0.0013916666666666667,0.010683333333333333,0.0059,0.013708333333333333,0.01655,0.027691666666666667,0.028816666666666668,0.039475,0.040466666666666665,0.050675,0.052975,0.04435833333333333,0.0609,0.071225,0.06408333333333334,0.06788333333333334,0.05910833333333333,0.04595,0.04276666666666667,0.028883333333333334,0.017133333333333334,0.026283333333333332,0.0231,0.02435,0.016325,0.013758333333333332,0.015191666666666666,0.012666666666666666,0.010416666666666666,0.008991666666666667,0.005925,0.012291666666666666,0.008125,0.0070416666666666666,0.006333333333333333,0.002608333333333333,0.0021583333333333333,0.00155,0.001425,0.0023,0.0010666666666666667,0.0020833333333333333,0.001025,0.0007,0.0004,0.0006333333333333333,0.000175,0.00019166666666666667,0.0,8.333333333333334e-06,0.0,0.0,0.0,0.0,0.0,0.0,0.0,0.0,0.0,0.0,0.0,0.0,0.0,0.0,0.0,0.0,0.0,0.0,0.0,0.0,0.0,0.0,0.0,0.0,0.0,0.0,0.0,0.0,0.0,0.0,0.0,0.0,0.0,0.0,0.0,0.0,0.0,0.0,0.0,0.0,0.0,0.0,0.0,0.0,0.0,0.0,0.0,0.0,0.0,0.0
1505304,Oriximiná,0.0,0.0,0.0,0.0,0.0,0.0,0.0,0.0,0.0,0.0,0.0,0.0,0.0,0.0,0.0,0.0,0.0,0.0,0.0,0.0,0.0,0.0,0.0,0.0,0.0,1.6666666666666667e-05,0.0014333333333333333,0.0017833333333333334,0.0002916666666666667,0.000825,0.0026666666666666666,0.0022,0.0010833333333333333,0.002175,0.002825,0.0025833333333333333,0.003191666666666667,0.004291666666666667,0.00235,0.004525,0.006891666666666667,0.004333333333333333,0.0063416666666666665,0.0069,0.007583333333333333,0.01385,0.011175,0.009816666666666666,0.011683333333333334,0.018408333333333332,0.015483333333333333,0.022233333333333334,0.025358333333333333,0.03729166666666667,0.03800833333333333,0.03351666666666667,0.03895833333333333,0.04335,0.043958333333333335,0.0508,0.052441666666666664,0.037866666666666667,0.036875,0.03641666666666667,0.037316666666666665,0.025641666666666667,0.0155,0.0181,0.027483333333333332,0.018575,0.015933333333333334,0.015475,0.007333333333333333,0.008216666666666667,0.014825,0.017575,0.018958333333333334,0.025625,0.022375,0.022033333333333332,0.0174,0.014616666666666667,0.010066666666666666,0.004416666666666667,0.00075,0.0,0.0,0.0,0.0,0.0,0.0,0.0,0.0,0.0,0.0,0.0,0.0,0.0,0.0,0.0,0.0,0.0,0.0,0.0,0.0,0.0,0.0,0.0,0.0,0.0,0.0,0.0,0.0,0.0,0.0,0.0,0.0,0.0,0.0,0.0,0.0,0.0,0.0,0.0,0.0,0.0,0.0,0.0,0.0,0.0,0.0,0.0,0.0,0.0,0.0,0.0,0.0,0.0,0.0,0.0,0.0,0.0,0.0,0.0
1506351,Santa Bárbara do Pará,0.0,0.0,0.0,0.0,0.0,0.0,0.0,0.0,0.0,0.0,0.0,0.0,0.0,0.0,0.0,0.0,0.0,0.0,0.0,0.0,0.0,0.0,0.0,0.0,0.0,0.0,0.0,0.0,0.0,0.0,0.0,0.0,0.0,0.0,0.0,0.0,0.0,0.0,0.0,0.0,0.0,1.6666666666666667e-05,0.0001,0.0016833333333333333,0.005166666666666667,0.011766666666666667,0.016408333333333334,0.020483333333333333,0.0283,0.034008333333333335,0.03315,0.04514166666666666,0.048391666666666666,0.0571,0.0616,0.051866666666666665,0.046558333333333334,0.04574166666666667,0.05289166666666666,0.04315,0.03383333333333333,0.03571666666666667,0.031008333333333332,0.026991666666666667,0.02935,0.0251,0.025575,0.019433333333333334,0.015266666666666666,0.015525,0.015091666666666666,0.018391666666666667,0.013866666666666666,0.010041666666666667,0.00945,0.01005,0.008,0.005033333333333333,0.004833333333333334,0.005516666666666666,0.003725,0.0038583333333333334,0.003108333333333333,0.004125,0.002525,0.0026,0.0024333333333333334,0.0022583333333333335,0.0017916666666666667,0.003125,0.0022333333333333333,0.0017333333333333333,0.0013083333333333334,0.001775,0.00038333333333333334,0.00055,0.000375,0.00013333333333333334,0.00011666666666666667,0.00016666666666666666,7.5e-05,0.0,0.0,0.0,0.0,0.0,0.0,0.0,0.0,0.0,0.0,0.0,0.0,0.0,0.0,0.0,0.0,0.0,0.0,0.0,0.0,0.0,0.0,0.0,0.0,0.0,0.0,0.0,0.0,0.0,0.0,0.0,0.0,0.0,0.0,0.0,0.0,0.0,0.0,0.0,0.0,0.0,0.0,0.0
1507755,Sapucaia,0.0,0.0,0.0,0.0,0.0,0.0,0.0,0.0,0.0,0.0,0.0,0.0,0.0,0.0,0.0,0.0,0.0,0.0,0.0,0.0,0.0,0.0,8.333333333333334e-06,0.0007583333333333333,0.00015833333333333332,0.0011166666666666666,0.0008416666666666667,0.0014333333333333333,0.00255,0.002275,0.003033333333333333,0.0030833333333333333,0.0029416666666666666,0.0029833333333333335,0.004991666666666667,0.005833333333333334,0.008916666666666666,0.01195,0.008816666666666667,0.0103,0.011641666666666666,0.01105,0.013358333333333333,0.019625,0.014433333333333333,0.01045,0.011191666666666667,0.015191666666666666,0.0136,0.013408333333333333,0.014391666666666667,0.016225,0.023075,0.023216666666666667,0.028983333333333333,0.034225,0.0356,0.024475,0.028825,0.035075,0.030175,0.03225833333333333,0.02565,0.028941666666666668,0.0327,0.031125,0.03045,0.032933333333333335,0.025116666666666666,0.023183333333333334,0.027666666666666666,0.024533333333333334,0.025641666666666667,0.021066666666666668,0.017125,0.015658333333333333,0.0141,0.012658333333333334,0.011075,0.007541666666666667,0.0084,0.012683333333333333,0.0117,0.009433333333333334,0.007016666666666667,0.003625,0.00325,0.002691666666666667,0.0007416666666666666,0.00046666666666666666,0.0003,5.833333333333333e-05,0.0,0.0,0.0,0.0,0.0,0.0,0.0,0.0,0.0,0.0,0.0,0.0,0.0,0.0,0.0,0.0,0.0,0.0,0.0,0.0,0.0,0.0,0.0,0.0,0.0,0.0,0.0,0.0,0.0,0.0,0.0,0.0,0.0,0.0,0.0,0.0,0.0,0.0,0.0,0.0,0.0,0.0,0.0,0.0,0.0,0.0,0.0,0.0,0.0,0.0,0.0,0.0
1503754,Jacareacanga,0.0,0.0,0.0,0.0,0.0,0.0,0.0,0.0,0.0,0.0,0.0,0.0,0.0,0.0,0.0,0.0,0.0,0.0,0.0,0.0,0.0,0.0,0.0,0.0,0.0,0.0,0.0,0.0,0.00011666666666666667,6.666666666666667e-05,5e-05,0.0002666666666666667,0.0008666666666666666,0.0005833333333333334,0.0002666666666666667,0.0013583333333333334,0.0008,0.0007583333333333333,0.0007583333333333333,0.0020416666666666665,0.0018083333333333332,0.00145,0.002025,0.005675,0.004008333333333333,0.004666666666666667,0.006066666666666666,0.006583333333333333,0.008066666666666666,0.009558333333333334,0.014858333333333333,0.016691666666666667,0.023708333333333335,0.031,0.03904166666666667,0.036741666666666666,0.048183333333333335,0.045491666666666666,0.065,0.06924166666666667,0.04591666666666667,0.05616666666666666,0.06586666666666667,0.03970833333333333,0.04546666666666667,0.0395,0.01125,0.008858333333333333,0.012475,0.015433333333333334,0.011808333333333334,0.01633333333333333,0.0212,0.013033333333333333,0.028358333333333333,0.026075,0.009725,0.0031666666666666666,0.006208333333333333,0.015058333333333333,0.028641666666666666,0.017791666666666667,0.0066166666666666665,0.0023333333333333335,0.00185,0.0024416666666666666,0.0008916666666666667,1.6666666666666667e-05,8.333333333333334e-06,0.0,0.0,0.0,0.0,0.0,0.0,0.0,0.0,0.0,0.0,0.0,0.0,0.0,0.0,0.0,0.0,0.0,0.0,0.0,0.0,0.0,0.0,0.0,0.0,0.0,0.0,0.0,0.0,0.0,0.0,0.0,0.0,0.0,0.0,0.0,0.0,0.0,0.0,0.0,0.0,0.0,0.0,0.0,0.0,0.0,0.0,0.0,0.0,0.0,0.0,0.0,0.0,0.0,0.0,0.0
1504109,Magalhães Barata,0.0,0.0,0.0,0.0,0.0,0.0,0.0,0.0,0.0,0.0,0.0,0.0,0.0,0.0,0.0,0.0,0.0,0.0,0.0,0.0,0.0,0.0,0.0,0.0,0.0,0.0,0.0,0.0,0.0,0.0,0.0,0.0,0.0,0.0,0.0,0.0,0.0,0.0,0.0,0.0,0.0,0.0,0.0,0.0,1.6666666666666667e-05,2.5e-05,0.00040833333333333336,0.0011916666666666666,0.0035833333333333333,0.006841666666666667,0.007733333333333333,0.007841666666666667,0.015666666666666666,0.01375,0.03,0.03879166666666667,0.044525,0.0276,0.04833333333333333,0.06845833333333333,0.07698333333333333,0.06540833333333333,0.04935,0.05485,0.05561666666666667,0.07709166666666667,0.06853333333333333,0.03779166666666667,0.03266666666666666,0.0299,0.02625,0.0237,0.0351,0.027775,0.021925,0.0017916666666666667,0.0004916666666666666,8.333333333333334e-06,0.0,0.0,0.0,0.0,0.0,0.0,0.0,0.0,0.0,0.0,0.0,0.0,0.0,0.0,0.0,0.0,0.0,0.0,0.0,0.0,0.0,0.0,0.0,0.0,0.0,0.0,0.0,0.0,0.0,0.0,0.0,0.0,0.0,0.0,0.0,0.0,0.0,0.0,0.0,0.0,0.0,0.0,0.0,0.0,0.0,0.0,0.0,0.0,0.0,0.0,0.0,0.0,0.0,0.0,0.0,0.0,0.0,0.0,0.0,0.0,0.0,0.0,0.0,0.0,0.0,0.0
1504950,Nova Esperança do Piriá,0.0,0.0,0.0,0.0,0.0,0.0,0.0,0.0,0.0,0.0,0.0,0.0,0.0,0.0,0.0,0.0,0.0,0.0,0.0,0.0,0.0,0.0,0.0,0.0,0.0,0.0,0.0,0.0,0.0,0.0,0.0,0.0,0.0,0.0,0.0,0.0,5e-05,5.833333333333333e-05,0.00013333333333333334,0.0005416666666666666,0.001125,0.0015916666666666666,0.0018333333333333333,0.0036583333333333333,0.005666666666666667,0.005333333333333333,0.010916666666666667,0.010808333333333333,0.011975,0.008241666666666666,0.009708333333333333,0.01835,0.017675,0.021475,0.02745,0.033175,0.035008333333333336,0.047225,0.050758333333333336,0.05144166666666666,0.050425,0.042025,0.03383333333333333,0.029508333333333334,0.022525,0.026033333333333332,0.024425,0.024025,0.026125,0.02065,0.0328,0.0199,0.028058333333333334,0.025941666666666665,0.02735833333333333,0.015491666666666667,0.013841666666666667,0.01565,0.011708333333333333,0.016266666666666665,0.016091666666666667,0.012691666666666667,0.012725,0.010108333333333334,0.008125,0.013983333333333334,0.010133333333333333,0.007383333333333334,0.008125,0.0053,0.009925,0.004491666666666666,0.000125,0.0,0.0,0.0,0.0,0.0,0.0,0.0,0.0,0.0,0.0,0.0,0.0,0.0,0.0,0.0,0.0,0.0,0.0,0.0,0.0,0.0,0.0,0.0,0.0,0.0,0.0,0.0,0.0,0.0,0.0,0.0,0.0,0.0,0.0,0.0,0.0,0.0,0.0,0.0,0.0,0.0,0.0,0.0,0.0,0.0,0.0,0.0,0.0,0.0,0.0,0.0
1505205,Oeiras do Pará,0.0,0.0,0.0,0.0,0.0,0.0,0.0,0.0,0.0,0.0,0.0,0.0,0.0,0.0,0.0,0.0,0.0,0.0,0.0,0.0,0.0,0.0,0.0,0.0,0.0,0.0,0.0,0.0,0.0,0.0,0.0,0.0,0.0,0.0,0.0,0.0,0.0,0.0,0.0,0.0,0.0,0.0,0.00011666666666666667,0.00014166666666666668,0.00015,0.0005416666666666666,0.0008583333333333333,0.002625,0.00925,0.007516666666666666,0.007358333333333333,0.005775,0.0102,0.018533333333333332,0.016583333333333332,0.027216666666666667,0.02795,0.025683333333333332,0.025008333333333334,0.027041666666666665,0.03721666666666667,0.03514166666666667,0.036316666666666664,0.060366666666666666,0.0546,0.06084166666666667,0.0619,0.06635,0.05726666666666667,0.05146666666666667,0.040466666666666665,0.048633333333333334,0.049325,0.03219166666666667,0.0333,0.024116666666666668,0.017258333333333334,0.011825,0.006208333333333333,0.00155,0.0010833333333333333,2.5e-05,0.0,0.0,0.0,0.0,0.0,0.0,0.0,0.0,0.0,0.0,0.0,0.0,0.0,0.0,0.0,0.0,0.0,0.0,0.0,0.0,0.0,0.0,0.0,0.0,0.0,0.0,0.0,0.0,0.0,0.0,0.0,0.0,0.0,0.0,0.0,0.0,0.0,0.0,0.0,0.0,0.0,0.0,0.0,0.0,0.0,0.0,0.0,0.0,0.0,0.0,0.0,0.0,0.0,0.0,0.0,0.0,0.0,0.0,0.0,0.0,0.0,0.0
1505064,Novo Repartimento,0.0,0.0,0.0,0.0,0.0,0.0,0.0,0.0,0.0,0.0,0.0,0.0,0.0,0.0,0.0,0.0,0.0,0.0,0.0,0.0,0.0,0.0,0.0,0.0,0.0,0.0,0.0,0.0,0.0,0.0,0.0,0.0,0.0,0.0,0.0,0.0,0.0,0.0,0.0,0.0,0.0,0.0,0.0,0.0,0.0,0.00021666666666666666,1.6666666666666667e-05,0.0004333333333333333,0.0012833333333333334,0.0014583333333333334,0.002191666666666667,0.002325,0.0049833333333333335,0.00915,0.027083333333333334,0.0348,0.03349166666666667,0.037283333333333335,0.057633333333333335,0.06108333333333334,0.04886666666666667,0.0514,0.04375833333333334,0.05615,0.06886666666666667,0.05781666666666667,0.05371666666666667,0.039766666666666665,0.048075,0.0416,0.030491666666666667,0.028525,0.029316666666666668,0.022333333333333334,0.019541666666666666,0.009983333333333334,0.015583333333333333,0.013083333333333334,0.010275,0.00755,0.004166666666666667,0.0048,0.002325,0.004125,0.003533333333333333,0.003125,0.0032166666666666667,0.00105,0.001075,0.0011,0.0003916666666666667,0.0005416666666666666,0.0004166666666666667,0.0,0.0,0.0,0.0,0.0,0.0,0.0,0.0,0.0,0.0,0.0,0.0,0.0,0.0,0.0,0.0,0.0,0.0,0.0,0.0,0.0,0.0,0.0,0.0,0.0,0.0,0.0,0.0,0.0,0.0,0.0,0.0,0.0,0.0,0.0,0.0,0.0,0.0,0.0,0.0,0.0,0.0,0.0,0.0,0.0,0.0,0.0,0.0,0.0,0.0,0.0
1504406,Marapanim,0.0,0.0,0.0,0.0,0.0,0.0,0.0,0.0,0.0,0.0,0.0,0.0,0.0,0.0,0.0,0.0,0.0,0.0,0.0,0.0,0.0,0.0,0.0,0.0,0.0,0.0,0.0,0.0,0.0,0.0,0.0,0.0,0.0,0.0,0.0,0.0,0.0,0.0,0.0,0.0,0.0,0.0,0.0,8.333333333333333e-05,7.5e-05,8.333333333333333e-05,0.000275,0.0006833333333333333,0.00035,0.00355,0.0053416666666666664,0.008016666666666667,0.0048916666666666666,0.005883333333333333,0.011883333333333333,0.020491666666666665,0.022341666666666666,0.034325,0.030558333333333333,0.028008333333333333,0.033841666666666666,0.040766666666666666,0.053941666666666666,0.03315833333333333,0.046566666666666666,0.04844166666666667,0.067425,0.06995833333333333,0.0666,0.06735833333333334,0.0566,0.04541666666666667,0.029483333333333334,0.030266666666666667,0.027116666666666667,0.037233333333333334,0.02755,0.018583333333333334,0.016158333333333334,0.004608333333333333,0.0017666666666666666,0.00031666666666666665,0.0,0.0,0.0,0.0,0.0,0.0,0.0,0.0,0.0,0.0,0.0,0.0,0.0,0.0,0.0,0.0,0.0,0.0,0.0,0.0,0.0,0.0,0.0,0.0,0.0,0.0,0.0,0.0,0.0,0.0,0.0,0.0,0.0,0.0,0.0,0.0,0.0,0.0,0.0,0.0,0.0,0.0,0.0,0.0,0.0,0.0,0.0,0.0,0.0,0.0,0.0,0.0,0.0,0.0,0.0,0.0,0.0,0.0,0.0,0.0,0.0,0.0
1508308,Viseu,0.0,0.0,0.0,0.0,0.0,0.0,0.0,0.0,0.0,0.0,0.0,0.0,0.0,0.0,0.0,0.0,0.0,0.0,0.0,0.0,0.0,0.0,0.0,0.0,0.0,0.0,0.0,0.0,0.0,0.0,0.0,0.0,0.0,0.0,0.0,0.0,0.000975,0.0007916666666666666,0.0030083333333333333,0.003841666666666667,0.004508333333333333,0.00595,0.0092,0.007008333333333333,0.005833333333333334,0.008716666666666666,0.0105,0.009966666666666667,0.011891666666666667,0.014941666666666667,0.018383333333333335,0.028416666666666666,0.036533333333333334,0.02965,0.027941666666666667,0.036375,0.03726666666666666,0.021408333333333335,0.024283333333333334,0.024275,0.030458333333333334,0.031675,0.037233333333333334,0.033383333333333334,0.03200833333333333,0.029158333333333335,0.026108333333333334,0.035366666666666664,0.030758333333333332,0.02695,0.028541666666666667,0.021966666666666666,0.021858333333333334,0.025875,0.020033333333333334,0.020058333333333334,0.017775,0.012841666666666666,0.018458333333333334,0.0104,0.010941666666666667,0.011083333333333334,0.011483333333333333,0.011375,0.00985,0.012841666666666666,0.007883333333333332,0.00775,0.007533333333333334,0.00525,0.003725,0.00225,0.0014333333333333333,0.0018666666666666666,0.0020083333333333333,0.0001,5e-05,0.0,0.0,0.0,0.0,0.0,0.0,0.0,0.0,0.0,0.0,0.0,0.0,0.0,0.0,0.0,0.0,0.0,0.0,0.0,0.0,0.0,0.0,0.0,0.0,0.0,0.0,0.0,0.0,0.0,0.0,0.0,0.0,0.0,0.0,0.0,0.0,0.0,0.0,0.0,0.0,0.0,0.0,0.0,0.0,0.0,0.0,0.0
1503044,Floresta do Araguaia,0.0,0.0,0.0,0.0,0.0,0.0,0.0,0.0,0.0,0.0,0.0,0.0,0.0,0.0,0.0,0.0,0.0,0.0,0.0,0.0,0.0,0.0,0.0,0.0,0.0,0.0,0.0,0.0,0.0,0.0,0.0,0.0,0.0,0.0,0.0,0.0,0.0,0.0,0.0,0.0,0.0,0.0,0.0,0.0,0.0,0.0,0.0,0.0,0.00046666666666666666,0.0017166666666666667,0.0012666666666666666,0.0011916666666666666,0.0011583333333333333,0.0030833333333333333,0.0029333333333333334,0.004633333333333333,0.009758333333333334,0.021616666666666666,0.018983333333333335,0.036691666666666664,0.053483333333333334,0.05503333333333333,0.05906666666666667,0.07334166666666667,0.075575,0.04131666666666667,0.051775,0.049375,0.0472,0.051025,0.037658333333333335,0.029416666666666667,0.034075,0.024875,0.020666666666666667,0.014083333333333333,0.017966666666666666,0.0181,0.019766666666666665,0.023458333333333335,0.019258333333333332,0.01365,0.011658333333333333,0.010283333333333334,0.008675,0.006541666666666667,0.006566666666666667,0.003375,0.00385,0.0019333333333333333,0.00155,0.0022416666666666665,0.0017166666666666667,0.0022166666666666667,0.0026666666666666666,0.000625,0.000875,0.001475,7.5e-05,8.333333333333334e-06,0.0,0.0,0.0,0.0,0.0,0.0,0.0,0.0,0.0,0.0,0.0,0.0,0.0,0.0,0.0,0.0,0.0,0.0,0.0,0.0,0.0,0.0,0.0,0.0,0.0,0.0,0.0,0.0,0.0,0.0,0.0,0.0,0.0,0.0,0.0,0.0,0.0,0.0,0.0,0.0,0.0,0.0,0.0,0.0
1506104,Primavera,0.0,0.0,0.0,0.0,0.0,0.0,0.0,0.0,0.0,0.0,0.0,0.0,0.0,0.0,0.0,0.0,0.0,0.0,0.0,0.0,0.0,0.0,0.0,0.0,0.0,0.0,0.0,0.0,0.0,0.0,0.0,0.0,0.0,0.0,0.0,0.0,0.0,0.0,0.0,0.0,0.0,0.0,0.0,0.0,0.0,0.0,0.0,0.0,0.0,0.0,0.0,0.00010833333333333333,0.0032166666666666667,0.0021416666666666667,0.0029,0.0024416666666666666,0.007325,0.011408333333333333,0.015608333333333333,0.019033333333333333,0.025008333333333334,0.049308333333333336,0.0428,0.034791666666666665,0.03949166666666667,0.040075,0.0462,0.06274166666666667,0.047775,0.05669166666666667,0.06348333333333334,0.03594166666666666,0.024925,0.053441666666666665,0.05591666666666667,0.03795,0.031075,0.04439166666666667,0.03525,0.028108333333333332,0.027625,0.017008333333333334,0.012575,0.00565,0.003525,0.0058583333333333334,0.0023583333333333334,0.001425,0.00205,0.0013416666666666666,0.0010333333333333334,0.0,0.0,0.0,0.0,0.0,0.0,0.0,0.0,0.0,0.0,0.0,0.0,0.0,0.0,0.0,0.0,0.0,0.0,0.0,0.0,0.0,0.0,0.0,0.0,0.0,0.0,0.0,0.0,0.0,0.0,0.0,0.0,0.0,0.0,0.0,0.0,0.0,0.0,0.0,0.0,0.0,0.0,0.0,0.0,0.0,0.0,0.0,0.0,0.0,0.0,0.0,0.0,0.0
1506187,Rondon do Pará,0.0,0.0,0.0,0.0,0.0,0.0,0.0,0.0,0.0,0.0,0.0,0.0,0.0,0.0,0.0,0.0,0.0,0.0,0.0,0.0,0.0,0.0,0.0,0.0,0.0,0.0,0.0,0.0,0.0,0.0,0.0,0.0,0.0,0.0,0.0,0.0,0.0,0.0,0.0,0.0,0.0,0.0,0.0,0.0,0.0,0.0,0.0,0.0,0.0,0.0,0.0,0.0,0.0,0.0,0.0,0.0,0.0,0.000125,0.0011166666666666666,0.0020583333333333335,0.00485,0.0076,0.014616666666666667,0.02045,0.03125,0.05189166666666667,0.07383333333333333,0.08193333333333333,0.072225,0.08163333333333334,0.065925,0.06363333333333333,0.067525,0.06371666666666667,0.05121666666666667,0.0357,0.0231,0.0241,0.030733333333333335,0.0198,0.015958333333333335,0.012825,0.013883333333333333,0.012675,0.017508333333333334,0.008675,0.008725,0.010408333333333334,0.00505,0.002266666666666667,0.0019083333333333333,0.0009083333333333334,0.000175,0.0,0.0,0.0,0.0,0.0,0.0,0.0,0.0,0.0,0.0,0.0,0.0,0.0,0.0,0.0,0.0,0.0,0.0,0.0,0.0,0.0,0.0,0.0,0.0,0.0,0.0,0.0,0.0,0.0,0.0,0.0,0.0,0.0,0.0,0.0,0.0,0.0,0.0,0.0,0.0,0.0,0.0,0.0,0.0,0.0,0.0,0.0,0.0,0.0,0.0,0.0
1502855,Curuá,0.0,0.0,0.0,0.0,0.0,0.0,0.0,0.0,0.0,0.0,0.0,0.0,0.0,0.0,0.0,0.0,0.0,0.0,0.0,0.0,0.0,0.0,0.0,0.0,0.0,0.0,0.0,0.0,0.0,0.0,0.0,0.0,0.0,0.0,0.0,0.0,0.0,0.0,0.0,0.0,0.0,0.0,0.0,0.0,0.0,0.0,0.0,0.0,0.0,0.0,0.0,0.0013583333333333334,0.0018583333333333334,0.004166666666666667,0.003966666666666667,0.005116666666666667,0.005633333333333333,0.009758333333333334,0.013141666666666666,0.011541666666666667,0.022075,0.02875,0.03411666666666666,0.043725,0.04315833333333333,0.038775,0.03729166666666667,0.026341666666666666,0.027641666666666665,0.043041666666666666,0.029308333333333332,0.0393,0.03775833333333333,0.038533333333333336,0.03303333333333333,0.04033333333333333,0.04190833333333333,0.039641666666666665,0.031625,0.030341666666666666,0.027441666666666666,0.03398333333333333,0.0372,0.03206666666666667,0.025466666666666665,0.0181,0.017941666666666668,0.013616666666666666,0.015375,0.007825,0.0046,0.0031416666666666667,0.0,0.0,0.0,0.0,0.0,0.0,0.0,0.0,0.0,0.0,0.0,0.0,0.0,0.0,0.0,0.0,0.0,0.0,0.0,0.0,0.0,0.0,0.0,0.0,0.0,0.0,0.0,0.0,0.0,0.0,0.0,0.0,0.0,0.0,0.0,0.0,0.0,0.0,0.0,0.0,0.0,0.0,0.0,0.0,0.0,0.0,0.0,0.0,0.0,0.0,0.0,0.0
1500958,Aurora do Pará,0.0,0.0,0.0,0.0,0.0,0.0,0.0,0.0,0.0,0.0,0.0,0.0,0.0,0.0,0.0,0.0,0.0,0.0,0.0,0.0,0.0,0.0,0.0,0.0,0.0,0.0,0.0,0.0,0.0,0.0,0.0,0.0,0.0,0.0,0.0,0.0,0.0,0.0,0.0,0.0,0.0006583333333333334,0.0016583333333333333,0.0033833333333333332,0.0036,0.0017583333333333333,0.004225,0.0033833333333333332,0.005875,0.004925,0.008175,0.009775,0.00865,0.016291666666666666,0.022,0.018675,0.019775,0.021491666666666666,0.026575,0.021975,0.02424166666666667,0.028483333333333333,0.027925,0.023958333333333335,0.018258333333333335,0.023166666666666665,0.030616666666666667,0.026408333333333332,0.02365,0.022841666666666666,0.023975,0.026075,0.029125,0.02615,0.029825,0.025533333333333335,0.02735833333333333,0.03315,0.028891666666666666,0.024275,0.028125,0.021475,0.022433333333333333,0.023258333333333332,0.022925,0.019733333333333332,0.015516666666666666,0.013566666666666666,0.0141,0.011608333333333333,0.011133333333333334,0.011483333333333333,0.008216666666666667,0.008741666666666667,0.007608333333333333,0.0063,0.007608333333333333,0.00425,0.0034666666666666665,0.004325,0.0027,0.0016,0.0013416666666666666,0.0007083333333333334,0.0006333333333333333,7.5e-05,0.0003083333333333333,0.0,0.0,0.0,0.0,0.0,0.0,0.0,0.0,0.0,0.0,0.0,0.0,0.0,0.0,0.0,0.0,0.0,0.0,0.0,0.0,0.0,0.0,0.0,0.0,0.0,0.0,0.0,0.0,0.0,0.0,0.0,0.0,0.0,0.0,0.0,0.0,0.0,0.0
1504307,Maracanã,0.0,0.0,0.0,0.0,0.0,0.0,0.0,0.0,0.0,0.0,0.0,0.0,0.0,0.0,0.0,0.0,0.0,0.0,0.0,0.0,0.0,0.0,0.0,0.0,0.0,0.0,0.0,0.0,0.0,0.0,0.0,0.0,0.0,0.0,0.0,0.0,0.0,0.0,0.0,0.0,0.0,0.0,0.0,0.0,0.0,0.0,0.0,0.0,0.0,0.0,0.0,0.0,0.0,0.0,0.0,3.3333333333333335e-05,0.002025,0.0023,0.006375,0.008283333333333334,0.013166666666666667,0.011908333333333333,0.008891666666666668,0.03941666666666667,0.028833333333333332,0.027741666666666668,0.04565,0.03991666666666667,0.049375,0.03995,0.034216666666666666,0.045408333333333335,0.040825,0.04833333333333333,0.03944166666666667,0.03303333333333333,0.031041666666666665,0.033625,0.06191666666666667,0.07380833333333334,0.037441666666666665,0.036166666666666666,0.02175,0.02195,0.018433333333333333,0.013741666666666666,0.029116666666666666,0.01475,0.008491666666666666,0.009475,0.004625,0.00165,0.003691666666666667,0.002275,0.0024416666666666666,0.0034416666666666667,0.0035083333333333334,0.0007,0.00034166666666666666,0.0002666666666666667,0.00021666666666666666,8.333333333333334e-06,0.0,0.0,0.0,0.0,0.0,0.0,0.0,0.0,0.0,0.0,0.0,0.0,0.0,0.0,0.0,0.0,0.0,0.0,0.0,0.0,0.0,0.0,0.0,0.0,0.0,0.0,0.0,0.0,0.0,0.0,0.0,0.0,0.0,0.0,0.0,0.0,0.0,0.0,0.0,0.0,0.0,0.0
1504505,Melgaço,0.0,0.0,0.0,0.0,0.0,0.0,0.0,0.0,0.0,0.0,0.0,0.0,0.0,0.0,0.0,0.0,0.0,0.0,0.0,0.0,0.0,0.0,0.0,0.0,0.0,0.0,0.0,0.0,0.0,0.0,0.0,0.0,0.0,0.0,0.0,0.0,0.0,0.0,0.0,0.0,0.0,0.0,0.0,0.0,0.0,0.00015,0.00024166666666666667,0.00038333333333333334,0.00016666666666666666,0.0006083333333333333,0.00115,0.0011916666666666666,0.0016,0.0009916666666666667,0.0035666666666666668,0.005725,0.011783333333333333,0.010975,0.015141666666666666,0.016525,0.021808333333333332,0.020591666666666668,0.022175,0.0148,0.02135,0.026983333333333335,0.024983333333333333,0.026116666666666667,0.025875,0.03035,0.037975,0.030433333333333333,0.027066666666666666,0.03155,0.021558333333333332,0.025216666666666665,0.026366666666666667,0.024908333333333334,0.021225,0.019075,0.025558333333333332,0.024583333333333332,0.0291,0.028166666666666666,0.030758333333333332,0.0364,0.023558333333333334,0.022766666666666668,0.028583333333333332,0.02825,0.020683333333333335,0.029433333333333332,0.026491666666666667,0.0127,0.031208333333333334,0.0152,0.012025,0.00365,0.000275,0.0,0.0,0.0,0.0,0.0,0.0,0.0,0.0,0.0,0.0,0.0,0.0,0.0,0.0,0.0,0.0,0.0,0.0,0.0,0.0,0.0,0.0,0.0,0.0,0.0,0.0,0.0,0.0,0.0,0.0,0.0,0.0,0.0,0.0,0.0,0.0,0.0,0.0,0.0,0.0,0.0,0.0,0.0,0.0,0.0
1506708,Santana do Araguaia,0.0,0.0,0.0,0.0,0.0,0.0,0.0,0.0,0.0,0.0,0.0,0.0,0.0,0.0,0.0,0.0,0.0,0.0,0.0,0.0,0.0,0.0,0.0,0.0,0.0,0.0,0.0,0.0,0.0,0.0,0.0,0.0,0.0,0.0,0.0,0.0,0.0,0.0,0.0,0.0,0.0,0.0,0.0,0.0,0.0,0.0,0.0,0.0,0.0,0.0,0.0,0.0,0.0,0.0,0.0,0.00013333333333333334,0.0019916666666666668,0.004416666666666667,0.013833333333333333,0.014491666666666667,0.021041666666666667,0.0312,0.03834166666666667,0.029175,0.024658333333333334,0.026191666666666665,0.03431666666666667,0.039141666666666665,0.039,0.03349166666666667,0.046733333333333335,0.039625,0.042208333333333334,0.03895833333333333,0.03286666666666667,0.025841666666666666,0.037475,0.045975,0.030583333333333334,0.023108333333333335,0.027041666666666665,0.026433333333333333,0.026566666666666666,0.024625,0.025016666666666666,0.016658333333333334,0.020483333333333333,0.014491666666666667,0.011425,0.011425,0.01065,0.010083333333333333,0.012633333333333333,0.007291666666666667,0.007825,0.005141666666666667,0.004575,0.006383333333333334,0.007691666666666667,0.005483333333333333,0.0032166666666666667,5.833333333333333e-05,0.0,0.0,0.0,0.0,0.0,0.0,0.0,0.0,0.0,0.0,0.0,0.0,0.0,0.0,0.0,0.0,0.0,0.0,0.0,0.0,0.0,0.0,0.0,0.0,0.0,0.0,0.0,0.0,0.0,0.0,0.0,0.0,0.0,0.0,0.0,0.0,0.0,0.0,0.0,0.0,0.0,0.0
1502905,Curuçá,0.0,0.0,0.0,0.0,0.0,0.0,0.0,0.0,0.0,0.0,0.0,0.0,0.0,0.0,0.0,0.0,0.0,0.0,0.0,0.0,0.0,0.0,0.0,0.0,0.0,0.0,0.0,0.0,0.0,0.0,0.0,0.0,0.0,0.0,0.0,0.0,0.0,0.0,0.0,0.0,0.0,0.0,0.0,0.0,0.0,0.0,0.0,0.0,0.0,0.000475,0.000225,0.000175,0.000525,0.0012333333333333332,0.0046166666666666665,0.007141666666666667,0.009425,0.008333333333333333,0.010725,0.015925,0.015533333333333333,0.01685,0.0187,0.025858333333333334,0.022166666666666668,0.01955,0.021616666666666666,0.026558333333333333,0.030125,0.026483333333333334,0.026858333333333335,0.029433333333333332,0.029058333333333332,0.030825,0.023633333333333333,0.025066666666666668,0.029266666666666667,0.030883333333333332,0.0444,0.03899166666666667,0.041225,0.03319166666666667,0.028933333333333332,0.0247,0.025,0.017233333333333333,0.028558333333333335,0.03464166666666667,0.03386666666666667,0.02585,0.023416666666666665,0.024083333333333335,0.020808333333333335,0.03249166666666667,0.008991666666666667,0.0035833333333333333,0.0023916666666666665,0.00036666666666666667,8.333333333333334e-06,0.0,0.0,0.0,0.0,0.0,0.0,0.0,0.0,0.0,0.0,0.0,0.0,0.0,0.0,0.0,0.0,0.0,0.0,0.0,0.0,0.0,0.0,0.0,0.0,0.0,0.0,0.0,0.0,0.0,0.0,0.0,0.0,0.0,0.0,0.0,0.0,0.0,0.0,0.0,0.0,0.0,0.0,0.0,0.0,0.0
1504059,Mãe do Rio,0.0,0.0,0.0,0.0,0.0,0.0,0.0,0.0,0.0,0.0,0.0,0.0,0.0,0.0,0.0,0.0,0.0,0.0,0.0,0.0,0.0,0.0,0.0,0.0,0.0,0.0,0.0,0.0,0.0,0.0,0.0,0.0,0.0,0.0,0.0,0.0,0.0,0.0,0.0,0.0,0.0,0.0,0.0,0.0,0.0,0.0,0.0,0.0,0.0,0.0,0.0,0.0,0.0,0.0,0.0002666666666666667,0.0018916666666666667,0.0009166666666666666,0.00095,0.0017166666666666667,0.003925,0.006358333333333333,0.009608333333333333,0.010733333333333333,0.010275,0.01615,0.020775,0.023991666666666668,0.028475,0.03395,0.0365,0.03335833333333333,0.05028333333333333,0.05221666666666667,0.053108333333333334,0.049633333333333335,0.0534,0.034375,0.040141666666666666,0.03414166666666667,0.03339166666666667,0.03941666666666667,0.038725,0.026883333333333332,0.02266666666666667,0.0146,0.022458333333333334,0.031241666666666668,0.0454,0.028316666666666667,0.0295,0.011866666666666666,0.011133333333333334,0.008158333333333333,0.012075,0.0063,0.0029333333333333334,0.002916666666666667,0.0048,7.5e-05,0.0,0.0,0.0,0.0,0.0,0.0,0.0,0.0,0.0,0.0,0.0,0.0,0.0,0.0,0.0,0.0,0.0,0.0,0.0,0.0,0.0,0.0,0.0,0.0,0.0,0.0,0.0,0.0,0.0,0.0,0.0,0.0,0.0,0.0,0.0,0.0,0.0,0.0,0.0,0.0,0.0,0.0,0.0,0.0,0.0
1504604,Mocajuba,0.0,0.0,0.0,0.0,0.0,0.0,0.0,0.0,0.0,0.0,0.0,0.0,0.0,0.0,0.0,0.0,0.0,0.0,0.0,0.0,0.0,0.0,0.0,0.0,0.0,0.0,0.0,0.0,0.0,0.0,0.0,0.0,0.0,0.0,0.0,0.0,0.0,0.0,0.0,0.0,0.0,0.0,0.0,0.0,0.0,0.0,0.0,0.0,0.0,0.0,0.0,0.0,0.0,0.0,0.0,0.0,0.0,8.333333333333333e-05,0.00023333333333333333,0.0008583333333333333,0.0004583333333333333,0.0011916666666666666,0.004541666666666667,0.006816666666666667,0.006666666666666667,0.008183333333333334,0.007166666666666667,0.007533333333333334,0.010183333333333334,0.015875,0.0249,0.030341666666666666,0.059175,0.059541666666666666,0.0444,0.051658333333333334,0.06956666666666667,0.07549166666666667,0.07261666666666666,0.07249166666666666,0.05851666666666667,0.07614166666666666,0.05383333333333333,0.056758333333333334,0.052575,0.043125,0.0189,0.00375,0.005725,0.0007,0.0,0.0,0.0,0.0,0.0,0.0,0.0,0.0,0.0,0.0,0.0,0.0,0.0,0.0,0.0,0.0,0.0,0.0,0.0,0.0,0.0,0.0,0.0,0.0,0.0,0.0,0.0,0.0,0.0,0.0,0.0,0.0,0.0,0.0,0.0,0.0,0.0,0.0,0.0,0.0,0.0,0.0,0.0,0.0,0.0,0.0,0.0,0.0,0.0,0.0,0.0,0.0,0.0,0.0
1500503,Almeirim,0.0,0.0,0.0,0.0,0.0,0.0,0.0,0.0,0.0,0.0,0.0,0.0,0.0,0.0,0.0,0.0,0.0,0.0,0.0,0.0,0.0,0.0,0.0,0.0,0.0,0.0,0.0,0.0,0.0,0.0,0.0,0.0,0.0,0.0,0.0,0.0,0.0,0.0,0.0,0.0,0.0,0.0,0.0,0.0,0.0,0.0,0.00016666666666666666,0.0002916666666666667,0.0011583333333333333,0.0008416666666666667,0.0007416666666666666,0.0010666666666666667,0.00135,0.001625,0.00385,0.003575,0.0033666666666666667,0.005425,0.0063,0.008175,0.010825,0.012191666666666667,0.011641666666666666,0.0221,0.028125,0.017241666666666666,0.009233333333333333,0.025791666666666668,0.0294,0.024583333333333332,0.04255,0.04505,0.03651666666666667,0.021975,0.020416666666666666,0.015958333333333335,0.019758333333333333,0.024433333333333335,0.02095,0.029116666666666666,0.029108333333333333,0.04546666666666667,0.019216666666666667,0.018,0.024108333333333332,0.023808333333333334,0.02824166666666667,0.029216666666666665,0.025541666666666667,0.04396666666666667,0.019975,0.018983333333333335,0.023616666666666668,0.023125,0.02305,0.014375,0.012325,0.008075,0.008675,0.01095,0.006116666666666667,0.009783333333333333,0.007316666666666667,0.006825,0.004491666666666666,0.0023666666666666667,0.00555,0.0019333333333333333,0.0,0.0,0.0,0.0,0.0,0.0,0.0,0.0,0.0,0.0,0.0,0.0,0.0,0.0,0.0,0.0,0.0,0.0,0.0,0.0,0.0,0.0,0.0,0.0,0.0,0.0,0.0,0.0,0.0,0.0,0.0,0.0,0.0,0.0,0.0,0.0
1504703,Moju,0.0,0.0,0.0,0.0,0.0,0.0,0.0,0.0,0.0,0.0,0.0,0.0,0.0,0.0,0.0,0.0,0.0,0.0,0.0,0.0,0.0,0.0,0.0,0.0,0.0,0.0,0.0,0.0,0.0,0.0,0.0,0.0,0.0,0.0,0.0,0.0,0.0,0.0,0.0,0.0,0.0,0.0,0.0,0.0,0.0,0.0,0.0,0.0,0.0,0.0,0.0,0.0,0.0,0.0,0.0,0.0,0.0,0.0,0.0,0.0,0.0,0.0,0.0,0.0,5.833333333333333e-05,0.0038833333333333333,0.010391666666666667,0.0181,0.028041666666666666,0.029308333333333332,0.03799166666666667,0.041325,0.03188333333333333,0.03431666666666667,0.050258333333333335,0.06185,0.05525,0.05221666666666667,0.03385,0.038033333333333336,0.03915,0.043025,0.048683333333333335,0.04985833333333333,0.0557,0.05628333333333333,0.03849166666666667,0.02315,0.022766666666666668,0.019941666666666667,0.011508333333333334,0.016058333333333334,0.008266666666666667,0.0038083333333333333,0.008008333333333333,0.008283333333333334,0.003875,0.005508333333333333,0.003266666666666667,0.0034416666666666667,0.0025916666666666666,0.0008416666666666667,0.0003916666666666667,0.00018333333333333334,0.00015,8.333333333333334e-06,0.0,0.0,0.0,0.0,0.0,0.0,0.0,0.0,0.0,0.0,0.0,0.0,0.0,0.0,0.0,0.0,0.0,0.0,0.0,0.0,0.0,0.0,0.0,0.0,0.0,0.0,0.0,0.0,0.0,0.0,0.0,0.0,0.0,0.0,0.0,0.0,0.0,0.0
1500206,Acará,0.0,0.0,0.0,0.0,0.0,0.0,0.0,0.0,0.0,0.0,0.0,0.0,0.0,0.0,0.0,0.0,0.0,0.0,0.0,0.0,0.0,0.0,0.0,0.0,0.0,0.0,0.0,0.0,0.0,0.0,0.0,0.0,0.0,0.0,0.0,0.0,0.0,0.0,0.0,0.0,0.0,0.0,0.0,0.0,0.0,0.0,0.0,0.0,0.0,0.0,0.0,0.0,0.0,0.0,0.0,0.0,0.0,0.0,0.0,8.333333333333334e-06,6.666666666666667e-05,0.00055,0.000325,0.0009,0.0017416666666666668,0.003475,0.0030666666666666668,0.0035583333333333335,0.011041666666666667,0.011766666666666667,0.010633333333333333,0.012983333333333333,0.013275,0.021025,0.022125,0.034341666666666666,0.04749166666666667,0.053516666666666664,0.07126666666666667,0.0704,0.06670833333333333,0.04579166666666667,0.04711666666666667,0.048775,0.06361666666666667,0.047525,0.05434166666666667,0.06790833333333333,0.04315,0.023775,0.026833333333333334,0.0242,0.0186,0.009925,0.008416666666666666,0.004916666666666666,0.004208333333333333,0.0006333333333333333,0.0,0.0,0.0,0.0,0.0,0.0,0.0,0.0,0.0,0.0,0.0,0.0,0.0,0.0,0.0,0.0,0.0,0.0,0.0,0.0,0.0,0.0,0.0,0.0,0.0,0.0,0.0,0.0,0.0,0.0,0.0,0.0,0.0,0.0,0.0,0.0,0.0,0.0,0.0,0.0,0.0,0.0,0.0,0.0,0.0,0.0
1507409,São Francisco do Pará,0.0,0.0,0.0,0.0,0.0,0.0,0.0,0.0,0.0,0.0,0.0,0.0,0.0,0.0,0.0,0.0,0.0,0.0,0.0,0.0,0.0,0.0,0.0,0.0,0.0,0.0,0.0,0.0,0.0,0.0,0.0,0.0,0.0,0.0,0.0,0.0,0.0,0.0,0.0,0.0,0.0,0.0,0.0,0.0,0.0,0.0,0.0,0.0,0.0,0.0,0.0,0.0,0.0,0.0,0.0,0.0,0.0,0.0,5e-05,0.00014166666666666668,0.0007916666666666666,0.00031666666666666665,0.0009,0.0036166666666666665,0.0066,0.005908333333333333,0.01055,0.011133333333333334,0.013008333333333334,0.017991666666666666,0.026575,0.030033333333333332,0.023016666666666668,0.030441666666666665,0.04110833333333333,0.049708333333333334,0.052741666666666666,0.04015,0.035708333333333335,0.0348,0.04339166666666667,0.047466666666666664,0.050866666666666664,0.0486,0.03821666666666667,0.028458333333333332,0.01675,0.025541666666666667,0.018725,0.016775,0.03775833333333333,0.04413333333333333,0.026216666666666666,0.015525,0.010191666666666667,0.009408333333333333,0.02085,0.013133333333333334,0.009758333333333334,0.008108333333333334,0.006358333333333333,0.006525,0.007725,0.006975,0.0031166666666666665,0.0024666666666666665,0.00044166666666666665,4.1666666666666665e-05,0.0005333333333333334,0.0003333333333333333,0.00023333333333333333,8.333333333333333e-05,0.0,0.0,0.0,0.0,0.0,0.0,0.0,0.0,0.0,0.0,0.0,0.0,0.0,0.0,0.0,0.0,0.0,0.0,0.0,0.0,0.0,0.0,0.0,0.0,0.0,0.0,0.0,0.0,0.0,0.0,0.0,0.0
1506203,Salinópolis,0.0,0.0,0.0,0.0,0.0,0.0,0.0,0.0,0.0,0.0,0.0,0.0,0.0,0.0,0.0,0.0,0.0,0.0,0.0,0.0,0.0,0.0,0.0,0.0,0.0,0.0,0.0,0.0,0.0,0.0,0.0,0.0,0.0,0.0,0.0,0.0,0.0,0.0,0.0,0.0,0.0,0.0,0.0,0.0,0.0,0.0,0.0,0.0,0.0,0.0,0.0,0.0,0.0,0.0,0.0,0.0,0.0,0.0,0.00019166666666666667,0.00020833333333333335,0.0005166666666666667,0.0025083333333333333,0.007733333333333333,0.008108333333333334,0.003425,0.010758333333333333,0.010391666666666667,0.015925,0.022625,0.017825,0.020425,0.029,0.034616666666666664,0.03355,0.03718333333333333,0.03850833333333333,0.03150833333333333,0.03879166666666667,0.03406666666666667,0.03571666666666667,0.04151666666666667,0.03145,0.03220833333333333,0.03966666666666667,0.03186666666666667,0.04691666666666667,0.0444,0.03490833333333333,0.040233333333333336,0.024925,0.021525,0.014891666666666666,0.015358333333333333,0.0116,0.012825,0.011816666666666666,0.014183333333333333,0.014483333333333334,0.010708333333333334,0.006483333333333333,0.009191666666666667,0.008816666666666667,0.00835,0.00565,0.004716666666666667,0.003275,0.004591666666666667,0.008725,0.0038166666666666666,0.0017583333333333333,0.00185,0.00125,0.0005833333333333334,0.00085,0.00018333333333333334,0.00034166666666666666,0.00014166666666666668,0.00035833333333333333,0.0,0.0,0.0,0.0,0.0,0.0,0.0,0.0,0.0,0.0,0.0,0.0,0.0,0.0,0.0,0.0,0.0,0.0,0.0,0.0,0.0,0.0,0.0,0.0,0.0,0.0
1508209,Vigia,0.0,0.0,0.0,0.0,0.0,0.0,0.0,0.0,0.0,0.0,0.0,0.0,0.0,0.0,0.0,0.0,0.0,0.0,0.0,0.0,0.0,0.0,0.0,0.0,0.0,0.0,0.0,0.0,0.0,0.0,0.0,0.0,0.0,0.0,0.0,0.0,0.0,0.0,0.0,0.0,0.0,0.0,0.0,0.0,0.0,0.0,0.0,0.0,0.0,0.0,0.0,0.0,0.0,0.0,0.0,0.0,0.0,0.0,0.0,0.0,0.0,8.333333333333334e-06,0.0002666666666666667,0.00024166666666666667,0.0008166666666666667,0.002975,0.0063416666666666665,0.011775,0.008908333333333334,0.011033333333333332,0.019433333333333334,0.0205,0.018833333333333334,0.0159,0.023175,0.03861666666666667,0.035133333333333336,0.041075,0.03539166666666667,0.029275,0.04136666666666667,0.04518333333333333,0.042675,0.043741666666666665,0.03435,0.045608333333333334,0.04783333333333333,0.06445,0.03765,0.066275,0.052583333333333336,0.030575,0.01845,0.015508333333333334,0.013758333333333332,0.021175,0.012941666666666667,0.009558333333333334,0.006675,0.004941666666666666,0.006683333333333334,0.006541666666666667,0.005966666666666667,0.0028583333333333334,0.001925,9.166666666666667e-05,0.000325,0.000425,0.000125,5e-05,8.333333333333334e-06,0.0,0.0,0.0,0.0,0.0,0.0,0.0,0.0,0.0,0.0,0.0,0.0,0.0,0.0,0.0,0.0,0.0,0.0,0.0,0.0,0.0,0.0,0.0,0.0,0.0,0.0,0.0,0.0,0.0,0.0,0.0,0.0,0.0
1507953,Tailândia,0.0,0.0,0.0,0.0,0.0,0.0,0.0,0.0,0.0,0.0,0.0,0.0,0.0,0.0,0.0,0.0,0.0,0.0,0.0,0.0,0.0,0.0,0.0,0.0,0.0,0.0,0.0,0.0,0.0,0.0,0.0,0.0,0.0,0.0,0.0,0.0,0.0,0.0,0.0,0.0,0.0,0.0,0.0,0.0,0.0,0.0,0.0,0.0,0.0,0.0,0.0,0.0,0.0,0.0,0.0,0.0,0.0,0.0,0.0,0.0,0.0,0.0,0.0,0.0,0.0,0.0,0.0,0.0,0.0,0.0,0.0,0.00013333333333333334,0.010566666666666667,0.0171,0.042975,0.044241666666666665,0.03956666666666667,0.029308333333333332,0.028433333333333335,0.052583333333333336,0.04525,0.0453,0.060616666666666666,0.08115833333333333,0.077975,0.06274166666666667,0.056308333333333335,0.051491666666666665,0.0384,0.045691666666666665,0.029675,0.018091666666666666,0.0127,0.015933333333333334,0.015816666666666666,0.008458333333333333,0.010675,0.009358333333333333,0.010575,0.011641666666666666,0.009233333333333333,0.011108333333333333,0.004591666666666667,0.0020083333333333333,0.000175,0.00011666666666666667,0.0,0.0,0.0,0.0,0.0,0.0,0.0,0.0,0.0,0.0,0.0,0.0,0.0,0.0,0.0,0.0,0.0,0.0,0.0,0.0,0.0,0.0,0.0,0.0,0.0,0.0,0.0,0.0,0.0,0.0,0.0,0.0,0.0,0.0,0.0,0.0,0.0,0.0
1501907,Bujaru,0.0,0.0,0.0,0.0,0.0,0.0,0.0,0.0,0.0,0.0,0.0,0.0,0.0,0.0,0.0,0.0,0.0,0.0,0.0,0.0,0.0,0.0,0.0,0.0,0.0,0.0,0.0,0.0,0.0,0.0,0.0,0.0,0.0,0.0,0.0,0.0,0.0,0.0,0.0,0.0,0.0,0.0,0.0,0.0,0.0,0.0,0.0,0.0,0.0,0.0,0.0,0.0,0.0,0.0,0.0,0.0,0.0,0.0,0.0,0.0,0.0,0.0,0.00011666666666666667,0.0006916666666666667,0.0022333333333333333,0.0064,0.0118,0.008933333333333333,0.018375,0.018525,0.014725,0.0095,0.017541666666666667,0.019191666666666666,0.017608333333333333,0.01475,0.017308333333333332,0.018208333333333333,0.021683333333333332,0.020575,0.02266666666666667,0.030616666666666667,0.029908333333333332,0.033975,0.02578333333333333,0.028625,0.04273333333333333,0.0354,0.05114166666666667,0.06266666666666666,0.04455833333333333,0.03595,0.08191666666666667,0.06510833333333334,0.07886666666666667,0.05825,0.027375,0.0032083333333333334,0.002425,0.0006416666666666667,1.6666666666666667e-05,0.0,0.0,0.0,0.0,0.0,0.0,0.0,0.0,0.0,0.0,0.0,0.0,0.0,0.0,0.0,0.0,0.0,0.0,0.0,0.0,0.0,0.0,0.0,0.0,0.0,0.0,0.0,0.0,0.0,0.0,0.0,0.0,0.0,0.0,0.0,0.0,0.0,0.0,0.0,0.0,0.0,0.0,0.0
1508357,Vitória do Xingu,0.0,0.0,0.0,0.0,0.0,0.0,0.0,0.0,0.0,0.0,0.0,0.0,0.0,0.0,0.0,0.0,0.0,0.0,0.0,0.0,0.0,0.0,0.0,0.0,0.0,0.0,0.0,0.0,0.0,0.0,0.0,0.0,0.0,0.0,0.0,0.0,0.0,0.0,0.0,0.0,0.0,0.0,0.0,0.0,0.0,0.0,0.0,0.0,0.0,0.0,0.0,0.0,0.0,0.0,0.0,0.0,0.0,0.0,0.0,0.0,0.0,0.0,0.0,0.0,0.0,0.0006416666666666667,0.0028333333333333335,0.0032,0.0091,0.0154,0.024133333333333333,0.021666666666666667,0.017241666666666666,0.02085,0.026133333333333335,0.026016666666666667,0.03655833333333333,0.031075,0.028483333333333333,0.03256666666666667,0.026325,0.027625,0.029566666666666668,0.035541666666666666,0.03705833333333333,0.03575,0.039141666666666665,0.052675,0.027091666666666667,0.028033333333333334,0.041575,0.037483333333333334,0.033141666666666666,0.037691666666666665,0.023058333333333333,0.014108333333333334,0.017466666666666665,0.024058333333333334,0.0149,0.016433333333333335,0.021066666666666668,0.024,0.014183333333333333,0.014433333333333333,0.010991666666666667,0.005308333333333333,0.0033666666666666667,0.0017833333333333334,0.001675,0.0033083333333333333,0.0009666666666666667,0.0020083333333333333,0.0007583333333333333,0.0009833333333333332,0.000525,1.6666666666666667e-05,0.0,0.0,0.0,0.0,0.0,0.0,0.0,0.0,0.0,0.0,0.0,0.0,0.0,0.0,0.0,0.0,0.0,0.0,0.0,0.0,0.0,0.0,0.0,0.0,0.0,0.0,0.0,0.0
1505486,Pacajá,0.0,0.0,0.0,0.0,0.0,0.0,0.0,0.0,0.0,0.0,0.0,0.0,0.0,0.0,0.0,0.0,0.0,0.0,0.0,0.0,0.0,0.0,0.0,0.0,0.0,0.0,0.0,0.0,0.0,0.0,0.0,0.0,0.0,0.0,0.0,0.0,0.0,0.0,0.0,0.0,0.0,0.0,0.0,0.0,0.0,0.0,0.0,0.0,0.0,0.0,0.0,0.0,0.0,0.0,0.0,0.0,0.0,0.0,0.0,0.0,0.0,0.0,0.0,0.0,0.0,0.0,0.0,0.0,0.0,0.0001,9.166666666666667e-05,0.0023,0.005566666666666667,0.012841666666666666,0.021916666666666668,0.026691666666666666,0.03746666666666667,0.03534166666666667,0.05060833333333333,0.042333333333333334,0.03745833333333334,0.03528333333333333,0.046891666666666665,0.052375,0.044333333333333336,0.052241666666666665,0.031566666666666666,0.035825,0.055266666666666665,0.031733333333333336,0.0456,0.041925,0.03405,0.024116666666666668,0.023275,0.024233333333333332,0.015283333333333333,0.014033333333333333,0.0143,0.010033333333333333,0.010383333333333333,0.012466666666666666,0.012375,0.013966666666666667,0.0162,0.011583333333333333,0.009208333333333334,0.0058583333333333334,0.0027916666666666667,8.333333333333333e-05,0.0,0.0,0.0,0.0,0.0,0.0,0.0,0.0,0.0,0.0,0.0,0.0,0.0,0.0,0.0,0.0,0.0,0.0,0.0,0.0,0.0,0.0,0.0,0.0,0.0,0.0,0.0,0.0,0.0,0.0,0.0,0.0,0.0,0.0
1503903,Juruti,0.0,0.0,0.0,0.0,0.0,0.0,0.0,0.0,0.0,0.0,0.0,0.0,0.0,0.0,0.0,0.0,0.0,0.0,0.0,0.0,0.0,0.0,0.0,0.0,0.0,0.0,0.0,0.0,0.0,0.0,0.0,0.0,0.0,0.0,0.0,0.0,0.0,0.0,0.0,0.0,0.0,0.0,0.0,0.0,0.0,0.0,0.0,0.0,0.0,0.0,0.0,0.0,0.0,0.0,0.0,0.0,0.0,0.0,0.0,2.5e-05,0.00025,0.0003083333333333333,0.0008833333333333333,0.0015583333333333332,0.001825,0.0026,0.0030083333333333333,0.00655,0.010066666666666666,0.00825,0.00865,0.015141666666666666,0.018841666666666666,0.019825,0.016616666666666665,0.030525,0.026416666666666668,0.021591666666666665,0.01665,0.021975,0.028441666666666667,0.018591666666666666,0.042616666666666664,0.025033333333333335,0.03428333333333333,0.0386,0.05334166666666667,0.034883333333333336,0.04140833333333333,0.050925,0.04584166666666667,0.04695833333333333,0.041666666666666664,0.030808333333333333,0.029541666666666667,0.025891666666666667,0.024666666666666667,0.024633333333333333,0.017383333333333334,0.016616666666666665,0.011983333333333334,0.010816666666666667,0.018583333333333334,0.014716666666666666,0.012366666666666666,0.014766666666666668,0.0034083333333333335,0.0046166666666666665,0.0027916666666666667,0.0021,0.00015833333333333332,0.0,0.0,0.0,0.0,0.0,0.0,0.0,0.0,0.0,0.0,0.0,0.0,0.0,0.0,0.0,0.0,0.0,0.0,0.0,0.0,0.0,0.0,0.0,0.0,0.0,0.0,0.0,0.0,0.0,0.0,0.0,0.0,0.0
1501782,Breu Branco,0.0,0.0,0.0,0.0,0.0,0.0,0.0,0.0,0.0,0.0,0.0,0.0,0.0,0.0,0.0,0.0,0.0,0.0,0.0,0.0,0.0,0.0,0.0,0.0,0.0,0.0,0.0,0.0,0.0,0.0,0.0,0.0,0.0,0.0,0.0,0.0,0.0,0.0,0.0,0.0,0.0,0.0,0.0,0.0,0.0,0.0,0.0,0.0,0.0,0.0,0.0,0.0,0.0,0.0,0.0,0.0,0.0,0.0,0.0,0.0,0.0,0.0,0.0,4.1666666666666665e-05,9.166666666666667e-05,0.0005416666666666666,0.0010583333333333334,0.0024666666666666665,0.0018166666666666667,0.0054,0.004383333333333334,0.005941666666666666,0.0060416666666666665,0.0047666666666666664,0.0074,0.008908333333333334,0.012766666666666667,0.013375,0.019133333333333332,0.023016666666666668,0.030558333333333333,0.035475,0.03854166666666667,0.04315833333333333,0.041666666666666664,0.0576,0.06919166666666667,0.07428333333333334,0.070275,0.08284166666666666,0.047925,0.059025,0.05839166666666667,0.038725,0.029125,0.028033333333333334,0.0161,0.011641666666666666,0.014416666666666666,0.011566666666666666,0.007258333333333334,0.007458333333333333,0.0028833333333333332,0.0020666666666666667,0.002766666666666667,0.0015916666666666666,0.00028333333333333335,0.0,0.0,0.0,0.0,0.0,0.0,0.0,0.0,0.0,0.0,0.0,0.0,0.0,0.0,0.0,0.0,0.0,0.0,0.0,0.0,0.0,0.0,0.0,0.0,0.0,0.0,0.0,0.0,0.0,0.0,0.0,0.0,0.0,0.0,0.0,0.0,0.0
1502954,Eldorado do Carajás,0.0,0.0,0.0,0.0,0.0,0.0,0.0,0.0,0.0,0.0,0.0,0.0,0.0,0.0,0.0,0.0,0.0,0.0,0.0,0.0,0.0,0.0,0.0,0.0,0.0,0.0,0.0,0.0,0.0,0.0,0.0,0.0,0.0,0.0,0.0,0.0,0.0,0.0,0.0,0.0,0.0,0.0,0.0,0.0,0.0,0.0,0.0,0.0,0.0,0.0,0.0,0.0,0.0,0.0,0.0,0.0,0.0,0.0,0.0,0.0,0.0,0.0,8.333333333333334e-06,7.5e-05,8.333333333333333e-05,0.000275,0.0014083333333333333,0.002033333333333333,0.002125,0.002225,0.0035666666666666668,0.011358333333333333,0.009025,0.008625,0.014383333333333333,0.009275,0.012758333333333333,0.012491666666666667,0.014083333333333333,0.012016666666666667,0.0123,0.018075,0.019291666666666665,0.024966666666666668,0.025516666666666667,0.02775,0.023325,0.028933333333333332,0.030758333333333332,0.0294,0.022291666666666668,0.03258333333333333,0.02865,0.028891666666666666,0.03685833333333333,0.03843333333333333,0.057975,0.030483333333333335,0.03981666666666667,0.03865,0.03190833333333333,0.047525,0.03515,0.018325,0.021166666666666667,0.020658333333333334,0.021075,0.016708333333333332,0.014233333333333334,0.018041666666666668,0.007966666666666667,0.00785,0.007691666666666667,0.00905,0.007241666666666667,0.003125,0.0015,1.6666666666666667e-05,0.0,0.0,0.0,0.0,0.0,0.0,0.0,0.0,0.0,0.0,0.0,0.0,0.0,0.0,0.0,0.0,0.0,0.0,0.0,0.0,0.0,0.0,0.0,0.0,0.0,0.0
1507979,Terra Santa,0.0,0.0,0.0,0.0,0.0,0.0,0.0,0.0,0.0,0.0,0.0,0.0,0.0,0.0,0.0,0.0,0.0,0.0,0.0,0.0,0.0,0.0,0.0,0.0,0.0,0.0,0.0,0.0,0.0,0.0,0.0,0.0,0.0,0.0,0.0,0.0,0.0,0.0,0.0,0.0,0.0,0.0,0.0,0.0,0.0,0.0,0.0,0.0,0.0,0.0,0.0,0.0,0.0,0.0,0.0,0.0,0.0,0.0,0.0,0.0,0.0,0.0,0.0,0.0,0.0,0.0,0.0,0.0,0.0,0.0,0.0,0.0,0.0,0.0,0.0,0.0,0.0005583333333333333,0.0016666666666666668,0.007458333333333333,0.004641666666666666,0.023766666666666665,0.015708333333333335,0.042675,0.028333333333333332,0.05230833333333333,0.05071666666666667,0.03895,0.045616666666666666,0.09534166666666667,0.06921666666666666,0.08909166666666667,0.093225,0.056433333333333335,0.05109166666666667,0.032091666666666664,0.020425,0.022875,0.021191666666666668,0.01765,0.017875,0.018041666666666668,0.01385,0.013333333333333334,0.010816666666666667,0.008983333333333333,0.008558333333333333,0.007775,0.006608333333333333,0.009783333333333333,0.003075,0.0002666666666666667,0.0,0.0,0.0,0.0,0.0,0.0,0.0,0.0,0.0,0.0,0.0,0.0,0.0,0.0,0.0,0.0,0.0,0.0,0.0,0.0,0.0,0.0,0.0,0.0,0.0,0.0,0.0,0.0,0.0,0.0,0.0,0.0,0.0
1506005,Prainha,0.0,0.0,0.0,0.0,0.0,0.0,0.0,0.0,0.0,0.0,0.0,0.0,0.0,0.0,0.0,0.0,0.0,0.0,0.0,0.0,0.0,0.0,0.0,0.0,0.0,0.0,0.0,0.0,0.0,0.0,0.0,0.0,0.0,0.0,0.0,0.0,0.0,0.0,0.0,0.0,0.0,0.0,0.0,0.0,0.0,0.0,0.0,0.0,0.0,0.0,0.0,0.0,0.0,0.0,0.0,0.0,0.0,0.0,0.0,0.0,0.0,0.0,0.0,0.0,0.0,0.0,0.0,0.0,0.0,0.0,0.0,0.0015083333333333333,0.0016583333333333333,0.00395,0.005975,0.003691666666666667,0.011183333333333333,0.016108333333333332,0.015216666666666667,0.018116666666666666,0.02075,0.032391666666666666,0.027191666666666666,0.026833333333333334,0.0241,0.01845,0.019066666666666666,0.009716666666666667,0.006266666666666667,0.00795,0.03244166666666667,0.06035,0.061783333333333336,0.08063333333333333,0.06080833333333333,0.048133333333333334,0.04398333333333333,0.041475,0.030808333333333333,0.028366666666666665,0.028166666666666666,0.0263,0.031166666666666665,0.022383333333333335,0.020266666666666665,0.020933333333333335,0.018675,0.017541666666666667,0.012316666666666667,0.017325,0.01455,0.00365,0.005166666666666667,0.0015666666666666667,0.0009,0.00018333333333333334,0.0,0.0,0.0,0.0,0.0,0.0,0.0,0.0,0.0,0.0,0.0,0.0,0.0,0.0,0.0,0.0,0.0,0.0,0.0,0.0,0.0,0.0,0.0,0.0,0.0,0.0,0.0,0.0
1504422,Marituba,0.0,0.0,0.0,0.0,0.0,0.0,0.0,0.0,0.0,0.0,0.0,0.0,0.0,0.0,0.0,0.0,0.0,0.0,0.0,0.0,0.0,0.0,0.0,0.0,0.0,0.0,0.0,0.0,0.0,0.0,0.0,0.0,0.0,0.0,0.0,0.0,0.0,0.0,0.0,0.0,0.0,0.0,0.0,0.0,0.0,0.0,0.0,0.0,0.0,0.0,0.0,0.0,0.0,0.0,0.0,0.0,0.0,0.0,0.0,0.0,0.0,0.0,0.0,0.0,0.0,0.0,0.0,0.0,0.0,0.0,0.0,0.0,0.0,0.0,0.0,0.0005083333333333333,0.0020916666666666666,0.0033916666666666665,0.0044,0.006575,0.0068,0.008866666666666667,0.0108,0.013683333333333334,0.017533333333333335,0.021866666666666666,0.03238333333333333,0.03376666666666667,0.03519166666666667,0.035975,0.046875,0.056416666666666664,0.083125,0.09016666666666667,0.08735,0.057,0.046733333333333335,0.041175,0.033975,0.02735833333333333,0.025608333333333334,0.03141666666666667,0.025733333333333334,0.028266666666666666,0.027883333333333333,0.018466666666666666,0.018891666666666668,0.010033333333333333,0.004808333333333334,0.00315,0.0009583333333333333,0.0006166666666666666,0.00013333333333333334,2.5e-05,0.0,0.0,0.0,0.0,0.0,0.0,0.0,0.0,0.0,0.0,0.0,0.0,0.0,0.0,0.0,0.0,0.0,0.0,0.0,0.0,0.0,0.0,0.0,0.0,0.0,0.0,0.0,0.0,0.0,0.0
1501105,Bagre,0.0,0.0,0.0,0.0,0.0,0.0,0.0,0.0,0.0,0.0,0.0,0.0,0.0,0.0,0.0,0.0,0.0,0.0,0.0,0.0,0.0,0.0,0.0,0.0,0.0,0.0,0.0,0.0,0.0,0.0,0.0,0.0,0.0,0.0,0.0,0.0,0.0,0.0,0.0,0.0,0.0,0.0,0.0,0.0,0.0,0.0,0.0,0.0,0.0,0.0,0.0,0.0,0.0,0.0,0.0,0.0,0.0,0.0,0.0,0.0,0.0,0.00010833333333333333,0.000275,0.00046666666666666666,0.000425,0.0003083333333333333,0.000425,0.000475,0.00125,0.0012916666666666667,0.001625,0.0016583333333333333,0.001725,0.0035416666666666665,0.0027083333333333334,0.0049833333333333335,0.004525,0.0037166666666666667,0.005783333333333333,0.007733333333333333,0.007358333333333333,0.006541666666666667,0.006591666666666667,0.007825,0.013458333333333333,0.014616666666666667,0.011908333333333333,0.013783333333333333,0.018708333333333334,0.016141666666666665,0.022133333333333335,0.021375,0.028941666666666668,0.029583333333333333,0.02255,0.034075,0.04101666666666667,0.039358333333333335,0.031933333333333334,0.047575,0.045233333333333334,0.051008333333333336,0.051941666666666664,0.06698333333333334,0.0678,0.057091666666666666,0.043783333333333334,0.033125,0.030208333333333334,0.024516666666666666,0.0176,0.014916666666666667,0.011366666666666667,0.005891666666666667,3.3333333333333335e-05,0.0,0.0,0.0,0.0,0.0,0.0,0.0,0.0,0.0,0.0,0.0,0.0,0.0,0.0,0.0,0.0,0.0,0.0,0.0,0.0,0.0,0.0,0.0,0.0,0.0,0.0,0.0,0.0,0.0
1502301,Capitão Poço,0.0,0.0,0.0,0.0,0.0,0.0,0.0,0.0,0.0,0.0,0.0,0.0,0.0,0.0,0.0,0.0,0.0,0.0,0.0,0.0,0.0,0.0,0.0,0.0,0.0,0.0,0.0,0.0,0.0,0.0,0.0,0.0,0.0,0.0,0.0,0.0,0.0,0.0,0.0,0.0,0.0,0.0,0.0,0.0,0.0,0.0,0.0,0.0,0.0,0.0,0.0,0.0,0.0,0.0,0.0,0.0,0.0,0.0,0.0,0.0,0.0,0.0,0.0,0.0,0.0,0.0,0.0,0.0,0.0,0.0,0.0,0.0,0.0,9.166666666666667e-05,0.00014166666666666668,0.00085,0.0008583333333333333,0.0010416666666666667,0.0018166666666666667,0.0017166666666666667,0.0024916666666666668,0.0034083333333333335,0.006408333333333334,0.006491666666666666,0.014841666666666666,0.01585,0.021608333333333334,0.019308333333333334,0.025283333333333335,0.028725,0.04779166666666667,0.040466666666666665,0.04654166666666667,0.058325,0.05503333333333333,0.072525,0.07230833333333334,0.07641666666666666,0.05935,0.033075,0.03373333333333333,0.028908333333333334,0.023733333333333332,0.03315833333333333,0.029316666666666668,0.024091666666666667,0.020183333333333334,0.021391666666666666,0.021525,0.0232,0.015091666666666666,0.00665,0.0025416666666666665,0.0016666666666666668,0.0019666666666666665,5e-05,1.6666666666666667e-05,8.333333333333334e-06,0.0,0.0,0.0,0.0,0.0,0.0,0.0,0.0,0.0,0.0,0.0,0.0,0.0,0.0,0.0,0.0,0.0,0.0,0.0,0.0,0.0,0.0,0.0,0.0,0.0,0.0
1508084,Tucumã,0.0,0.0,0.0,0.0,0.0,0.0,0.0,0.0,0.0,0.0,0.0,0.0,0.0,0.0,0.0,0.0,0.0,0.0,0.0,0.0,0.0,0.0,0.0,0.0,0.0,0.0,0.0,0.0,0.0,0.0,0.0,0.0,0.0,0.0,0.0,0.0,0.0,0.0,0.0,0.0,0.0,0.0,0.0,0.0,0.0,0.0,0.0,0.0,0.0,0.0,0.0,0.0,0.0,0.0,0.0,0.0,0.0,0.0,0.0,0.0,0.0,0.0,0.0,0.0,0.0,0.0,0.0,0.0,0.0,0.0,0.0,0.0,0.0,0.0,0.0002916666666666667,0.0010333333333333334,0.0026583333333333333,0.00255,0.0025666666666666667,0.0028833333333333332,0.003833333333333333,0.005325,0.006825,0.01005,0.010066666666666666,0.014133333333333333,0.018833333333333334,0.019583333333333335,0.026433333333333333,0.02165,0.03405,0.03175,0.034716666666666667,0.05131666666666666,0.07185,0.08045833333333334,0.07119166666666667,0.06283333333333334,0.05968333333333333,0.04185,0.037891666666666664,0.033558333333333336,0.026325,0.024583333333333332,0.025491666666666666,0.02105,0.036675,0.028941666666666668,0.029091666666666665,0.024283333333333334,0.0113,0.010683333333333333,0.0017083333333333334,0.0,0.0,0.0,0.0,0.0,0.0,0.0,0.0,0.0,0.0,0.0,0.0,0.0,0.0,0.0,0.0,0.0,0.0,0.0,0.0,0.0,0.0,0.0,0.0,0.0,0.0,0.0,0.0,0.0,0.0,0.0
1508035,Tracuateua,0.0,0.0,0.0,0.0,0.0,0.0,0.0,0.0,0.0,0.0,0.0,0.0,0.0,0.0,0.0,0.0,0.0,0.0,0.0,0.0,0.0,0.0,0.0,0.0,0.0,0.0,0.0,0.0,0.0,0.0,0.0,0.0,0.0,0.0,0.0,0.0,0.0,0.0,0.0,0.0,0.0,0.0,0.0,0.0,0.0,0.0,0.0,0.0,0.0,0.0,0.0,0.0,0.0,0.0,0.0,0.0,0.0,0.0,0.0,0.0,0.0,0.0,0.0,0.0,0.0,0.0,0.0,0.0,0.0,0.0,5e-05,0.0006,0.004633333333333333,0.004091666666666667,0.004025,0.0064333333333333334,0.0073,0.008083333333333333,0.006775,0.0041916666666666665,0.005116666666666667,0.009616666666666667,0.012683333333333333,0.010875,0.012408333333333334,0.017641666666666667,0.01855,0.023116666666666667,0.020283333333333334,0.030375,0.017866666666666666,0.022116666666666666,0.021825,0.030983333333333335,0.027991666666666668,0.026416666666666668,0.035725,0.045675,0.036025,0.037625,0.03725833333333333,0.045575,0.044066666666666664,0.03836666666666667,0.035525,0.03319166666666667,0.02985,0.034616666666666664,0.029958333333333333,0.026133333333333335,0.02725,0.0154,0.015808333333333334,0.01645,0.016066666666666667,0.009725,0.004941666666666666,0.008916666666666666,0.007983333333333334,0.00235,0.001725,0.0025,0.00155,0.00265,0.00215,0.0008916666666666667,0.0,0.0,0.0,0.0,0.0,0.0,0.0,0.0,0.0,0.0,0.0,0.0,0.0,0.0,0.0,0.0,0.0,0.0
1502004,Cachoeira do Arari,0.0,0.0,0.0,0.0,0.0,0.0,0.0,0.0,0.0,0.0,0.0,0.0,0.0,0.0,0.0,0.0,0.0,0.0,0.0,0.0,0.0,0.0,0.0,0.0,0.0,0.0,0.0,0.0,0.0,0.0,0.0,0.0,0.0,0.0,0.0,0.0,0.0,0.0,0.0,0.0,0.0,0.0,0.0,0.0,0.0,0.0,0.0,0.0,0.0,0.0,0.0,0.0,0.0,0.0,0.0,0.0,0.0,0.0,0.0,0.0,0.0,0.0,0.0,0.0,0.0,0.0,0.0,0.0,0.0,0.0,0.0,0.0,0.0,0.0,0.0,0.0,0.0,0.0,0.0,0.0,0.0,0.0,0.0,0.0008833333333333333,0.00048333333333333334,0.0024416666666666666,0.0077666666666666665,0.013641666666666667,0.016833333333333332,0.017358333333333333,0.032591666666666665,0.012716666666666666,0.018766666666666668,0.03553333333333333,0.03595,0.058275,0.055375,0.07911666666666667,0.09361666666666667,0.10805,0.10028333333333334,0.05371666666666667,0.022583333333333334,0.0184,0.01805,0.015758333333333333,0.0127,0.014691666666666667,0.02295,0.022891666666666668,0.03645,0.044375,0.020491666666666665,0.007108333333333334,0.00015,0.0,0.0,0.0,0.0,0.0,0.0,0.0,0.0,0.0,0.0,0.0,0.0,0.0,0.0,0.0,0.0,0.0,0.0,0.0,0.0,0.0,0.0,0.0,0.0,0.0,0.0,0.0,0.0,0.0
1500305,Afuá,0.0,0.0,0.0,0.0,0.0,0.0,0.0,0.0,0.0,0.0,0.0,0.0,0.0,0.0,0.0,0.0,0.0,0.0,0.0,0.0,0.0,0.0,0.0,0.0,0.0,0.0,0.0,0.0,0.0,0.0,0.0,0.0,0.0,0.0,0.0,0.0,0.0,0.0,0.0,0.0,0.0,0.0,0.0,0.0,0.0,0.0,0.0,0.0,0.0,0.0,0.0,0.0,0.0,0.0,0.0,0.0,0.0,0.0,0.0,0.0,0.0,0.0,8.333333333333334e-06,0.00018333333333333334,0.0006166666666666666,0.0005166666666666667,0.0010333333333333334,0.000275,0.0012,0.001025,0.000875,0.0012916666666666667,0.000875,0.0010833333333333333,0.0019916666666666668,0.0023166666666666665,0.0026583333333333333,0.005716666666666667,0.0032,0.004858333333333333,0.005783333333333333,0.005391666666666667,0.005666666666666667,0.006141666666666667,0.009708333333333333,0.006933333333333333,0.010008333333333333,0.010383333333333333,0.009883333333333333,0.014908333333333334,0.015133333333333334,0.024891666666666666,0.016625,0.015775,0.02109166666666667,0.027258333333333332,0.031241666666666668,0.026341666666666666,0.027841666666666667,0.03333333333333333,0.043366666666666664,0.04425,0.05463333333333333,0.04395,0.050075,0.038225,0.0389,0.033425,0.036241666666666665,0.022525,0.026158333333333332,0.03548333333333333,0.03395,0.05885,0.032341666666666664,0.017575,0.0144,0.021508333333333334,7.5e-05,0.0,0.0,0.0,0.0,0.0,0.0,0.0,0.0,0.0,0.0,0.0,0.0,0.0,0.0,0.0,0.0,0.0,0.0,0.0,0.0,0.0,0.0,0.0,0.0,0.0
1503101,Gurupá,0.0,0.0,0.0,0.0,0.0,0.0,0.0,0.0,0.0,0.0,0.0,0.0,0.0,0.0,0.0,0.0,0.0,0.0,0.0,0.0,0.0,0.0,0.0,0.0,0.0,0.0,0.0,0.0,0.0,0.0,0.0,0.0,0.0,0.0,0.0,0.0,0.0,0.0,0.0,0.0,0.0,0.0,0.0,0.0,0.0,0.0,0.0,0.0,0.0,0.0,0.0,0.0,0.0,0.0,0.0,0.0,0.0,0.0,0.0,0.0,0.0,0.0,0.0,1.6666666666666667e-05,0.0001,0.0002,0.00024166666666666667,0.0007,0.0006416666666666667,0.0015833333333333333,0.0018833333333333334,0.001475,0.0016833333333333333,0.0014416666666666666,0.0018583333333333334,0.002225,0.0033,0.00325,0.0063416666666666665,0.004533333333333334,0.0042833333333333334,0.006233333333333333,0.006233333333333333,0.007058333333333333,0.0063,0.011583333333333333,0.010908333333333334,0.0083,0.012258333333333333,0.015208333333333334,0.016216666666666667,0.014233333333333334,0.020516666666666666,0.022841666666666666,0.015983333333333332,0.018783333333333332,0.026516666666666668,0.03555833333333333,0.033275,0.029266666666666667,0.03241666666666667,0.03886666666666667,0.037658333333333335,0.0495,0.04716666666666667,0.04740833333333333,0.035908333333333334,0.03154166666666667,0.028675,0.035008333333333336,0.016758333333333333,0.022925,0.023425,0.031483333333333335,0.051408333333333334,0.037066666666666664,0.023475,0.020083333333333335,0.033725,0.0022083333333333334,0.00025833333333333334,0.0,0.0,0.0,0.0,0.0,0.0,0.0,0.0,0.0,0.0,0.0,0.0,0.0,0.0,0.0,0.0,0.0,0.0,0.0,0.0,0.0,0.0,0.0
1504976,Nova Ipixuna,0.0,0.0,0.0,0.0,0.0,0.0,0.0,0.0,0.0,0.0,0.0,0.0,0.0,0.0,0.0,0.0,0.0,0.0,0.0,0.0,0.0,0.0,0.0,0.0,0.0,0.0,0.0,0.0,0.0,0.0,0.0,0.0,0.0,0.0,0.0,0.0,0.0,0.0,0.0,0.0,0.0,0.0,0.0,0.0,0.0,0.0,0.0,0.0,0.0,0.0,0.0,0.0,0.0,0.0,0.0,0.0,0.0,0.0,0.0,0.0,0.0,0.0,0.0,0.0,0.0,0.0,0.0,0.0,0.0,0.0,0.0,0.0,0.0,0.0,0.0,0.0,0.0,0.0003,0.0023083333333333332,0.0043,0.0044083333333333335,0.0025083333333333333,0.00245,0.002616666666666667,0.005441666666666667,0.0045583333333333335,0.006991666666666667,0.0077083333333333335,0.011858333333333334,0.011675,0.021133333333333334,0.013691666666666666,0.018508333333333335,0.016991666666666665,0.026858333333333335,0.0287,0.032141666666666666,0.04153333333333333,0.053908333333333336,0.048641666666666666,0.039983333333333336,0.037625,0.052408333333333335,0.045625,0.056716666666666665,0.05441666666666667,0.047933333333333335,0.05578333333333333,0.04688333333333333,0.036291666666666667,0.03455,0.03150833333333333,0.029608333333333334,0.018916666666666665,0.011008333333333334,0.0085,0.008633333333333333,0.007733333333333333,0.005016666666666667,0.0006833333333333333,0.0009416666666666667,0.0,0.0,0.0,0.0,0.0,0.0,0.0,0.0,0.0,0.0,0.0,0.0,0.0,0.0,0.0,0.0,0.0,0.0,0.0,0.0,0.0,0.0,0.0
1506559,Santa Luzia do Pará,0.0,0.0,0.0,0.0,0.0,0.0,0.0,0.0,0.0,0.0,0.0,0.0,0.0,0.0,0.0,0.0,0.0,0.0,0.0,0.0,0.0,0.0,0.0,0.0,0.0,0.0,0.0,0.0,0.0,0.0,0.0,0.0,0.0,0.0,0.0,0.0,0.0,0.0,0.0,0.0,0.0,0.0,0.0,0.0,0.0,0.0,0.0,0.0,0.0,0.0,0.0,0.0,0.0,0.0,0.0,0.0,0.0,0.0,0.0,0.0,0.0,0.0,0.0,0.0,0.0,0.0,0.0,0.0,0.0,0.0,0.0,0.0,0.0,0.0,0.0,0.0,0.0,0.0,0.0,0.0,0.0,0.0,0.0,0.0,0.0,0.0,0.0,0.0,0.0,0.0,0.0,0.0,0.0,0.0023083333333333332,0.00885,0.017133333333333334,0.03505833333333333,0.11001666666666667,0.12169166666666667,0.11239166666666667,0.09728333333333333,0.0548,0.04735,0.047825,0.025825,0.029225,0.025225,0.018333333333333333,0.017733333333333334,0.017691666666666668,0.017783333333333335,0.024091666666666667,0.04608333333333333,0.04181666666666667,0.028941666666666668,0.03324166666666667,0.008425,0.005991666666666667,0.004175,0.0007083333333333334,0.0,0.0,0.0,0.0,0.0,0.0,0.0,0.0,0.0,0.0,0.0,0.0,0.0,0.0,0.0,0.0,0.0,0.0,0.0,0.0,0.0,0.0,0.0,0.0
1501501,Benevides,0.0,0.0,0.0,0.0,0.0,0.0,0.0,0.0,0.0,0.0,0.0,0.0,0.0,0.0,0.0,0.0,0.0,0.0,0.0,0.0,0.0,0.0,0.0,0.0,0.0,0.0,0.0,0.0,0.0,0.0,0.0,0.0,0.0,0.0,0.0,0.0,0.0,0.0,0.0,0.0,0.0,0.0,0.0,0.0,0.0,0.0,0.0,0.0,0.0,0.0,0.0,0.0,0.0,0.0,0.0,0.0,0.0,0.0,0.0,0.0,0.0,0.0,0.0,0.0,0.0,0.0,0.0,0.0,0.0,0.0,0.0,7.5e-05,0.00025833333333333334,8.333333333333333e-05,0.0002,0.00055,0.0013583333333333334,0.0011916666666666666,0.0032916666666666667,0.0035833333333333333,0.00575,0.008133333333333333,0.009791666666666667,0.008275,0.0071916666666666665,0.009266666666666666,0.010083333333333333,0.012341666666666667,0.021,0.020066666666666667,0.024283333333333334,0.026641666666666668,0.027141666666666668,0.035366666666666664,0.051875,0.04410833333333333,0.030233333333333334,0.022075,0.025558333333333332,0.02194166666666667,0.019791666666666666,0.02225,0.020533333333333334,0.021225,0.0267,0.023766666666666665,0.025666666666666667,0.023258333333333332,0.02585,0.025433333333333332,0.026908333333333333,0.028725,0.027133333333333332,0.02808333333333333,0.026691666666666666,0.020791666666666667,0.023783333333333333,0.025808333333333332,0.01755,0.024891666666666666,0.022241666666666667,0.015825,0.011258333333333334,0.011708333333333333,0.009633333333333334,0.0050416666666666665,0.005441666666666667,0.0015166666666666666,0.00075,2.5e-05,0.0,0.0,0.0,0.0,0.0,0.0,0.0,0.0,0.0,0.0,0.0,0.0,0.0,0.0
1502939,Dom Eliseu,0.0,0.0,0.0,0.0,0.0,0.0,0.0,0.0,0.0,0.0,0.0,0.0,0.0,0.0,0.0,0.0,0.0,0.0,0.0,0.0,0.0,0.0,0.0,0.0,0.0,0.0,0.0,0.0,0.0,0.0,0.0,0.0,0.0,0.0,0.0,0.0,0.0,0.0,0.0,0.0,0.0,0.0,0.0,0.0,0.0,0.0,0.0,0.0,0.0,0.0,0.0,0.0,0.0,0.0,0.0,0.0,0.0,0.0,0.0,0.0,0.0,0.0,0.0,0.0,0.0,0.0,0.0,0.0,0.0,0.0,0.0,0.0,0.0,0.0,0.0,0.0,0.0,0.0,0.0,0.0,0.0,0.0,0.0,0.0,0.0,0.0,0.0,0.000275,0.0006,0.003608333333333333,0.004725,0.008491666666666666,0.007216666666666666,0.009725,0.011633333333333334,0.01415,0.016341666666666668,0.026166666666666668,0.027441666666666666,0.07429166666666667,0.0763,0.075475,0.0706,0.061691666666666665,0.048258333333333334,0.046483333333333335,0.04265833333333333,0.0654,0.05488333333333333,0.0378,0.049558333333333336,0.026925,0.026033333333333332,0.033416666666666664,0.030791666666666665,0.03414166666666667,0.013908333333333333,0.0010083333333333333,0.0,0.0,0.0,0.0,0.0,0.0,0.0,0.0,0.0,0.0,0.0,0.0,0.0,0.0,0.0,0.0,0.0,0.0,0.0,0.0,0.0,0.0,0.0,0.0,0.0,0.0
1502707,Conceição do Araguaia,0.0,0.0,0.0,0.0,0.0,0.0,0.0,0.0,0.0,0.0,0.0,0.0,0.0,0.0,0.0,0.0,0.0,0.0,0.0,0.0,0.0,0.0,0.0,0.0,0.0,0.0,0.0,0.0,0.0,0.0,0.0,0.0,0.0,0.0,0.0,0.0,0.0,0.0,0.0,0.0,0.0,0.0,0.0,0.0,0.0,0.0,0.0,0.0,0.0,0.0,0.0,0.0,0.0,0.0,0.0,0.0,0.0,0.0,0.0,0.0,0.0,0.0,0.0,0.0,0.0,0.0,0.0,0.0,0.0,0.0,0.0,0.0,0.0,0.0,0.0,0.0,0.0,0.00011666666666666667,8.333333333333333e-05,7.5e-05,0.00013333333333333334,0.0008583333333333333,0.00023333333333333333,0.00155,0.001675,0.002125,0.0031666666666666666,0.002925,0.004025,0.005608333333333333,0.008333333333333333,0.013616666666666666,0.012516666666666667,0.0128,0.018966666666666666,0.026383333333333335,0.016233333333333332,0.023483333333333332,0.030575,0.029616666666666666,0.026675,0.0409,0.048108333333333336,0.0612,0.054941666666666666,0.05235833333333333,0.051375,0.049833333333333334,0.0424,0.03203333333333333,0.03585,0.050725,0.04454166666666667,0.050425,0.027016666666666668,0.031825,0.04466666666666667,0.015066666666666667,0.015216666666666667,0.007291666666666667,0.00245,0.0,0.0,0.0,0.0,0.0,0.0,0.0,0.0,0.0,0.0,0.0,0.0,0.0,0.0,0.0,0.0,0.0,0.0,0.0,0.0,0.0,0.0,0.0
1503804,Jacundá,0.0,0.0,0.0,0.0,0.0,0.0,0.0,0.0,0.0,0.0,0.0,0.0,0.0,0.0,0.0,0.0,0.0,0.0,0.0,0.0,0.0,0.0,0.0,0.0,0.0,0.0,0.0,0.0,0.0,0.0,0.0,0.0,0.0,0.0,0.0,0.0,0.0,0.0,0.0,0.0,0.0,0.0,0.0,0.0,0.0,0.0,0.0,0.0,0.0,0.0,0.0,0.0,0.0,0.0,0.0,0.0,0.0,0.0,0.0,0.0,0.0,0.0,0.0,0.0,0.0,0.0,0.0,0.0,0.0,0.0,0.0,0.0,0.0,0.0,0.0,0.0,0.0,0.0,0.0,0.0,0.0,0.0,0.0,8.333333333333334e-06,0.0008583333333333333,0.00035833333333333333,0.0003916666666666667,0.0004333333333333333,0.0003083333333333333,0.00036666666666666667,0.002425,0.003075,0.0040416666666666665,0.005875,0.005741666666666667,0.006108333333333334,0.008583333333333333,0.009541666666666667,0.010616666666666667,0.014116666666666666,0.024175,0.018541666666666668,0.03639166666666667,0.041758333333333335,0.0436,0.04513333333333333,0.07011666666666666,0.09090833333333333,0.08830833333333334,0.10835,0.11481666666666666,0.10664166666666666,0.09491666666666666,0.03518333333333333,0.007858333333333333,0.00045,0.0,0.0,0.0,0.0,0.0,0.0,0.0,0.0,0.0,0.0,0.0,0.0,0.0,0.0,0.0,0.0,0.0,0.0,0.0,0.0,0.0,0.0,0.0,0.0,0.0,0.0,0.0,0.0
1503077,Garrafão do Norte,0.0,0.0,0.0,0.0,0.0,0.0,0.0,0.0,0.0,0.0,0.0,0.0,0.0,0.0,0.0,0.0,0.0,0.0,0.0,0.0,0.0,0.0,0.0,0.0,0.0,0.0,0.0,0.0,0.0,0.0,0.0,0.0,0.0,0.0,0.0,0.0,0.0,0.0,0.0,0.0,0.0,0.0,0.0,0.0,0.0,0.0,0.0,0.0,0.0,0.0,0.0,0.0,0.0,0.0,0.0,0.0,0.0,0.0,0.0,0.0,0.0,0.0,0.0,0.0,0.0,0.0,0.0,0.0,0.0,0.0,0.0,0.0,0.0,0.0,0.0,0.0,0.0,0.0,0.0,0.0,0.0,0.00013333333333333334,0.00035833333333333333,0.001075,0.0008916666666666667,0.00044166666666666665,0.0008083333333333333,0.0018833333333333334,0.0015416666666666667,0.0034666666666666665,0.0027166666666666667,0.006658333333333333,0.009058333333333333,0.008683333333333333,0.008791666666666666,0.011216666666666666,0.011783333333333333,0.016741666666666665,0.022575,0.02205,0.022833333333333334,0.040675,0.0427,0.049575,0.049183333333333336,0.05760833333333333,0.07884166666666667,0.07735833333333333,0.05683333333333333,0.034758333333333336,0.03381666666666667,0.03215,0.045375,0.0404,0.035775,0.021825,0.03138333333333333,0.030391666666666668,0.007658333333333333,0.020533333333333334,0.040558333333333335,0.016341666666666668,0.00255,0.0,0.0,0.0,0.0,0.0,0.0,0.0,0.0,0.0,0.0,0.0,0.0,0.0,0.0,0.0,0.0,0.0,0.0,0.0,0.0,0.0
1507300,São Félix do Xingu,0.0,0.0,0.0,0.0,0.0,0.0,0.0,0.0,0.0,0.0,0.0,0.0,0.0,0.0,0.0,0.0,0.0,0.0,0.0,0.0,0.0,0.0,0.0,0.0,0.0,0.0,0.0,0.0,0.0,0.0,0.0,0.0,0.0,0.0,0.0,0.0,0.0,0.0,0.0,0.0,0.0,0.0,0.0,0.0,0.0,0.0,0.0,0.0,0.0,0.0,0.0,0.0,0.0,0.0,0.0,0.0,0.0,0.0,0.0,0.0,0.0,0.0,0.0,0.0,0.0,0.0,0.0,0.0,0.0,0.0,0.0,0.0,0.0,0.0,0.0,0.0,0.0,0.0,0.0,0.0,0.0,0.0,1.6666666666666667e-05,0.00019166666666666667,0.00048333333333333334,0.001375,0.001025,0.00185,0.0018333333333333333,0.006691666666666667,0.005183333333333333,0.0037916666666666667,0.005366666666666666,0.005008333333333333,0.012608333333333333,0.015691666666666666,0.010733333333333333,0.00795,0.018816666666666666,0.025941666666666665,0.04543333333333333,0.05005833333333334,0.0549,0.05345,0.060725,0.06145,0.04356666666666666,0.02225,0.03169166666666667,0.03155,0.040091666666666664,0.04074166666666667,0.028475,0.025891666666666667,0.0517,0.05470833333333333,0.0332,0.051075,0.034225,0.04974166666666666,0.010516666666666667,0.0,0.0,0.0,0.0,0.0,0.0,0.0,0.0,0.0,0.0,0.0,0.0,0.0,0.0,0.0,0.0,0.0,0.0,0.0,0.0,0.0,0.0,0.0
1507706,São Sebastião da Boa Vista,0.0,0.0,0.0,0.0,0.0,0.0,0.0,0.0,0.0,0.0,0.0,0.0,0.0,0.0,0.0,0.0,0.0,0.0,0.0,0.0,0.0,0.0,0.0,0.0,0.0,0.0,0.0,0.0,0.0,0.0,0.0,0.0,0.0,0.0,0.0,0.0,0.0,0.0,0.0,0.0,0.0,0.0,0.0,0.0,0.0,0.0,0.0,0.0,0.0,0.0,0.0,0.0,0.0,0.0,0.0,0.0,0.0,0.0,0.0,0.0,0.0,0.0,0.0,0.0,0.0,0.0,0.0,0.0,0.0,0.0,0.00010833333333333333,0.00018333333333333334,0.00045,0.0005083333333333333,0.0004,0.000425,0.0004166666666666667,0.0009833333333333332,0.0010916666666666666,0.0012333333333333332,0.002025,0.0023833333333333332,0.0017666666666666666,0.004216666666666666,0.0025166666666666666,0.003941666666666666,0.003941666666666666,0.005216666666666666,0.006716666666666667,0.005641666666666666,0.006425,0.008441666666666667,0.010691666666666667,0.009483333333333333,0.012833333333333334,0.015966666666666667,0.010741666666666667,0.013608333333333333,0.017041666666666667,0.01605,0.0163,0.0174,0.016741666666666665,0.022933333333333333,0.022858333333333335,0.0315,0.031675,0.033433333333333336,0.033291666666666664,0.03216666666666667,0.04400833333333334,0.040933333333333335,0.041475,0.04170833333333333,0.045658333333333335,0.05184166666666667,0.04575,0.052583333333333336,0.04625,0.04194166666666667,0.046925,0.023691666666666666,0.019208333333333334,0.011816666666666666,0.0108,0.0066166666666666665,0.004925,0.00011666666666666667,0.0,0.0,0.0,0.0,0.0,0.0,0.0,0.0,0.0,0.0,0.0,0.0,0.0,0.0,0.0,0.0
1502756,Concórdia do Pará,0.0,0.0,0.0,0.0,0.0,0.0,0.0,0.0,0.0,0.0,0.0,0.0,0.0,0.0,0.0,0.0,0.0,0.0,0.0,0.0,0.0,0.0,0.0,0.0,0.0,0.0,0.0,0.0,0.0,0.0,0.0,0.0,0.0,0.0,0.0,0.0,0.0,0.0,0.0,0.0,0.0,0.0,0.0,0.0,0.0,0.0,0.0,0.0,0.0,0.0,0.0,0.0,0.0,0.0,0.0,0.0,0.0,0.0,0.0,0.0,0.0,0.0,0.0,0.0,0.0,0.0,0.0,0.0,0.0,0.0,0.0,0.0,0.0,0.0,0.0,0.0,0.0,0.0,0.0,0.0,0.0,0.000575,0.0003083333333333333,0.00175,0.0020166666666666666,0.0015416666666666667,0.0022916666666666667,0.004525,0.004566666666666667,0.006516666666666666,0.009833333333333333,0.008916666666666666,0.012291666666666666,0.013983333333333334,0.0122,0.013466666666666667,0.018833333333333334,0.017858333333333334,0.017858333333333334,0.017466666666666665,0.02245,0.022008333333333335,0.030258333333333335,0.026966666666666667,0.035583333333333335,0.03598333333333333,0.03378333333333333,0.028991666666666666,0.035875,0.04016666666666667,0.044816666666666664,0.03490833333333333,0.0438,0.052425,0.043541666666666666,0.037491666666666666,0.035925,0.03888333333333333,0.0407,0.019958333333333335,0.0223,0.017383333333333334,0.019358333333333335,0.013583333333333333,0.014625,0.00935,0.030875,0.0012083333333333334,0.0,0.0,0.0,0.0,0.0,0.0,0.0,0.0,0.0,0.0,0.0,0.0,0.0,0.0,0.0,0.0
1506500,Santa Izabel do Pará,0.0,0.0,0.0,0.0,0.0,0.0,0.0,0.0,0.0,0.0,0.0,0.0,0.0,0.0,0.0,0.0,0.0,0.0,0.0,0.0,0.0,0.0,0.0,0.0,0.0,0.0,0.0,0.0,0.0,0.0,0.0,0.0,0.0,0.0,0.0,0.0,0.0,0.0,0.0,0.0,0.0,0.0,0.0,0.0,0.0,0.0,0.0,0.0,0.0,0.0,0.0,0.0,0.0,0.0,0.0,0.0,0.0,0.0,0.0,0.0,0.0,0.0,0.0,0.0,0.0,0.0,0.0,0.0,0.0,0.0,0.0,0.0,0.0,0.0,0.0,0.0,0.0,0.0,0.0,0.0,0.0,0.0,0.0,0.0,0.0,0.0,0.0,0.0,0.00014166666666666668,9.166666666666667e-05,0.00014166666666666668,0.0005333333333333334,0.010466666666666668,0.008833333333333334,0.011925,0.0469,0.074675,0.03356666666666667,0.03718333333333333,0.029633333333333334,0.030108333333333334,0.026833333333333334,0.037066666666666664,0.0276,0.029008333333333334,0.03650833333333333,0.034775,0.03295833333333333,0.037175,0.04040833333333333,0.042258333333333335,0.049958333333333334,0.0452,0.050575,0.04231666666666667,0.05160833333333333,0.036783333333333335,0.03208333333333333,0.03440833333333333,0.015341666666666667,0.0068583333333333335,0.00565,0.000425,0.0,0.0,0.0,0.0,0.0,0.0,0.0,0.0,0.0,0.0,0.0,0.0,0.0,0.0,0.0,0.0,0.0,0.0,0.0,0.0,0.0
1503507,Irituia,0.0,0.0,0.0,0.0,0.0,0.0,0.0,0.0,0.0,0.0,0.0,0.0,0.0,0.0,0.0,0.0,0.0,0.0,0.0,0.0,0.0,0.0,0.0,0.0,0.0,0.0,0.0,0.0,0.0,0.0,0.0,0.0,0.0,0.0,0.0,0.0,0.0,0.0,0.0,0.0,0.0,0.0,0.0,0.0,0.0,0.0,0.0,0.0,0.0,0.0,0.0,0.0,0.0,0.0,0.0,0.0,0.0,0.0,0.0,0.0,0.0,0.0,0.0,0.0,0.0,0.0,0.0,0.0,0.0,0.0,0.0,0.0,0.0,0.0,0.0,0.0,0.0,0.0,0.0,0.0,0.0,0.0,0.0,0.0,0.0,0.0,0.0,0.0,0.0,0.0,0.0,0.0,0.0,9.166666666666667e-05,0.0007666666666666667,0.0024,0.0066,0.006475,0.01375,0.011875,0.016075,0.024833333333333332,0.031483333333333335,0.033125,0.036975,0.0484,0.05755,0.049466666666666666,0.05051666666666667,0.073025,0.06425833333333333,0.07809166666666667,0.09738333333333334,0.06689166666666667,0.07685,0.07891666666666666,0.03165833333333333,0.023116666666666667,0.010325,0.006641666666666666,0.002458333333333333,0.0,0.0,0.0,0.0,0.0,0.0,0.0,0.0,0.0,0.0,0.0,0.0,0.0,0.0,0.0,0.0,0.0,0.0,0.0,0.0,0.0,0.0,0.0
1503705,Itupiranga,0.0,0.0,0.0,0.0,0.0,0.0,0.0,0.0,0.0,0.0,0.0,0.0,0.0,0.0,0.0,0.0,0.0,0.0,0.0,0.0,0.0,0.0,0.0,0.0,0.0,0.0,0.0,0.0,0.0,0.0,0.0,0.0,0.0,0.0,0.0,0.0,0.0,0.0,0.0,0.0,0.0,0.0,0.0,0.0,0.0,0.0,0.0,0.0,0.0,0.0,0.0,0.0,0.0,0.0,0.0,0.0,0.0,0.0,0.0,0.0,0.0,0.0,0.0,0.0,0.0,0.0,0.0,0.0,0.0,0.0,0.0,0.0,0.0,0.0,0.0,0.0,0.0,0.0,0.0,0.0,0.0,0.0,0.0,0.0,0.0,0.0,0.0,0.0,0.0,0.0,0.0,0.0,0.0002666666666666667,0.000375,0.0013583333333333334,0.003475,0.0014333333333333333,0.0019416666666666666,0.005433333333333333,0.0071916666666666665,0.008766666666666667,0.009158333333333333,0.008558333333333333,0.012216666666666667,0.013375,0.018983333333333335,0.029075,0.038358333333333335,0.03531666666666667,0.02578333333333333,0.026641666666666668,0.031325,0.03821666666666667,0.0659,0.11975,0.12263333333333333,0.15423333333333333,0.053441666666666665,0.10045,0.056633333333333334,0.009708333333333333,0.0,0.0,0.0,0.0,0.0,0.0,0.0,0.0,0.0,0.0,0.0,0.0,0.0,0.0,0.0,0.0,0.0,0.0,0.0,0.0,0.0,0.0,0.0
1503457,Ipixuna do Pará,0.0,0.0,0.0,0.0,0.0,0.0,0.0,0.0,0.0,0.0,0.0,0.0,0.0,0.0,0.0,0.0,0.0,0.0,0.0,0.0,0.0,0.0,0.0,0.0,0.0,0.0,0.0,0.0,0.0,0.0,0.0,0.0,0.0,0.0,0.0,0.0,0.0,0.0,0.0,0.0,0.0,0.0,0.0,0.0,0.0,0.0,0.0,0.0,0.0,0.0,0.0,0.0,0.0,0.0,0.0,0.0,0.0,0.0,0.0,0.0,0.0,0.0,0.0,0.0,0.0,0.0,0.0,0.0,0.0,0.0,0.0,0.0,0.0,0.0,0.0,0.0,0.0,0.0,0.0,0.0,0.0,0.0,0.0,0.0,0.0,0.0,0.0,0.0,0.0,0.0,0.0,0.0,0.0,0.0,0.0,0.0,0.0,0.0,0.0,0.0,0.0,0.0,0.0060416666666666665,0.029175,0.026858333333333335,0.02735833333333333,0.022091666666666666,0.038808333333333334,0.03821666666666667,0.037975,0.025225,0.028608333333333333,0.04094166666666667,0.0408,0.04271666666666667,0.057291666666666664,0.100825,0.07490833333333333,0.07076666666666667,0.060616666666666666,0.07825833333333333,0.04225,0.041325,0.022275,0.010308333333333333,0.022191666666666665,0.008458333333333333,0.0026,0.0025,0.0006083333333333333,0.0,0.0,0.0,0.0,0.0,0.0,0.0,0.0,0.0,0.0,0.0,0.0,0.0,0.0
1502509,Chaves,0.0,0.0,0.0,0.0,0.0,0.0,0.0,0.0,0.0,0.0,0.0,0.0,0.0,0.0,0.0,0.0,0.0,0.0,0.0,0.0,0.0,0.0,0.0,0.0,0.0,0.0,0.0,0.0,0.0,0.0,0.0,0.0,0.0,0.0,0.0,0.0,0.0,0.0,0.0,0.0,0.0,0.0,0.0,0.0,0.0,0.0,0.0,0.0,0.0,0.0,0.0,0.0,0.0,0.0,0.0,0.0,0.0,0.0,0.0,0.0,0.0,0.0,0.0,0.0,0.0,0.0,0.0,0.0,0.0,0.0,0.0,0.0,0.0,0.0,0.0,0.0,0.0,0.0,0.0,0.0,0.0,0.0,0.0,0.0,1.6666666666666667e-05,0.000225,0.0004166666666666667,0.000425,0.0005166666666666667,0.0003,0.002691666666666667,0.002341666666666667,0.0007083333333333334,0.0012916666666666667,0.002275,0.003183333333333333,0.007841666666666667,0.005783333333333333,0.0023583333333333334,0.00325,0.0052,0.008858333333333333,0.012441666666666667,0.007241666666666667,0.009366666666666667,0.0242,0.031125,0.024075,0.026266666666666667,0.029183333333333332,0.0149,0.020758333333333333,0.026491666666666667,0.025716666666666665,0.03518333333333333,0.04471666666666667,0.04685,0.04861666666666667,0.07595,0.09596666666666667,0.10600833333333333,0.09380833333333333,0.077675,0.06400833333333333,0.009433333333333334,0.0023333333333333335,0.0,0.0,0.0,0.0,0.0,0.0,0.0,0.0,0.0,0.0,0.0,0.0,0.0,0.0,0.0,0.0,0.0,0.0
1506302,Salvaterra,0.0,0.0,0.0,0.0,0.0,0.0,0.0,0.0,0.0,0.0,0.0,0.0,0.0,0.0,0.0,0.0,0.0,0.0,0.0,0.0,0.0,0.0,0.0,0.0,0.0,0.0,0.0,0.0,0.0,0.0,0.0,0.0,0.0,0.0,0.0,0.0,0.0,0.0,0.0,0.0,0.0,0.0,0.0,0.0,0.0,0.0,0.0,0.0,0.0,0.0,0.0,0.0,0.0,0.0,0.0,0.0,0.0,0.0,0.0,0.0,0.0,0.0,0.0,0.0,0.0,0.0,0.0,0.0,0.0,0.0,0.0,0.0,0.0,0.0,0.0,0.0,0.0,0.0,0.0,0.0,0.0,0.0,0.0,0.0,0.0,0.0,0.0,0.0,0.0,0.0,0.0,0.0,0.0,0.0,0.0,0.0,0.0,0.0,0.00024166666666666667,0.0004916666666666666,0.0007416666666666666,0.000575,0.0035416666666666665,0.0027166666666666667,0.0034083333333333335,0.006741666666666667,0.004058333333333333,0.010758333333333333,0.014741666666666667,0.026091666666666666,0.019,0.04574166666666667,0.058916666666666666,0.07950833333333333,0.08755833333333334,0.07928333333333333,0.077775,0.110775,0.08553333333333334,0.06431666666666666,0.05216666666666667,0.048633333333333334,0.031575,0.0314,0.04328333333333333,0.010233333333333334,0.00019166666666666667,0.0,0.0,0.0,0.0,0.0,0.0,0.0,0.0,0.0,0.0,0.0,0.0,0.0,0.0,0.0,0.0,0.0
1507607,São Miguel do Guamá,0.0,0.0,0.0,0.0,0.0,0.0,0.0,0.0,0.0,0.0,0.0,0.0,0.0,0.0,0.0,0.0,0.0,0.0,0.0,0.0,0.0,0.0,0.0,0.0,0.0,0.0,0.0,0.0,0.0,0.0,0.0,0.0,0.0,0.0,0.0,0.0,0.0,0.0,0.0,0.0,0.0,0.0,0.0,0.0,0.0,0.0,0.0,0.0,0.0,0.0,0.0,0.0,0.0,0.0,0.0,0.0,0.0,0.0,0.0,0.0,0.0,0.0,0.0,0.0,0.0,0.0,0.0,0.0,0.0,0.0,0.0,0.0,0.0,0.0,0.0,0.0,0.0,0.0,0.0,0.0,0.0,0.0,0.0,0.0,0.0,0.0,0.0,0.0,0.0,0.0,0.0,0.0,0.0,0.0,0.0,0.0,0.0,5e-05,0.0006,0.007508333333333333,0.011533333333333333,0.009483333333333333,0.008333333333333333,0.010008333333333333,0.0217,0.029891666666666667,0.03191666666666667,0.0193,0.030008333333333335,0.030133333333333335,0.028425,0.0223,0.02005,0.02185,0.024608333333333333,0.019183333333333333,0.03726666666666666,0.047808333333333335,0.068575,0.06964166666666667,0.08114166666666667,0.060408333333333335,0.05026666666666667,0.07075,0.046775,0.0455,0.029575,0.033683333333333336,0.0023666666666666667,0.00705,0.0023,8.333333333333334e-06,0.0,0.0,0.0,0.0,0.0,0.0,0.0,0.0,0.0,0.0,0.0,0.0
1501204,Baião,0.0,0.0,0.0,0.0,0.0,0.0,0.0,0.0,0.0,0.0,0.0,0.0,0.0,0.0,0.0,0.0,0.0,0.0,0.0,0.0,0.0,0.0,0.0,0.0,0.0,0.0,0.0,0.0,0.0,0.0,0.0,0.0,0.0,0.0,0.0,0.0,0.0,0.0,0.0,0.0,0.0,0.0,0.0,0.0,0.0,0.0,0.0,0.0,0.0,0.0,0.0,0.0,0.0,0.0,0.0,0.0,0.0,0.0,0.0,0.0,0.0,0.0,0.0,0.0,0.0,0.0,0.0,0.0,0.0,0.0,0.0,0.0,0.0,0.0,0.0,0.0,0.0,0.0,0.0,0.0,0.0,0.0,0.0,0.0,0.0,0.0,0.0,0.0,0.0,0.0,0.0,8.333333333333334e-06,0.0,0.00021666666666666666,0.00018333333333333334,0.000275,0.001275,0.0017916666666666667,0.0009,0.002341666666666667,0.002108333333333333,0.004341666666666666,0.00285,0.0040416666666666665,0.00395,0.003416666666666667,0.003416666666666667,0.007033333333333333,0.008816666666666667,0.017333333333333333,0.022791666666666665,0.024308333333333335,0.0268,0.028875,0.032716666666666665,0.05060833333333333,0.06665,0.07341666666666667,0.06860833333333333,0.10934166666666667,0.12163333333333333,0.11958333333333333,0.0569,0.05438333333333333,0.04976666666666667,0.0269,0.002416666666666667,0.0,0.0,0.0,0.0,0.0,0.0,0.0,0.0,0.0,0.0,0.0,0.0,0.0,0.0,0.0,0.0,0.0
1506138,Redenção,0.0,0.0,0.0,0.0,0.0,0.0,0.0,0.0,0.0,0.0,0.0,0.0,0.0,0.0,0.0,0.0,0.0,0.0,0.0,0.0,0.0,0.0,0.0,0.0,0.0,0.0,0.0,0.0,0.0,0.0,0.0,0.0,0.0,0.0,0.0,0.0,0.0,0.0,0.0,0.0,0.0,0.0,0.0,0.0,0.0,0.0,0.0,0.0,0.0,0.0,0.0,0.0,0.0,0.0,0.0,0.0,0.0,0.0,0.0,0.0,0.0,0.0,0.0,0.0,0.0,0.0,0.0,0.0,0.0,0.0,0.0,0.0,0.0,0.0,0.0,0.0,0.0,0.0,0.0,0.0,0.0,0.0,0.0,0.0,0.0,0.0,0.0,0.0,0.0,0.0,0.0,0.0,0.0,0.0,0.0,0.0,0.0,0.0,0.0,0.0,0.0,0.0,0.0,0.0,0.0,0.0,0.0015166666666666666,0.012191666666666667,0.031625,0.051083333333333335,0.077425,0.05039166666666667,0.023308333333333334,0.002458333333333333,0.0016833333333333333,0.005475,0.035916666666666666,0.08591666666666667,0.09876666666666667,0.10430833333333334,0.09139166666666666,0.14226666666666668,0.101875,0.029991666666666666,0.022125,0.014283333333333334,0.003766666666666667,0.012216666666666667,1.6666666666666667e-05,0.0,0.0,0.0,0.0,0.0,0.0,0.0,0.0,0.0,0.0,0.0,0.0,0.0,0.0,0.0
1500602,Altamira,0.0,0.0,0.0,0.0,0.0,0.0,0.0,0.0,0.0,0.0,0.0,0.0,0.0,0.0,0.0,0.0,0.0,0.0,0.0,0.0,0.0,0.0,0.0,0.0,0.0,0.0,0.0,0.0,0.0,0.0,0.0,0.0,0.0,0.0,0.0,0.0,0.0,0.0,0.0,0.0,0.0,0.0,0.0,0.0,0.0,0.0,0.0,0.0,0.0,0.0,0.0,0.0,0.0,0.0,0.0,0.0,0.0,0.0,0.0,0.0,0.0,0.0,0.0,0.0,0.0,0.0,0.0,0.0,0.0,0.0,0.0,0.0,0.0,0.0,0.0,0.0,0.0,0.0,0.0,0.0,0.0,0.0,0.0,0.0,0.0,0.0,0.0,1.6666666666666667e-05,2.5e-05,9.166666666666667e-05,0.0002,0.0006916666666666667,0.0015,0.0007583333333333333,0.00125,0.000875,0.0011333333333333334,0.0017833333333333334,0.0023083333333333332,0.0018166666666666667,0.0019166666666666666,0.0037166666666666667,0.004008333333333333,0.0061333333333333335,0.007883333333333332,0.006291666666666667,0.006533333333333334,0.007733333333333333,0.010608333333333334,0.0112,0.011583333333333333,0.013866666666666666,0.016275,0.023,0.024458333333333332,0.025733333333333334,0.032325,0.032225,0.039433333333333334,0.0383,0.044125,0.087425,0.07605833333333334,0.09365833333333333,0.07349166666666666,0.08260833333333334,0.07893333333333333,0.08128333333333333,0.036458333333333336,0.008958333333333334,0.001325,0.0,0.0,0.0,0.0,0.0,0.0,0.0,0.0,0.0,0.0,0.0,0.0,0.0
1502400,Castanhal,0.0,0.0,0.0,0.0,0.0,0.0,0.0,0.0,0.0,0.0,0.0,0.0,0.0,0.0,0.0,0.0,0.0,0.0,0.0,0.0,0.0,0.0,0.0,0.0,0.0,0.0,0.0,0.0,0.0,0.0,0.0,0.0,0.0,0.0,0.0,0.0,0.0,0.0,0.0,0.0,0.0,0.0,0.0,0.0,0.0,0.0,0.0,0.0,0.0,0.0,0.0,0.0,0.0,0.0,0.0,0.0,0.0,0.0,0.0,0.0,0.0,0.0,0.0,0.0,0.0,0.0,0.0,0.0,0.0,0.0,0.0,0.0,0.0,0.0,0.0,0.0,0.0,0.0,0.0,0.0,0.0,0.0,0.0,0.0,0.0,0.0,0.0,0.0,0.0,0.0,0.0,0.0,0.0,0.0,0.0,0.0,0.00036666666666666667,0.000675,0.0011416666666666667,0.00075,0.0013833333333333334,0.016833333333333332,0.012916666666666667,0.008833333333333334,0.012866666666666667,0.007083333333333333,0.011483333333333333,0.008883333333333333,0.010033333333333333,0.008333333333333333,0.010275,0.010491666666666667,0.011483333333333333,0.029141666666666666,0.0169,0.023075,0.016366666666666668,0.029675,0.02765,0.03335833333333333,0.048525,0.04878333333333333,0.05035833333333333,0.045033333333333335,0.048183333333333335,0.05915,0.07835833333333334,0.057875,0.106475,0.08685833333333333,0.02465,0.024983333333333333,0.0073,0.0034666666666666665,0.0,0.0,0.0,0.0,0.0,0.0,0.0,0.0,0.0,0.0
1505908,Porto de Moz,0.0,0.0,0.0,0.0,0.0,0.0,0.0,0.0,0.0,0.0,0.0,0.0,0.0,0.0,0.0,0.0,0.0,0.0,0.0,0.0,0.0,0.0,0.0,0.0,0.0,0.0,0.0,0.0,0.0,0.0,0.0,0.0,0.0,0.0,0.0,0.0,0.0,0.0,0.0,0.0,0.0,0.0,0.0,0.0,0.0,0.0,0.0,0.0,0.0,0.0,0.0,0.0,0.0,0.0,0.0,0.0,0.0,0.0,0.0,0.0,0.0,0.0,0.0,0.0,0.0,0.0,0.0,0.0,0.0,0.0,0.0,0.0,0.0,0.0,0.0,0.0,0.0,0.0,0.0,0.0,0.0,0.0,0.0,0.0,0.0,0.0,0.0,0.0,0.0,0.0,0.0,0.0,0.0,0.0,0.0,0.0,5e-05,3.3333333333333335e-05,3.3333333333333335e-05,0.00010833333333333333,0.0009833333333333332,0.0006,0.0023583333333333334,0.0006083333333333333,0.000575,0.005033333333333333,0.00275,0.009291666666666667,0.017666666666666667,0.014625,0.020983333333333333,0.019475,0.019158333333333333,0.020975,0.0218,0.019783333333333333,0.0126,0.021891666666666667,0.015633333333333332,0.025491666666666666,0.04293333333333333,0.06533333333333333,0.13595833333333332,0.14391666666666666,0.21133333333333335,0.09804166666666667,0.04485833333333333,0.005116666666666667,0.0,0.0,0.0,0.0,0.0,0.0,0.0,0.0,0.0,0.0,0.0,0.0,0.0,0.0,0.0,0.0
1505536,Parauapebas,0.0,0.0,0.0,0.0,0.0,0.0,0.0,0.0,0.0,0.0,0.0,0.0,0.0,0.0,0.0,0.0,0.0,0.0,0.0,0.0,0.0,0.0,0.0,0.0,0.0,0.0,0.0,0.0,0.0,0.0,0.0,0.0,0.0,0.0,0.0,0.0,0.0,0.0,0.0,0.0,0.0,0.0,0.0,0.0,0.0,0.0,0.0,0.0,0.0,0.0,0.0,0.0,0.0,0.0,0.0,0.0,0.0,0.0,0.0,0.0,0.0,0.0,0.0,0.0,0.0,0.0,0.0,0.0,0.0,0.0,0.0,0.0,0.0,0.0,0.0,0.0,0.0,0.0,0.0,0.0,0.0,0.0,0.0,0.0,0.0,0.0,0.0,0.0,0.0,0.0,0.0,0.0,0.0,0.0,0.0,0.0,0.0,0.0,0.0,1.6666666666666667e-05,5.833333333333333e-05,0.0002916666666666667,0.0010083333333333333,0.001,0.0009416666666666667,0.00085,0.0012166666666666667,0.002341666666666667,0.00205,0.004741666666666667,0.0037916666666666667,0.004575,0.004016666666666667,0.008691666666666667,0.013558333333333334,0.013208333333333334,0.023425,0.02509166666666667,0.029433333333333332,0.04198333333333333,0.048025,0.04056666666666667,0.06885,0.06638333333333334,0.09821666666666666,0.08223333333333334,0.115325,0.12029166666666667,0.11295833333333333,0.06485833333333334,0.0,0.0,0.0,0.0,0.0,0.0,0.0,0.0,0.0,0.0,0.0,0.0,0.0,0.0
1505700,Ponta de Pedras,0.0,0.0,0.0,0.0,0.0,0.0,0.0,0.0,0.0,0.0,0.0,0.0,0.0,0.0,0.0,0.0,0.0,0.0,0.0,0.0,0.0,0.0,0.0,0.0,0.0,0.0,0.0,0.0,0.0,0.0,0.0,0.0,0.0,0.0,0.0,0.0,0.0,0.0,0.0,0.0,0.0,0.0,0.0,0.0,0.0,0.0,0.0,0.0,0.0,0.0,0.0,0.0,0.0,0.0,0.0,0.0,0.0,0.0,0.0,0.0,0.0,0.0,0.0,0.0,0.0,0.0,0.0,0.0,0.0,0.0,0.0,0.0,0.0,0.0,0.0,0.0,0.0,0.0,0.0,0.0,0.0,0.0,0.0,0.0,0.0,0.0,0.0,0.0,0.0,0.0,0.0,0.0,0.0,0.0,0.0,0.0,0.0,0.0,0.0,0.0,0.0,0.0,0.0,0.0,0.0,0.0,0.0,0.00018333333333333334,0.0004333333333333333,0.004741666666666667,0.0104,0.011616666666666668,0.014133333333333333,0.023858333333333332,0.023941666666666667,0.030041666666666668,0.011441666666666666,0.023958333333333335,0.0159,0.03945833333333333,0.049175,0.07598333333333333,0.08280833333333333,0.12753333333333333,0.079375,0.15125,0.12413333333333333,0.086225,0.013408333333333333,0.0,0.0,0.0,0.0,0.0,0.0,0.0,0.0,0.0,0.0,0.0,0.0,0.0,0.0,0.0
1507201,São Domingos do Capim,0.0,0.0,0.0,0.0,0.0,0.0,0.0,0.0,0.0,0.0,0.0,0.0,0.0,0.0,0.0,0.0,0.0,0.0,0.0,0.0,0.0,0.0,0.0,0.0,0.0,0.0,0.0,0.0,0.0,0.0,0.0,0.0,0.0,0.0,0.0,0.0,0.0,0.0,0.0,0.0,0.0,0.0,0.0,0.0,0.0,0.0,0.0,0.0,0.0,0.0,0.0,0.0,0.0,0.0,0.0,0.0,0.0,0.0,0.0,0.0,0.0,0.0,0.0,0.0,0.0,0.0,0.0,0.0,0.0,0.0,0.0,0.0,0.0,0.0,0.0,0.0,0.0,0.0,0.0,0.0,0.0,0.0,0.0,0.0,0.0,0.0,0.0,0.0,0.0,0.0,0.0,0.0,0.0,0.0,0.0,0.0,0.0,0.0,0.0,0.0,0.0,0.0,0.0,0.0,0.0,0.0,5.833333333333333e-05,5.833333333333333e-05,0.0011083333333333333,0.0010666666666666667,0.0016666666666666668,0.00345,0.004266666666666667,0.006966666666666667,0.009858333333333334,0.010533333333333334,0.019466666666666667,0.025233333333333333,0.028775,0.053658333333333336,0.04355,0.022225,0.04268333333333333,0.040183333333333335,0.086,0.104525,0.12905,0.206475,0.12891666666666668,0.025291666666666667,0.004933333333333333,0.0,0.0,0.0,0.0,0.0,0.0,0.0,0.0,0.0,0.0,0.0,0.0,0.0
1508100,Tucuruí,0.0,0.0,0.0,0.0,0.0,0.0,0.0,0.0,0.0,0.0,0.0,0.0,0.0,0.0,0.0,0.0,0.0,0.0,0.0,0.0,0.0,0.0,0.0,0.0,0.0,0.0,0.0,0.0,0.0,0.0,0.0,0.0,0.0,0.0,0.0,0.0,0.0,0.0,0.0,0.0,0.0,0.0,0.0,0.0,0.0,0.0,0.0,0.0,0.0,0.0,0.0,0.0,0.0,0.0,0.0,0.0,0.0,0.0,0.0,0.0,0.0,0.0,0.0,0.0,0.0,0.0,0.0,0.0,0.0,0.0,0.0,0.0,0.0,0.0,0.0,0.0,0.0,0.0,0.0,0.0,0.0,0.0,0.0,0.0,0.0,0.0,0.0,0.0,0.0,0.0,0.0,0.0,0.0,0.0,0.0,0.0,0.0,0.0,0.0,0.0,0.0,0.0,0.0,0.0,0.0,0.0,0.0,0.0,0.0,0.0,0.0,0.0,0.0,0.0,0.0,0.0,0.0,0.0,0.0,0.0006916666666666667,0.0028083333333333333,0.035866666666666665,0.07070833333333333,0.091225,0.10096666666666666,0.12951666666666667,0.16249166666666667,0.14525,0.13745833333333332,0.08765833333333334,0.026716666666666666,0.008491666666666666,0.00015,0.0,0.0,0.0,0.0,0.0,0.0,0.0,0.0,0.0,0.0,0.0
1501709,Bragança,0.0,0.0,0.0,0.0,0.0,0.0,0.0,0.0,0.0,0.0,0.0,0.0,0.0,0.0,0.0,0.0,0.0,0.0,0.0,0.0,0.0,0.0,0.0,0.0,0.0,0.0,0.0,0.0,0.0,0.0,0.0,0.0,0.0,0.0,0.0,0.0,0.0,0.0,0.0,0.0,0.0,0.0,0.0,0.0,0.0,0.0,0.0,0.0,0.0,0.0,0.0,0.0,0.0,0.0,0.0,0.0,0.0,0.0,0.0,0.0,0.0,0.0,0.0,0.0,0.0,0.0,0.0,0.0,0.0,0.0,0.0,0.0,0.0,0.0,0.0,0.0,0.0,0.0,0.0,0.0,0.0,0.0,0.0,0.0,0.0,0.0,0.0,0.0,0.0,0.0,0.0,0.0,0.0,0.0,0.0,0.0,0.0,0.0,0.0,0.0,0.0,0.0,0.0,0.0,0.0,0.0,0.0,0.001,9.166666666666667e-05,0.00025,0.000575,0.0008666666666666666,0.002,0.0022833333333333334,0.003175,0.00315,0.0034333333333333334,0.007866666666666666,0.01235,0.004816666666666667,0.019183333333333333,0.0286,0.04285833333333333,0.05235833333333333,0.043291666666666666,0.04616666666666667,0.06674166666666667,0.060741666666666666,0.14736666666666667,0.21396666666666667,0.080625,0.06300833333333333,0.03975833333333333,0.026608333333333335,0.015933333333333334,0.008583333333333333,0.00235,0.0,0.0,0.0,0.0,0.0,0.0,0.0
1506807,Santarém,0.0,0.0,0.0,0.0,0.0,0.0,0.0,0.0,0.0,0.0,0.0,0.0,0.0,0.0,0.0,0.0,0.0,0.0,0.0,0.0,0.0,0.0,0.0,0.0,0.0,0.0,0.0,0.0,0.0,0.0,0.0,0.0,0.0,0.0,0.0,0.0,0.0,0.0,0.0,0.0,0.0,0.0,0.0,0.0,0.0,0.0,0.0,0.0,0.0,0.0,0.0,0.0,0.0,0.0,0.0,0.0,0.0,0.0,0.0,0.0,0.0,0.0,0.0,0.0,0.0,0.0,0.0,0.0,0.0,0.0,0.0,0.0,0.0,0.0,0.0,0.0,0.0,0.0,0.0,0.0,0.0,0.0,0.0,0.0,0.0,0.0,0.0,0.0,0.0,0.0,0.0,0.0,0.0,0.0,0.0,0.0,0.0,0.0,0.0,0.0,0.0,0.0,0.0,0.0,0.0,0.0,0.0,0.0,5e-05,0.0,3.3333333333333335e-05,0.0009333333333333333,0.0002916666666666667,0.00031666666666666665,0.003125,0.0018583333333333334,0.0028333333333333335,0.004533333333333334,0.004758333333333333,0.009075,0.003991666666666667,0.006866666666666667,0.015116666666666667,0.023808333333333334,0.035275,0.06845,0.08238333333333334,0.111075,0.17961666666666667,0.185975,0.140325,0.07029166666666667,0.020041666666666666,0.028358333333333333,0.00028333333333333335,0.0003333333333333333,0.0,0.0,0.0,0.0,0.0,0.0,0.0,0.0
1506161,Rio Maria,0.0,0.0,0.0,0.0,0.0,0.0,0.0,0.0,0.0,0.0,0.0,0.0,0.0,0.0,0.0,0.0,0.0,0.0,0.0,0.0,0.0,0.0,0.0,0.0,0.0,0.0,0.0,0.0,0.0,0.0,0.0,0.0,0.0,0.0,0.0,0.0,0.0,0.0,0.0,0.0,0.0,0.0,0.0,0.0,0.0,0.0,0.0,0.0,0.0,0.0,0.0,0.0,0.0,0.0,0.0,0.0,0.0,0.0,0.0,0.0,0.0,0.0,0.0,0.0,0.0,0.0,0.0,0.0,0.0,0.0,0.0,0.0,0.0,0.0,0.0,0.0,0.0,0.0,0.0,0.0,0.0,0.0,0.0,0.0,0.0,0.0,0.0,0.0,0.0,0.0,0.0,0.0,0.0,0.0,0.0,0.0,0.0,0.0,0.0,0.0,0.0,0.0,0.0,0.0,0.0,0.0,0.0,0.0,0.0,0.0,0.0,0.0,0.0,0.0,0.0,0.0,0.0,0.0,0.0,0.0,0.0,0.0,0.0,0.00215,0.00315,0.02715,0.023333333333333334,0.04770833333333333,0.07855833333333333,0.16105833333333333,0.27984166666666666,0.14343333333333333,0.09300833333333333,0.10068333333333333,0.039925,0.0,0.0,0.0,0.0,0.0,0.0,0.0,0.0,0.0
1502152,Canaã dos Carajás,0.0,0.0,0.0,0.0,0.0,0.0,0.0,0.0,0.0,0.0,0.0,0.0,0.0,0.0,0.0,0.0,0.0,0.0,0.0,0.0,0.0,0.0,0.0,0.0,0.0,0.0,0.0,0.0,0.0,0.0,0.0,0.0,0.0,0.0,0.0,0.0,0.0,0.0,0.0,0.0,0.0,0.0,0.0,0.0,0.0,0.0,0.0,0.0,0.0,0.0,0.0,0.0,0.0,0.0,0.0,0.0,0.0,0.0,0.0,0.0,0.0,0.0,0.0,0.0,0.0,0.0,0.0,0.0,0.0,0.0,0.0,0.0,0.0,0.0,0.0,0.0,0.0,0.0,0.0,0.0,0.0,0.0,0.0,0.0,0.0,0.0,0.0,0.0,0.0,0.0,0.0,0.0,0.0,0.0,0.0,0.0,0.0,0.0,0.0,0.0,0.0,0.0,0.0,0.0,0.0,0.0,0.0,0.0,0.0,0.0,0.0,0.0,0.0,0.0,0.0,0.0,0.0,0.0,0.0,0.0,0.0,0.0,0.0,8.333333333333334e-06,0.0004583333333333333,0.0013916666666666667,0.003916666666666666,0.010883333333333333,0.006675,0.027333333333333334,0.15075,0.2971916666666667,0.19645833333333335,0.15644166666666667,0.09294166666666667,0.032966666666666665,0.021133333333333334,0.00145,0.0,0.0,0.0,0.0,0.0,0.0
1507904,Soure,0.0,0.0,0.0,0.0,0.0,0.0,0.0,0.0,0.0,0.0,0.0,0.0,0.0,0.0,0.0,0.0,0.0,0.0,0.0,0.0,0.0,0.0,0.0,0.0,0.0,0.0,0.0,0.0,0.0,0.0,0.0,0.0,0.0,0.0,0.0,0.0,0.0,0.0,0.0,0.0,0.0,0.0,0.0,0.0,0.0,0.0,0.0,0.0,0.0,0.0,0.0,0.0,0.0,0.0,0.0,0.0,0.0,0.0,0.0,0.0,0.0,0.0,0.0,0.0,0.0,0.0,0.0,0.0,0.0,0.0,0.0,0.0,0.0,0.0,0.0,0.0,0.0,0.0,0.0,0.0,0.0,0.0,0.0,0.0,0.0,0.0,0.0,0.0,0.0,0.0,0.0,0.0,0.0,0.0,0.0,0.0,0.0,0.0,0.0,0.0,0.0,0.0,0.0,0.0,0.0,0.0,0.0,0.0,0.0,0.0,0.0,0.0,0.0,0.0,0.0,0.0,0.0,0.0,0.0,0.0,0.0,0.0,0.0,0.0,0.0,0.00020833333333333335,0.0014833333333333332,0.00295,0.022325,0.059008333333333336,0.09111666666666667,0.07133333333333333,0.19548333333333334,0.14006666666666667,0.20551666666666665,0.13695833333333332,0.06161666666666667,0.011933333333333334,0.0,0.0,0.0,0.0,0.0,0.0
1500800,Ananindeua,0.0,0.0,0.0,0.0,0.0,0.0,0.0,0.0,0.0,0.0,0.0,0.0,0.0,0.0,0.0,0.0,0.0,0.0,0.0,0.0,0.0,0.0,0.0,0.0,0.0,0.0,0.0,0.0,0.0,0.0,0.0,0.0,0.0,0.0,0.0,0.0,0.0,0.0,0.0,0.0,0.0,0.0,0.0,0.0,0.0,0.0,0.0,0.0,0.0,0.0,0.0,0.0,0.0,0.0,0.0,0.0,0.0,0.0,0.0,0.0,0.0,0.0,0.0,0.0,0.0,0.0,0.0,0.0,0.0,0.0,0.0,0.0,0.0,0.0,0.0,0.0,0.0,0.0,0.0,0.0,0.0,0.0,0.0,0.0,0.0,0.0,0.0,0.0,0.0,0.0,0.0,0.0,0.0,0.0,0.0,0.0,0.0,0.0,0.0,0.0,0.0,0.0,0.0,0.0,0.0,0.0,0.0,0.0,0.0,0.0,0.0,0.0,0.0,0.0,0.0,0.0,0.0,0.0,0.0,0.0,0.0,0.0,0.0001,0.00020833333333333335,0.0005666666666666667,0.00475,0.001075,0.006966666666666667,0.011983333333333334,0.035383333333333336,0.082175,0.09946666666666666,0.05184166666666667,0.05495833333333333,0.16665833333333332,0.12235,0.18321666666666667,0.16028333333333333,0.018016666666666667,0.0,0.0,0.0,0.0,0.0
1508407,Xinguara,0.0,0.0,0.0,0.0,0.0,0.0,0.0,0.0,0.0,0.0,0.0,0.0,0.0,0.0,0.0,0.0,0.0,0.0,0.0,0.0,0.0,0.0,0.0,0.0,0.0,0.0,0.0,0.0,0.0,0.0,0.0,0.0,0.0,0.0,0.0,0.0,0.0,0.0,0.0,0.0,0.0,0.0,0.0,0.0,0.0,0.0,0.0,0.0,0.0,0.0,0.0,0.0,0.0,0.0,0.0,0.0,0.0,0.0,0.0,0.0,0.0,0.0,0.0,0.0,0.0,0.0,0.0,0.0,0.0,0.0,0.0,0.0,0.0,0.0,0.0,0.0,0.0,0.0,0.0,0.0,0.0,0.0,0.0,0.0,0.0,0.0,0.0,0.0,0.0,0.0,0.0,0.0,0.0,0.0,0.0,0.0,0.0,0.0,0.0,0.0,0.0,0.0,0.0,0.0,0.0,0.0,0.0,0.0,0.0,0.0,0.0,0.0,0.0,0.0,0.0,0.0,0.0,0.0,0.0,0.0,0.0,0.0,0.0,0.0,0.0,0.0,0.0,0.0,0.0,0.0027833333333333334,0.03846666666666667,0.08095,0.102025,0.19364166666666666,0.19011666666666666,0.19784166666666667,0.13146666666666668,0.057625,0.005083333333333333,0.0,0.0,0.0,0.0,0.0
1501808,Breves,0.0,0.0,0.0,0.0,0.0,0.0,0.0,0.0,0.0,0.0,0.0,0.0,0.0,0.0,0.0,0.0,0.0,0.0,0.0,0.0,0.0,0.0,0.0,0.0,0.0,0.0,0.0,0.0,0.0,0.0,0.0,0.0,0.0,0.0,0.0,0.0,0.0,0.0,0.0,0.0,0.0,0.0,0.0,0.0,0.0,0.0,0.0,0.0,0.0,0.0,0.0,0.0,0.0,0.0,0.0,0.0,0.0,0.0,0.0,0.0,0.0,0.0,0.0,0.0,0.0,0.0,0.0,0.0,0.0,0.0,0.0,0.0,0.0,0.0,0.0,0.0,0.0,0.0,0.0,0.0,0.0,0.0,0.0,0.0,0.0,0.0,0.0,0.0,0.0,0.0,0.0,0.0,0.0,0.0,0.0,0.0,0.0,0.0,0.0,0.0,0.0,0.0,0.0,0.0,0.0,0.0,0.0,0.0,0.0,0.0,0.0,0.0,0.0,0.0,0.0,0.0,0.0,8.333333333333334e-06,0.00010833333333333333,5e-05,0.00014166666666666668,8.333333333333334e-06,0.0005333333333333334,0.0009666666666666667,0.0007916666666666666,0.0012166666666666667,0.002266666666666667,0.005816666666666667,0.012166666666666666,0.02395,0.04579166666666667,0.060116666666666665,0.08489166666666667,0.1054,0.10254166666666667,0.15105,0.14646666666666666,0.14261666666666667,0.09735833333333334,0.015741666666666668,0.0,0.0,0.0,0.0
1505502,Paragominas,0.0,0.0,0.0,0.0,0.0,0.0,0.0,0.0,0.0,0.0,0.0,0.0,0.0,0.0,0.0,0.0,0.0,0.0,0.0,0.0,0.0,0.0,0.0,0.0,0.0,0.0,0.0,0.0,0.0,0.0,0.0,0.0,0.0,0.0,0.0,0.0,0.0,0.0,0.0,0.0,0.0,0.0,0.0,0.0,0.0,0.0,0.0,0.0,0.0,0.0,0.0,0.0,0.0,0.0,0.0,0.0,0.0,0.0,0.0,0.0,0.0,0.0,0.0,0.0,0.0,0.0,0.0,0.0,0.0,0.0,0.0,0.0,0.0,0.0,0.0,0.0,0.0,0.0,0.0,0.0,0.0,0.0,0.0,0.0,0.0,0.0,0.0,0.0,0.0,0.0,0.0,0.0,0.0,0.0,0.0,0.0,0.0,0.0,0.0,0.0,0.0,0.0,0.0,0.0,0.0,0.0,0.0,0.0,0.0,0.0,0.0,0.0,0.0,0.0,0.0,0.0,0.0,0.0,0.0,0.0,0.0,0.0,0.0,0.0,0.0,0.0,0.0,0.0,0.0,0.009233333333333333,0.030891666666666668,0.06030833333333333,0.173475,0.12084166666666667,0.088925,0.16480833333333333,0.2143,0.12763333333333332,0.0068,0.0027833333333333334,0.0,0.0,0.0,0.0
1501402,Belém,0.0,0.0,0.0,0.0,0.0,0.0,0.0,0.0,0.0,0.0,0.0,0.0,0.0,0.0,0.0,0.0,0.0,0.0,0.0,0.0,0.0,0.0,0.0,0.0,0.0,0.0,0.0,0.0,0.0,0.0,0.0,0.0,0.0,0.0,0.0,0.0,0.0,0.0,0.0,0.0,0.0,0.0,0.0,0.0,0.0,0.0,0.0,0.0,0.0,0.0,0.0,0.0,0.0,0.0,0.0,0.0,0.0,0.0,0.0,0.0,0.0,0.0,0.0,0.0,0.0,0.0,0.0,0.0,0.0,0.0,0.0,0.0,0.0,0.0,0.0,0.0,0.0,0.0,0.0,0.0,0.0,0.0,0.0,0.0,0.0,0.0,0.0,0.0,0.0,0.0,0.0,0.0,0.0,0.0,0.0,0.0,0.0,0.0,0.0,0.0,0.0,0.0,0.0,0.0,0.0,0.0,0.0,0.0,0.0,0.0,0.0,0.0,0.0,0.0,0.0,0.0,0.0,0.0,0.0,0.0,0.0,0.0,0.0,0.0,0.0,0.0,0.0,0.0,0.0,0.0,0.0,0.014841666666666666,0.030741666666666667,0.04931666666666667,0.07610833333333333,0.12934166666666666,0.15684166666666666,0.3005583333333333,0.18820833333333334,0.049133333333333334,0.004908333333333333,0.0,0.0,0.0
1500107,Abaetetuba,0.0,0.0,0.0,0.0,0.0,0.0,0.0,0.0,0.0,0.0,0.0,0.0,0.0,0.0,0.0,0.0,0.0,0.0,0.0,0.0,0.0,0.0,0.0,0.0,0.0,0.0,0.0,0.0,0.0,0.0,0.0,0.0,0.0,0.0,0.0,0.0,0.0,0.0,0.0,0.0,0.0,0.0,0.0,0.0,0.0,0.0,0.0,0.0,0.0,0.0,0.0,0.0,0.0,0.0,0.0,0.0,0.0,0.0,0.0,0.0,0.0,0.0,0.0,0.0,0.0,0.0,0.0,0.0,0.0,0.0,0.0,0.0,0.0,0.0,0.0,0.0,0.0,0.0,0.0,0.0,0.0,0.0,0.0,0.0,0.0,0.0,0.0,0.0,0.0,0.0,0.0,0.0,0.0,0.0,0.0,0.0,0.0,0.0,0.0,0.0,0.0,0.0,0.0,0.0,0.0,0.0,0.0,0.0,0.0,0.0,0.0,0.0,0.0,0.0,0.0,0.0,0.0,0.0,0.0,0.0,0.0,0.0,0.0,0.0,0.0,0.0,0.0,0.0,0.0,0.0,0.0,0.0,3.3333333333333335e-05,0.0004916666666666666,0.016033333333333333,0.0322,0.04475833333333333,0.11899166666666666,0.354775,0.166575,0.21195,0.04318333333333333,0.011008333333333334,0.0
1503606,Itaituba,0.0,0.0,0.0,0.0,0.0,0.0,0.0,0.0,0.0,0.0,0.0,0.0,0.0,0.0,0.0,0.0,0.0,0.0,0.0,0.0,0.0,0.0,0.0,0.0,0.0,0.0,0.0,0.0,0.0,0.0,0.0,0.0,0.0,0.0,0.0,0.0,0.0,0.0,0.0,0.0,0.0,0.0,0.0,0.0,0.0,0.0,0.0,0.0,0.0,0.0,0.0,0.0,0.0,0.0,0.0,0.0,0.0,0.0,0.0,0.0,0.0,0.0,0.0,0.0,0.0,0.0,0.0,0.0,0.0,0.0,0.0,0.0,0.0,0.0,0.0,0.0,0.0,0.0,0.0,0.0,0.0,0.0,0.0,0.0,0.0,0.0,0.0,0.0,0.0,0.0,0.0,0.0,0.0,0.0,0.0,0.0,0.0,0.0,0.0,0.0,0.0,0.0,0.0,0.0,0.0,0.0,0.0,0.0,0.0,0.0,0.0,0.0,0.0,0.0,0.0,0.0,0.0,0.0,0.0,0.0,0.0,0.0,0.0,0.0,0.0,0.0,0.0,0.0,0.0,0.0,0.0,0.0,0.0,0.0,0.0,8.333333333333333e-05,0.019075,0.03829166666666667,0.12049166666666666,0.33570833333333333,0.281975,0.11728333333333334,0.029916666666666668,0.057175
1504208,Marabá,0.0,0.0,0.0,0.0,0.0,0.0,0.0,0.0,0.0,0.0,0.0,0.0,0.0,0.0,0.0,0.0,0.0,0.0,0.0,0.0,0.0,0.0,0.0,0.0,0.0,0.0,0.0,0.0,0.0,0.0,0.0,0.0,0.0,0.0,0.0,0.0,0.0,0.0,0.0,0.0,0.0,0.0,0.0,0.0,0.0,0.0,0.0,0.0,0.0,0.0,0.0,0.0,0.0,0.0,0.0,0.0,0.0,0.0,0.0,0.0,0.0,0.0,0.0,0.0,0.0,0.0,0.0,0.0,0.0,0.0,0.0,0.0,0.0,0.0,0.0,0.0,0.0,0.0,0.0,0.0,0.0,0.0,0.0,0.0,0.0,0.0,0.0,0.0,0.0,0.0,0.0,0.0,0.0,0.0,0.0,0.0,0.0,0.0,0.0,0.0,0.0,0.0,0.0,0.0,0.0,0.0,0.0,0.0,0.0,0.0,0.0,0.0,0.0,0.0,0.0,0.0,0.0,0.0,0.0,0.0,0.0,0.0,0.0,0.0,0.0,0.0,0.0,0.0,0.0,0.0,0.0,0.0,0.0,0.0,0.0,0.0,0.00155,0.005758333333333333,0.13549166666666668,0.2623916666666667,0.3445166666666667,0.21303333333333332,0.03725833333333333,0.0
1501303,Barcarena,0.0,0.0,0.0,0.0,0.0,0.0,0.0,0.0,0.0,0.0,0.0,0.0,0.0,0.0,0.0,0.0,0.0,0.0,0.0,0.0,0.0,0.0,0.0,0.0,0.0,0.0,0.0,0.0,0.0,0.0,0.0,0.0,0.0,0.0,0.0,0.0,0.0,0.0,0.0,0.0,0.0,0.0,0.0,0.0,0.0,0.0,0.0,0.0,0.0,0.0,0.0,0.0,0.0,0.0,0.0,0.0,0.0,0.0,0.0,0.0,0.0,0.0,0.0,0.0,0.0,0.0,0.0,0.0,0.0,0.0,0.0,0.0,0.0,0.0,0.0,0.0,0.0,0.0,0.0,0.0,0.0,0.0,0.0,0.0,0.0,0.0,0.0,0.0,0.0,0.0,0.0,0.0,0.0,0.0,0.0,0.0,0.0,0.0,0.0,0.0,0.0,0.0,0.0,0.0,0.0,0.0,0.0,0.0,0.0,0.0,0.0,0.0,0.0,0.0,0.0,0.0,0.0,0.0,0.0,0.0,0.0,0.0,0.0,0.0,0.0,0.0,0.0,0.0,0.0,0.0,9.166666666666667e-05,0.005575,0.004791666666666666,0.019725,0.005016666666666667,0.023483333333333332,0.017225,0.03475,0.057183333333333336,0.09108333333333334,0.12595,0.19919166666666666,0.32888333333333336,0.08705
1502103,Cametá,0.0,0.0,0.0,0.0,0.0,0.0,0.0,0.0,0.0,0.0,0.0,0.0,0.0,0.0,0.0,0.0,0.0,0.0,0.0,0.0,0.0,0.0,0.0,0.0,0.0,0.0,0.0,0.0,0.0,0.0,0.0,0.0,0.0,0.0,0.0,0.0,0.0,0.0,0.0,0.0,0.0,0.0,0.0,0.0,0.0,0.0,0.0,0.0,0.0,0.0,0.0,0.0,0.0,0.0,0.0,0.0,0.0,0.0,0.0,0.0,0.0,0.0,0.0,0.0,0.0,0.0,0.0,0.0,0.0,0.0,0.0,0.0,0.0,0.0,0.0,0.0,0.0,0.0,0.0,0.0,0.0,0.0,0.0,0.0,0.0,0.0,0.0,0.0,0.0,0.0,0.0,0.0,0.0,0.0,0.0,0.0,0.0,0.0,0.0,0.0,0.0,0.0,0.0,0.0,0.0,0.0,0.0,0.0,0.0,0.0,0.0,0.0,0.0,0.0,0.0,0.0,0.0,0.0,0.0,0.0,0.0,0.0,0.0,0.0,0.0,0.0,0.0,0.0,0.0,0.0,0.0,0.0,0.0,0.0,0.0,0.0,0.0,0.0,0.0,0.0,0.015783333333333333,0.2855083333333333,0.5929333333333333,0.105775
1502202,Capanema,0.0,0.0,0.0,0.0,0.0,0.0,0.0,0.0,0.0,0.0,0.0,0.0,0.0,0.0,0.0,0.0,0.0,0.0,0.0,0.0,0.0,0.0,0.0,0.0,0.0,0.0,0.0,0.0,0.0,0.0,0.0,0.0,0.0,0.0,0.0,0.0,0.0,0.0,0.0,0.0,0.0,0.0,0.0,0.0,0.0,0.0,0.0,0.0,0.0,0.0,0.0,0.0,0.0,0.0,0.0,0.0,0.0,0.0,0.0,0.0,0.0,0.0,0.0,0.0,0.0,0.0,0.0,0.0,0.0,0.0,0.0,0.0,0.0,0.0,0.0,0.0,0.0,0.0,0.0,0.0,0.0,0.0,0.0,0.0,0.0,0.0,0.0,0.0,0.0,0.0,0.0,0.0,0.0,0.0,0.0,0.0,0.0,0.0,0.0,0.0,0.0,0.0,0.0,0.0,0.0,0.0,0.0,0.0,0.0,0.0,0.0,0.0,0.0,0.0,0.0,0.0,0.0,0.0,0.0,0.0,0.0,0.0,0.0,0.0,0.0,0.0,0.0,0.0,0.0,0.0,0.0,0.0,0.0,0.0,0.0,0.0,0.0,0.00010833333333333333,0.016591666666666668,0.07658333333333334,0.014916666666666667,0.1418,0.0,0.75
