{"type":"FeatureCollection", "features": [
{"type":"Feature","geometry":{"type":"Polygon","coordinates":[[[-49.1545,-1.7018],[-49.1014,-1.762],[-49.1131,-1.8019],[-48.9965,-1.8441],[-48.9798,-1.8965],[-48.9058,-1.9566],[-48.5304,-1.6993],[-48.7021,-1.6807],[-48.7434,-1.614],[-48.8182,-1.5942],[-48.8374,-1.5214],[-48.9476,-1.551],[-49.0126,-1.5732],[-49.1545,-1.7018]]]},"properties":{"CD_MUN":"1500107","NM_MUN":"Abaetetuba","SIGLA_UF":"PA"}},
{"type":"Feature","geometry":{"type":"Polygon","coordinates":[[[-48.1946,-4.911],[-48.2703,-4.9235],[-48.3388,-4.8848],[-48.5065,-4.8237],[-48.6129,-4.8138],[-48.5267,-4.9229],[-48.5305,-5.0005],[-48.5048,-5.0658],[-48.4519,-5.1122],[-48.1946,-4.911]]]},"properties":{"CD_MUN":"1500131","NM_MUN":"Abel Figueiredo","SIGLA_UF":"PA"}},
{"type":"Feature","geometry":{"type":"Polygon","coordinates":[[[-48.3318,-1.4669],[-48.4104,-1.5094],[-48.5063,-1.5266],[-48.4415,-1.6558],[-48.465,-1.8756],[-48.511,-1.9779],[-48.5853,-2.0465],[-48.6309,-2.1562],[-48.6849,-2.1948],[-48.7876,-2.3233],[-48.8037,-2.3777],[-48.8593,-2.3917],[-48.8784,-2.4999],[-48.8282,-2.6015],[-48.8246,-2.5356],[-48.7548,-2.4308],[-48.6941,-2.4677],[-48.6284,-2.4513],[-48.5674,-2.4832],[-48.4954,-2.559],[-48.4982,-2.4532],[-48.4585,-2.3902],[-48.4415,-2.2952],[-48.379,-2.2607],[-48.3298,-2.1777],[-48.257,-2.2102],[-48.1639,-2.1266],[-48.0538,-2.0845],[-48.0763,-2.0422],[-48.0429,-1.9295],[-48.0783,-1.8297],[-48.2278,-1.6942],[-48.2312,-1.6312],[-48.2912,-1.5655],[-48.293,-1.4705],[-48.3318,-1.4669]]]},"properties":{"CD_MUN":"1500206","NM_MUN":"Acará","SIGLA_UF":"PA"}},
{"type":"Feature","geometry":{"type":"Polygon","coordinates":[[[-51.0945,-0.6616],[-51.0448,-0.6533],[-50.9581,-0.5744],[-50.7658,-0.5071],[-50.7107,-0.557],[-50.6842,-0.6224],[-50.6052,-0.6699],[-50.5416,-0.6725],[-50.4768,-0.7238],[-50.4059,-0.7009],[-50.387,-0.6393],[-50.3274,-0.6331],[-50.3226,-0.4947],[-50.2883,-0.4719],[-50.2725,-0.3564],[-50.2336,-0.3128],[-50.1072,-0.4709],[-50.196,-0.2135],[-50.2987,-0.1016],[-50.3318,-0.0131],[-50.3802,0.0257],[-50.4329,0.1496],[-50.523,0.1884],[-50.5997,0.2494],[-50.6682,0.185],[-50.7848,0.1121],[-50.9211,0.0761],[-50.9748,0.0418],[-51.0689,-0.0791],[-51.2164,-0.1186],[-51.3478,-0.2996],[-51.3625,-0.3681],[-51.4325,-0.4733],[-51.1551,-0.4025],[-51.1447,-0.5479],[-51.0945,-0.6616]]]},"properties":{"CD_MUN":"1500305","NM_MUN":"Afuá","SIGLA_UF":"PA"}},
{"type":"Feature","geometry":{"type":"Polygon","coordinates":[[[-51.0369,-6.4751],[-51.0622,-6.524],[-51.0098,-6.5908],[-51.0127,-6.6365],[-50.9013,-6.7102],[-50.8277,-6.8278],[-50.7538,-6.8736],[-50.7648,-6.9949],[-50.5628,-7.0763],[-50.5091,-7.193],[-50.3764,-7.2528],[-49.733,-6.7175],[-49.7298,-6.7147],[-49.7911,-6.6423],[-49.8437,-6.6585],[-49.9977,-6.55],[-50.0705,-6.538],[-50.1359,-6.58],[-50.2319,-6.5766],[-50.3011,-6.6288],[-50.354,-6.5356],[-50.4825,-6.5138],[-50.5425,-6.5316],[-50.716,-6.5419],[-50.7241,-6.4939],[-50.8266,-6.3759],[-50.8166,-6.272],[-50.9391,-6.3292],[-50.9362,-6.405],[-51.0369,-6.4751]]]},"properties":{"CD_MUN":"1500347","NM_MUN":"Água Azul do Norte","SIGLA_UF":"PA"}},
{"type":"Feature","geometry":{"type":"Polygon","coordinates":[[[-55.4134,-1.3991],[-55.2662,-1.4632],[-55.0814,-1.6344],[-55.0563,-1.6948],[-55.0745,-1.7579],[-54.931,-1.839],[-54.966,-1.9639],[-55.0949,-2.1669],[-54.9888,-2.1616],[-54.9395,-2.1323],[-54.8429,-2.1416],[-54.7388,-2.0715],[-54.6161,-2.0781],[-54.5123,-2.1094],[-54.535,-2.059],[-54.4091,-1.8843],[-54.3771,-1.5581],[-54.4367,-1.493],[-54.5541,-1.5209],[-54.6453,-1.4294],[-54.6241,-1.2562],[-54.6937,-1.2195],[-54.6883,-1.0938],[-54.6662,-1.0232],[-54.6155,-1.0088],[-54.6053,-0.8818],[-54.6472,-0.8581],[-54.6909,-0.6958],[-54.6772,-0.6214],[-54.7978,-0.5097],[-54.8953,-0.2836],[-54.9257,-0.254],[-54.9105,-0.0981],[-54.8699,-0.0537],[-54.8523,0.0275],[-54.8903,0.0491],[-54.9257,0.1418],[-54.9033,0.1761],[-54.9048,0.3283],[-54.8621,0.3725],[-54.8603,0.4765],[-55.0076,0.5078],[-54.9764,0.5742],[-55.0667,0.6536],[-55.023,0.7851],[-55.0274,0.886],[-55.0889,0.9264],[-55.0647,1.0004],[-55.1024,1.0631],[-55.2165,1.0734],[-55.2035,1.1977],[-55.2609,1.2318],[-55.247,1.3289],[-55.3126,1.3808],[-55.3668,1.4964],[-55.4136,1.5457],[-55.4135,0.7896],[-55.4136,0.213],[-55.4136,-0.3736],[-55.4136,-0.9199],[-55.4134,-1.3991]]]},"properties":{"CD_MUN":"1500404","NM_MUN":"Alenquer","SIGLA_UF":"PA"}},
{"type":"Feature","geometry":{"type":"Polygon","coordinates":[[[-54.8621,0.3725],[-54.8138,0.3577],[-54.6842,0.2449],[-54.6407,0.1336],[-54.5361,0.0868],[-54.4469,0.0857],[-54.3879,-0.0079],[-54.4236,-0.1116],[-54.3824,-0.1702],[-54.3902,-0.2525],[-54.3191,-0.3577],[-54.3198,-0.4708],[-54.2332,-0.4781],[-54.1833,-0.5351],[-54.0292,-0.6622],[-54.071,-0.7829],[-54.1235,-0.8276],[-54.035,-0.9017],[-53.9594,-0.9945],[-53.9149,-0.9968],[-53.8172,-0.9511],[-53.7059,-0.9809],[-53.6329,-1.1881],[-53.5644,-1.2229],[-53.4952,-1.3418],[-53.4641,-1.4545],[-53.3831,-1.6258],[-53.3536,-1.7489],[-53.3109,-1.7688],[-53.2162,-1.7586],[-53.118,-1.7811],[-52.9998,-1.7434],[-52.9392,-1.6563],[-52.8109,-1.6311],[-52.6827,-1.5843],[-52.4155,-1.5632],[-52.2519,-1.5041],[-51.9911,-1.4351],[-51.9097,-1.353],[-51.8891,-1.275],[-51.7907,-1.1986],[-51.7784,-1.1404],[-51.882,-1.1663],[-52.0551,-1.1769],[-52.1203,-1.1462],[-52.333,-1.1159],[-52.4168,-1.0256],[-52.4387,-0.9436],[-52.4012,-0.8819],[-52.4443,-0.8342],[-52.5111,-0.8567],[-52.4974,-0.7113],[-52.5352,-0.5741],[-52.64,-0.5849],[-52.6954,-0.4964],[-52.6842,-0.3143],[-52.8515,-0.1502],[-52.9327,-0.1423],[-52.9834,0.0334],[-53.0521,0.1573],[-53.0943,0.1953],[-53.0941,0.259],[-53.1753,0.3817],[-53.1473,0.6003],[-53.1057,0.6795],[-53.1903,0.7684],[-53.4115,0.9293],[-53.4223,1.0337],[-53.4592,1.1337],[-53.4021,1.154],[-53.4261,1.2259],[-53.5233,1.2613],[-53.5952,1.3582],[-53.7837,1.4029],[-53.8878,1.4078],[-53.896,1.4551],[-54.0203,1.5158],[-54.0692,1.501],[-54.1437,1.6406],[-54.2009,1.6456],[-54.3517,1.7541],[-54.4959,1.7469],[-54.6019,1.7846],[-54.7448,1.7758],[-54.7385,1.8248],[-54.7702,1.9257],[-54.756,1.9742],[-54.8038,2.0258],[-54.8063,2.1389],[-54.7631,2.2023],[-54.8114,2.2664],[-54.7962,2.318],[-54.8747,2.4153],[-54.9543,2.5837],[-55.0038,2.591],[-55.1031,2.5257],[-55.1729,2.5594],[-55.2348,2.5035],[-55.3203,2.5155],[-55.3854,2.4185],[-55.4998,2.4433],[-55.7077,2.4032],[-55.615,2.1355],[-55.5124,2.0569],[-55.5836,1.9596],[-55.5857,1.8995],[-55.4619,1.8281],[-55.4276,1.6686],[-55.4699,1.585],[-55.4136,1.5457],[-55.3668,1.4964],[-55.3126,1.3808],[-55.247,1.3289],[-55.2609,1.2318],[-55.2035,1.1977],[-55.2165,1.0734],[-55.1024,1.0631],[-55.0647,1.0004],[-55.0889,0.9264],[-55.0274,0.886],[-55.023,0.7851],[-55.0667,0.6536],[-54.9764,0.5742],[-55.0076,0.5078],[-54.8603,0.4765],[-54.8621,0.3725]]]},"properties":{"CD_MUN":"1500503","NM_MUN":"Almeirim","SIGLA_UF":"PA"}},
{"type":"Feature","geometry":{"type":"Polygon","coordinates":[[[-52.0511,-5.1514],[-52.0728,-5.0966],[-52.0429,-5.016],[-52.0941,-4.8269],[-52.08,-4.6778],[-51.9573,-4.5779],[-51.8637,-4.4285],[-51.7728,-4.4739],[-51.6623,-4.4088],[-51.7048,-4.3284],[-51.801,-4.3361],[-51.8401,-4.2151],[-51.9288,-4.2125],[-52.0101,-4.1772],[-52.0672,-4.0747],[-52.2768,-4.032],[-52.3026,-3.7505],[-52.2238,-3.7001],[-52.1681,-3.564],[-52.1108,-3.5596],[-52.0362,-3.4975],[-51.9581,-3.477],[-51.9512,-3.4138],[-52.0587,-3.2666],[-52.1159,-3.2201],[-52.1629,-3.1166],[-52.2201,-3.0659],[-52.2594,-2.9897],[-52.3593,-3.0755],[-52.3998,-3.1611],[-52.4406,-3.1635],[-52.4969,-3.2637],[-52.4992,-3.3661],[-52.471,-3.4121],[-52.4031,-3.436],[-52.381,-3.5331],[-52.4252,-3.5731],[-52.4519,-3.6628],[-52.5491,-3.7196],[-52.6493,-3.8207],[-52.7887,-3.8579],[-52.8624,-3.8208],[-53.0021,-3.9355],[-53.1636,-3.8585],[-53.2083,-3.7859],[-53.179,-3.6737],[-53.2456,-3.7356],[-53.2364,-3.7898],[-53.4082,-3.9013],[-53.4364,-3.9764],[-53.5191,-3.9653],[-53.5063,-4.0555],[-53.5711,-4.0832],[-53.7578,-4.1186],[-53.9024,-4.1829],[-54.0238,-4.2669],[-54.1001,-4.2319],[-54.2001,-4.2028],[-54.2258,-4.3044],[-54.3017,-4.3123],[-54.3666,-4.2646],[-54.451,-4.2433],[-54.5164,-4.2802],[-54.5819,-4.3933],[-54.6747,-4.316],[-54.7356,-4.4245],[-54.7968,-4.4637],[-54.8419,-4.4102],[-54.9295,-4.4902],[-54.9202,-4.5373],[-54.9809,-4.5916],[-55.1283,-4.604],[-55.1553,-4.6417],[-55.3099,-4.6652],[-55.4607,-4.609],[-55.4978,-4.6204],[-55.4655,-4.6909],[-55.4828,-4.7357],[-55.5291,-4.7971],[-55.446,-4.8418],[-55.4283,-4.9332],[-55.3573,-5.0536],[-55.4502,-5.1779],[-55.5935,-5.1962],[-55.6239,-5.2523],[-55.5823,-5.2967],[-55.5035,-5.2977],[-55.4749,-5.3829],[-55.4162,-5.4198],[-55.3487,-5.383],[-55.2799,-5.5156],[-55.2819,-5.5805],[-55.212,-5.7377],[-55.0875,-5.8461],[-55.0243,-5.9362],[-55.044,-6.0112],[-55.1332,-6.0392],[-55.1998,-6.0974],[-55.3214,-6.0415],[-55.339,-6.0965],[-55.2953,-6.1745],[-55.3353,-6.2492],[-55.3024,-6.3135],[-55.2426,-6.3555],[-55.2553,-6.4418],[-55.192,-6.5485],[-55.1673,-6.6854],[-55.2041,-6.7737],[-55.1939,-6.8911],[-55.2518,-6.9791],[-55.24,-7.1087],[-55.2525,-7.1593],[-55.1996,-7.2453],[-55.2104,-7.3983],[-55.0647,-7.5258],[-55.0796,-7.654],[-55.1121,-7.6953],[-55.0153,-7.752],[-55.007,-7.8172],[-55.0876,-7.8771],[-55.064,-7.9335],[-55.1443,-8.0045],[-55.1275,-8.0618],[-55.213,-8.1426],[-55.2376,-8.2327],[-55.2001,-8.2829],[-55.1901,-8.421],[-55.208,-8.475],[-55.166,-8.553],[-55.1712,-8.6324],[-55.0686,-8.7182],[-55.1189,-8.7732],[-55.1768,-8.7013],[-55.2419,-8.8269],[-55.1825,-8.8687],[-55.1725,-8.9667],[-55.1116,-9.0381],[-54.8741,-9.0634],[-54.7511,-9.1095],[-54.6747,-9.1864],[-54.7723,-9.3001],[-54.7323,-9.3165],[-54.684,-9.405],[-54.6713,-9.4854],[-54.6135,-9.5358],[-54.1066,-9.5719],[-53.1334,-9.6452],[-53.1125,-9.5524],[-52.9951,-9.4753],[-52.9226,-9.3804],[-52.9722,-9.2103],[-53.0848,-9.1161],[-53.0382,-9.0422],[-53.0552,-8.954],[-52.9926,-8.8508],[-53.0352,-8.7518],[-53.0063,-8.7048],[-52.9436,-8.6874],[-52.8883,-8.5833],[-52.9552,-8.4413],[-52.9412,-8.3467],[-52.9907,-8.3075],[-52.9253,-8.1626],[-52.9562,-8.0711],[-53.0376,-7.9305],[-53.0347,-7.776],[-53.0581,-7.6878],[-53.1001,-7.6821],[-53.1384,-7.5465],[-53.0924,-7.4776],[-53.1201,-7.3955],[-53.2349,-7.2985],[-53.3154,-7.203],[-53.2537,-7.1146],[-53.3174,-7.0275],[-53.2788,-6.9656],[-53.3116,-6.9161],[-53.248,-6.8315],[-53.2473,-6.7869],[-53.3949,-6.7176],[-53.4685,-6.6347],[-53.4419,-6.5616],[-53.3739,-6.594],[-53.2967,-6.4583],[-53.2146,-6.4695],[-53.1912,-6.4006],[-53.2265,-6.295],[-53.2602,-6.2893],[-53.3069,-6.1657],[-53.3712,-6.1177],[-53.369,-6.058],[-53.271,-6.0198],[-53.2183,-5.9428],[-53.1491,-5.9378],[-53.1094,-5.872],[-53.0591,-5.8861],[-52.9759,-5.8451],[-52.9394,-5.744],[-52.8322,-5.6899],[-52.7715,-5.7223],[-52.6902,-5.6537],[-52.6919,-5.5163],[-52.6442,-5.3966],[-52.658,-5.2978],[-52.6122,-5.2431],[-52.5273,-5.2299],[-52.4501,-5.185],[-52.3748,-5.2046],[-52.2953,-5.1944],[-52.284,-5.2576],[-52.1483,-5.3161],[-52.0685,-5.243],[-52.0511,-5.1514]]]},"properties":{"CD_MUN":"1500602","NM_MUN":"Altamira","SIGLA_UF":"PA"}},
{"type":"Feature","geometry":{"type":"Polygon","coordinates":[[[-50.4768,-0.7238],[-50.5094,-0.8151],[-50.4688,-0.9402],[-50.5218,-0.957],[-50.5263,-1.0125],[-50.435,-1.0239],[-50.4062,-0.9712],[-50.2471,-0.973],[-50.1938,-1.0742],[-49.9321,-1.0956],[-49.8189,-1.2341],[-49.7637,-1.2618],[-49.6001,-1.2672],[-49.5266,-1.188],[-49.4835,-1.0256],[-49.5243,-0.9708],[-49.544,-0.876],[-49.4825,-0.7129],[-49.4863,-0.6687],[-49.4893,-0.667],[-49.5377,-0.6246],[-49.6788,-0.5578],[-49.7418,-0.5952],[-49.8206,-0.6003],[-49.9023,-0.531],[-50.0068,-0.4793],[-50.1072,-0.4709],[-50.2336,-0.3128],[-50.2725,-0.3564],[-50.2883,-0.4719],[-50.3226,-0.4947],[-50.3274,-0.6331],[-50.387,-0.6393],[-50.4059,-0.7009],[-50.4768,-0.7238]]]},"properties":{"CD_MUN":"1500701","NM_MUN":"Anajás","SIGLA_UF":"PA"}},
{"type":"Feature","geometry":{"type":"Polygon","coordinates":[[[-48.353,-1.221],[-48.4076,-1.2279],[-48.4289,-1.2857],[-48.43,-1.4041],[-48.3455,-1.4513],[-48.3654,-1.3653],[-48.3399,-1.329],[-48.3358,-1.2503],[-48.353,-1.221]]]},"properties":{"CD_MUN":"1500800","NM_MUN":"Ananindeua","SIGLA_UF":"PA"}},
{"type":"Feature","geometry":{"type":"Polygon","coordinates":[[[-51.802,-3.5045],[-51.714,-3.5048],[-51.6597,-3.5716],[-51.5852,-3.5863],[-51.5482,-3.6982],[-51.5952,-3.7798],[-51.5007,-3.8612],[-51.4352,-3.884],[-51.3842,-4.0292],[-51.4178,-4.081],[-51.3705,-4.1955],[-51.3775,-4.2476],[-51.3224,-4.4116],[-51.3845,-4.5492],[-51.3163,-4.6665],[-51.312,-4.716],[-51.4208,-4.9134],[-51.4661,-4.9735],[-51.4126,-5.0755],[-51.4478,-5.1502],[-50.9302,-5.1506],[-50.86,-5.0004],[-50.8584,-4.8689],[-50.9123,-4.8647],[-50.9404,-4.7617],[-50.9066,-4.7288],[-50.9201,-4.626],[-50.8946,-4.5819],[-50.9005,-4.4123],[-50.9961,-4.3467],[-50.9937,-4.2713],[-51.0188,-4.211],[-51.07,-4.1997],[-51.1161,-4.0818],[-51.2068,-4.0719],[-51.294,-3.9056],[-51.2568,-3.8721],[-51.2013,-3.6669],[-51.1668,-3.6671],[-51.1674,-3.4487],[-51.2235,-3.4138],[-51.2665,-3.309],[-51.2395,-3.2017],[-51.1467,-3.116],[-51.1612,-3.0187],[-51.398,-2.8891],[-51.4494,-2.7696],[-51.533,-2.7442],[-51.7199,-2.7963],[-51.7483,-2.8455],[-51.6273,-3.001],[-51.6786,-3.0106],[-51.7514,-3.1076],[-51.6088,-3.1522],[-51.632,-3.2529],[-51.702,-3.2492],[-51.7341,-3.3203],[-51.7506,-3.4248],[-51.7241,-3.4872],[-51.802,-3.5045]]]},"properties":{"CD_MUN":"1500859","NM_MUN":"Anapu","SIGLA_UF":"PA"}},
{"type":"Feature","geometry":{"type":"Polygon","coordinates":[[[-46.6364,-0.9691],[-46.6592,-1.0227],[-46.6518,-1.1102],[-46.6158,-1.1831],[-46.6352,-1.2264],[-46.5485,-1.3354],[-46.385,-1.2122],[-46.3432,-1.1032],[-46.3374,-1.0215],[-46.4691,-1.0253],[-46.4958,-0.8722],[-46.6364,-0.9691]]]},"properties":{"CD_MUN":"1500909","NM_MUN":"Augusto Corrêa","SIGLA_UF":"PA"}},
{"type":"Feature","geometry":{"type":"Polygon","coordinates":[[[-47.511,-2.13],[-47.5793,-2.067],[-47.587,-2.0003],[-47.7463,-2.0009],[-47.7941,-2.0392],[-47.8497,-2.1721],[-47.9671,-2.2218],[-48.0553,-2.36],[-48.0468,-2.4734],[-47.952,-2.5171],[-47.9863,-2.4206],[-47.9308,-2.3266],[-47.8575,-2.3212],[-47.7872,-2.347],[-47.7045,-2.3167],[-47.6212,-2.3744],[-47.5662,-2.3448],[-47.4695,-2.3693],[-47.4393,-2.4074],[-47.4545,-2.3364],[-47.4243,-2.244],[-47.5148,-2.1845],[-47.511,-2.13]]]},"properties":{"CD_MUN":"1500958","NM_MUN":"Aurora do Pará","SIGLA_UF":"PA"}},
{"type":"Feature","geometry":{"type":"Polygon","coordinates":[[[-56.9561,-3.6586],[-56.8876,-3.7048],[-56.9062,-3.7454],[-56.8758,-3.8218],[-56.8775,-3.9191],[-56.8239,-3.9548],[-56.7214,-4.0832],[-56.7323,-4.1578],[-56.7089,-4.2461],[-56.6523,-4.2501],[-56.5912,-4.3051],[-56.527,-4.2338],[-56.5328,-4.1757],[-56.4684,-4.1286],[-56.3606,-4.1335],[-56.311,-4.1725],[-56.2378,-4.1557],[-56.1889,-4.0967],[-56.1552,-3.9835],[-56.0381,-3.9106],[-56.0113,-3.8548],[-55.8974,-3.9351],[-55.8268,-4.0174],[-55.7434,-4.0035],[-55.7214,-4.0504],[-55.6542,-4.0907],[-55.6036,-4.0223],[-55.5576,-4.0253],[-55.5648,-4.1413],[-55.5319,-4.1542],[-55.3171,-4.0777],[-55.2819,-3.9217],[-55.1466,-3.8661],[-55.1201,-3.7888],[-55.1613,-3.6309],[-55.1158,-3.5736],[-55.1189,-3.4278],[-55.0374,-3.2547],[-55.2339,-3.2419],[-55.3751,-3.2363],[-56.3446,-3.2648],[-56.7024,-3.3575],[-56.7679,-3.2429],[-56.9561,-3.6586]]]},"properties":{"CD_MUN":"1501006","NM_MUN":"Aveiro","SIGLA_UF":"PA"}},
{"type":"Feature","geometry":{"type":"Polygon","coordinates":[[[-49.8967,-2.9888],[-49.8476,-2.931],[-49.8494,-2.8577],[-49.9422,-2.7595],[-49.9457,-2.6697],[-49.9753,-2.6215],[-49.9688,-2.5459],[-50.0541,-2.5163],[-50.1095,-2.4106],[-50.0798,-2.2427],[-50.1153,-2.1396],[-50.0749,-2.0694],[-50.0567,-1.9086],[-50.1315,-1.815],[-50.1795,-1.8312],[-50.2537,-1.8061],[-50.3004,-1.8055],[-50.2885,-1.8471],[-50.4097,-1.933],[-50.4545,-1.9319],[-50.5717,-2.0119],[-50.5059,-2.1929],[-50.4477,-2.2199],[-50.3667,-2.3314],[-50.276,-2.5056],[-50.2057,-2.5268],[-50.1324,-2.6456],[-50.1483,-2.6811],[-50.1417,-2.824],[-50.0938,-2.8853],[-50.1157,-2.9478],[-50.0859,-3.0323],[-50.0211,-3.0744],[-49.9709,-3.1625],[-49.91,-3.0913],[-49.8967,-2.9888]]]},"properties":{"CD_MUN":"1501105","NM_MUN":"Bagre","SIGLA_UF":"PA"}},
{"type":"Feature","geometry":{"type":"Polygon","coordinates":[[[-49.9709,-3.1625],[-49.9307,-3.2282],[-49.9086,-3.3257],[-49.903,-3.3677],[-49.8345,-3.4041],[-49.8059,-3.5331],[-49.8985,-3.5906],[-49.9655,-3.661],[-49.8725,-3.665],[-49.7418,-3.5927],[-49.6745,-3.5857],[-49.6621,-3.5359],[-49.5976,-3.5131],[-49.5965,-3.4151],[-49.4726,-3.4153],[-49.5638,-3.1207],[-49.6162,-3.0887],[-49.6235,-3.0009],[-49.5625,-2.9395],[-49.4537,-2.8914],[-49.4706,-2.7606],[-49.3865,-2.664],[-49.7335,-2.6662],[-49.7898,-2.7526],[-49.7782,-2.8055],[-49.8136,-2.9629],[-49.8967,-2.9888],[-49.91,-3.0913],[-49.9709,-3.1625]]]},"properties":{"CD_MUN":"1501204","NM_MUN":"Baião","SIGLA_UF":"PA"}},
{"type":"Feature","geometry":{"type":"Polygon","coordinates":[[[-50.5091,-7.193],[-50.6108,-7.2302],[-50.6611,-7.3121],[-50.7645,-7.3504],[-50.8201,-7.3161],[-50.9223,-7.3319],[-50.972,-7.3735],[-50.996,-7.4948],[-50.9624,-7.5829],[-50.8323,-7.6125],[-50.7352,-7.7441],[-50.6364,-7.7009],[-50.5116,-7.7659],[-50.4501,-7.7149],[-50.3459,-7.6587],[-50.3683,-7.5755],[-50.3477,-7.4843],[-50.3909,-7.4308],[-50.3764,-7.2528],[-50.5091,-7.193]]]},"properties":{"CD_MUN":"1501253","NM_MUN":"Bannach","SIGLA_UF":"PA"}},
{"type":"Feature","geometry":{"type":"Polygon","coordinates":[[[-48.5304,-1.6993],[-48.4415,-1.6558],[-48.5063,-1.5266],[-48.5152,-1.3943],[-48.6244,-1.1922],[-48.7023,-1.3224],[-48.7759,-1.4741],[-48.8374,-1.5214],[-48.8182,-1.5942],[-48.7434,-1.614],[-48.7021,-1.6807],[-48.5304,-1.6993]]]},"properties":{"CD_MUN":"1501303","NM_MUN":"Barcarena","SIGLA_UF":"PA"}},
{"type":"Feature","geometry":{"type":"Polygon","coordinates":[[[-48.3318,-1.4669],[-48.3455,-1.4513],[-48.43,-1.4041],[-48.4289,-1.2857],[-48.4076,-1.2279],[-48.353,-1.221],[-48.3018,-1.1064],[-48.3238,-1.0597],[-48.4695,-1.0194],[-48.6075,-1.1721],[-48.6244,-1.1922],[-48.5152,-1.3943],[-48.5063,-1.5266],[-48.4104,-1.5094],[-48.3318,-1.4669]]]},"properties":{"CD_MUN":"1501402","NM_MUN":"Belém","SIGLA_UF":"PA"}},
{"type":"Feature","geometry":{"type":"Polygon","coordinates":[[[-55.1466,-3.8661],[-55.0932,-3.8727],[-55.0733,-3.9375],[-55.018,-3.9213],[-54.9439,-3.8091],[-54.9529,-3.7265],[-54.9053,-3.654],[-54.895,-3.5632],[-54.8337,-3.5561],[-54.8324,-2.6611],[-54.8301,-2.5706],[-54.9583,-2.5707],[-55.0584,-2.5493],[-55.1023,-2.8203],[-55.1616,-2.9787],[-55.2339,-3.2419],[-55.0374,-3.2547],[-55.1189,-3.4278],[-55.1158,-3.5736],[-55.1613,-3.6309],[-55.1201,-3.7888],[-55.1466,-3.8661]]]},"properties":{"CD_MUN":"1501451","NM_MUN":"Belterra","SIGLA_UF":"PA"}},
{"type":"Feature","geometry":{"type":"Polygon","coordinates":[[[-48.3399,-1.329],[-48.2773,-1.3942],[-48.293,-1.4705],[-48.2603,-1.4667],[-48.2347,-1.4295],[-48.2074,-1.2572],[-48.3358,-1.2503],[-48.3399,-1.329]]]},"properties":{"CD_MUN":"1501501","NM_MUN":"Benevides","SIGLA_UF":"PA"}},
{"type":"Feature","geometry":{"type":"Polygon","coordinates":[[[-48.6129,-4.8138],[-48.7717,-4.734],[-48.8609,-4.7491],[-48.9316,-4.9462],[-48.9973,-4.9729],[-49.026,-5.0449],[-49.0024,-5.1231],[-49.0221,-5.1765],[-48.9926,-5.2833],[-48.8632,-5.3413],[-48.7552,-5.3492],[-48.4519,-5.1122],[-48.5048,-5.0658],[-48.5305,-5.0005],[-48.5267,-4.9229],[-48.6129,-4.8138]]]},"properties":{"CD_MUN":"1501576","NM_MUN":"Bom Jesus do Tocantins","SIGLA_UF":"PA"}},
{"type":"Feature","geometry":{"type":"Polygon","coordinates":[[[-47.4186,-1.4954],[-47.3626,-1.4632],[-47.3083,-1.4759],[-47.3245,-1.5643],[-47.2862,-1.537],[-47.1876,-1.3939],[-47.1874,-1.3894],[-47.2055,-1.2249],[-47.343,-1.2871],[-47.4275,-1.37],[-47.4186,-1.4954]]]},"properties":{"CD_MUN":"1501600","NM_MUN":"Bonito","SIGLA_UF":"PA"}},
{"type":"Feature","geometry":{"type":"Polygon","coordinates":[[[-46.6364,-0.9691],[-46.6348,-0.8961],[-46.5961,-0.8419],[-46.6653,-0.7912],[-46.716,-0.8438],[-46.796,-0.8705],[-46.8355,-0.9347],[-46.8571,-1.0899],[-46.9974,-1.3085],[-46.9413,-1.2942],[-46.9096,-1.4266],[-46.8452,-1.4663],[-46.8183,-1.5476],[-46.5485,-1.3354],[-46.6352,-1.2264],[-46.6158,-1.1831],[-46.6518,-1.1102],[-46.6592,-1.0227],[-46.6364,-0.9691]]]},"properties":{"CD_MUN":"1501709","NM_MUN":"Bragança","SIGLA_UF":"PA"}},
{"type":"Feature","geometry":{"type":"Polygon","coordinates":[[[-52.3593,-3.0755],[-52.3175,-2.9723],[-52.3237,-2.9063],[-52.2765,-2.8302],[-52.3314,-2.7829],[-52.5013,-2.7737],[-52.557,-2.725],[-52.684,-2.7229],[-52.8295,-2.7621],[-53.0014,-2.6718],[-52.9547,-2.7693],[-52.8736,-2.8108],[-52.8897,-2.9584],[-52.8854,-3.0604],[-52.843,-3.1672],[-52.7554,-3.2646],[-52.6981,-3.3536],[-52.6693,-3.4649],[-52.7487,-3.532],[-52.8187,-3.6267],[-52.9449,-3.618],[-53.0519,-3.657],[-53.1173,-3.6287],[-53.1566,-3.665],[-53.179,-3.6737],[-53.2083,-3.7859],[-53.1636,-3.8585],[-53.0021,-3.9355],[-52.8624,-3.8208],[-52.7887,-3.8579],[-52.6493,-3.8207],[-52.5491,-3.7196],[-52.4519,-3.6628],[-52.4252,-3.5731],[-52.381,-3.5331],[-52.4031,-3.436],[-52.471,-3.4121],[-52.4992,-3.3661],[-52.4969,-3.2637],[-52.4406,-3.1635],[-52.3998,-3.1611],[-52.3593,-3.0755]]]},"properties":{"CD_MUN":"1501725","NM_MUN":"Brasil Novo","SIGLA_UF":"PA"}},
{"type":"Feature","geometry":{"type":"Polygon","coordinates":[[[-48.1723,-5.7086],[-48.1382,-5.6027],[-48.2787,-5.5404],[-48.3281,-5.4966],[-48.4617,-5.6009],[-48.5865,-5.7004],[-48.6233,-5.8875],[-48.6609,-5.9838],[-48.5842,-5.9922],[-48.5306,-6.0345],[-48.4819,-5.9244],[-48.3614,-5.6995],[-48.2389,-5.6731],[-48.1723,-5.7086]]]},"properties":{"CD_MUN":"1501758","NM_MUN":"Brejo Grande do Araguaia","SIGLA_UF":"PA"}},
{"type":"Feature","geometry":{"type":"Polygon","coordinates":[[[-49.5976,-3.5131],[-49.6604,-3.6848],[-49.6414,-3.8349],[-49.6149,-3.8731],[-49.6069,-4.0729],[-49.2394,-4.0774],[-49.1492,-4.021],[-49.0798,-4.102],[-49.0731,-3.9962],[-49.1336,-3.9362],[-49.1877,-3.7969],[-49.2692,-3.7815],[-49.2571,-3.6352],[-49.2009,-3.5997],[-49.1718,-3.5366],[-49.0381,-3.5903],[-49.0291,-3.5471],[-49.0248,-3.5112],[-48.9256,-3.4129],[-49.4726,-3.4153],[-49.5965,-3.4151],[-49.5976,-3.5131]]]},"properties":{"CD_MUN":"1501782","NM_MUN":"Breu Branco","SIGLA_UF":"PA"}},
{"type":"Feature","geometry":{"type":"Polygon","coordinates":[[[-51.0945,-0.6616],[-51.1502,-0.6827],[-51.1926,-0.7762],[-51.1694,-0.8963],[-51.2169,-1.108],[-51.1334,-1.1708],[-51.0031,-1.1162],[-50.9369,-1.1193],[-50.8151,-1.2033],[-50.8046,-1.2741],[-50.8416,-1.2975],[-50.8969,-1.397],[-50.876,-1.4463],[-50.7976,-1.4322],[-50.7313,-1.559],[-50.602,-1.6661],[-50.5736,-1.7203],[-50.4767,-1.7741],[-50.3004,-1.8055],[-50.2537,-1.8061],[-50.3057,-1.7155],[-50.3329,-1.6262],[-50.4034,-1.596],[-50.291,-1.5312],[-50.2856,-1.4016],[-50.2476,-1.3605],[-50.1318,-1.3207],[-50.0158,-1.3676],[-49.9751,-1.3006],[-49.9882,-1.1799],[-49.9321,-1.0956],[-50.1938,-1.0742],[-50.2471,-0.973],[-50.4062,-0.9712],[-50.435,-1.0239],[-50.5263,-1.0125],[-50.5218,-0.957],[-50.4688,-0.9402],[-50.5094,-0.8151],[-50.4768,-0.7238],[-50.5416,-0.6725],[-50.6052,-0.6699],[-50.6842,-0.6224],[-50.7107,-0.557],[-50.7658,-0.5071],[-50.9581,-0.5744],[-51.0448,-0.6533],[-51.0945,-0.6616]]]},"properties":{"CD_MUN":"1501808","NM_MUN":"Breves","SIGLA_UF":"PA"}},
{"type":"Feature","geometry":{"type":"Polygon","coordinates":[[[-48.0783,-1.8297],[-48.007,-1.7653],[-47.9549,-1.6699],[-47.8863,-1.6835],[-47.8894,-1.7697],[-47.8577,-1.6293],[-47.9441,-1.5786],[-48.0021,-1.57],[-47.9877,-1.5007],[-48.1015,-1.5397],[-48.1851,-1.524],[-48.2603,-1.4667],[-48.293,-1.4705],[-48.2912,-1.5655],[-48.2312,-1.6312],[-48.2278,-1.6942],[-48.0783,-1.8297]]]},"properties":{"CD_MUN":"1501907","NM_MUN":"Bujaru","SIGLA_UF":"PA"}},
{"type":"Feature","geometry":{"type":"Polygon","coordinates":[[[-46.6055,-2.2231],[-46.5004,-2.3815],[-46.4394,-2.4132],[-46.4331,-2.3007],[-46.2833,-2.1544],[-46.211,-1.8311],[-46.3152,-1.7416],[-46.4462,-1.7028],[-46.5322,-1.615],[-46.6353,-1.7719],[-46.6091,-1.9165],[-46.5812,-1.9439],[-46.6055,-2.2231]]]},"properties":{"CD_MUN":"1501956","NM_MUN":"Cachoeira do Piriá","SIGLA_UF":"PA"}},
{"type":"Feature","geometry":{"type":"Polygon","coordinates":[[[-48.4695,-1.0194],[-48.4393,-0.9825],[-48.4395,-0.9788],[-48.5294,-0.9733],[-48.6305,-0.9311],[-48.6909,-0.8785],[-48.7569,-0.7511],[-48.962,-0.6515],[-49.0066,-0.4453],[-49.1062,-0.4438],[-49.208,-0.51],[-49.1475,-0.6091],[-49.1536,-0.7055],[-49.1919,-0.7404],[-49.1905,-0.8198],[-49.0495,-0.9012],[-49.0297,-0.9587],[-48.9618,-0.9802],[-48.9281,-1.0401],[-48.9182,-1.14],[-48.8651,-1.2005],[-48.8015,-1.2131],[-48.745,-1.1878],[-48.6075,-1.1721],[-48.4695,-1.0194]]]},"properties":{"CD_MUN":"1502004","NM_MUN":"Cachoeira do Arari","SIGLA_UF":"PA"}},
{"type":"Feature","geometry":{"type":"Polygon","coordinates":[[[-49.2975,-2.4506],[-49.2781,-2.3949],[-49.3573,-2.3596],[-49.2547,-2.2206],[-49.1895,-2.1036],[-49.3181,-1.9945],[-49.3654,-2.002],[-49.4173,-1.9556],[-49.4692,-1.9995],[-49.594,-1.9724],[-49.7065,-2.069],[-49.7948,-2.1643],[-49.7236,-2.3009],[-49.7431,-2.38],[-49.7249,-2.4579],[-49.7449,-2.5354],[-49.6761,-2.5897],[-49.58,-2.4915],[-49.5079,-2.5529],[-49.3987,-2.5395],[-49.2975,-2.4506]]]},"properties":{"CD_MUN":"1502103","NM_MUN":"Cametá","SIGLA_UF":"PA"}},
{"type":"Feature","geometry":{"type":"Polygon","coordinates":[[[-49.7298,-6.7147],[-49.7061,-6.5971],[-49.6642,-6.5377],[-49.7361,-6.3756],[-49.7933,-6.339],[-49.8232,-6.2486],[-50.5679,-6.2495],[-50.522,-6.3395],[-50.4825,-6.5138],[-50.354,-6.5356],[-50.3011,-6.6288],[-50.2319,-6.5766],[-50.1359,-6.58],[-50.0705,-6.538],[-49.9977,-6.55],[-49.8437,-6.6585],[-49.7911,-6.6423],[-49.7298,-6.7147]]]},"properties":{"CD_MUN":"1502152","NM_MUN":"Canaã dos Carajás","SIGLA_UF":"PA"}},
{"type":"Feature","geometry":{"type":"Polygon","coordinates":[[[-47.1874,-1.3894],[-47.0576,-1.196],[-47.0539,-1.1568],[-46.9785,-1.1042],[-47.002,-1.0116],[-47.0125,-1.0133],[-47.0957,-1.0401],[-47.1452,-0.9873],[-47.2117,-1.0009],[-47.1955,-1.1797],[-47.2055,-1.2249],[-47.1874,-1.3894]]]},"properties":{"CD_MUN":"1502202","NM_MUN":"Capanema","SIGLA_UF":"PA"}},
{"type":"Feature","geometry":{"type":"Polygon","coordinates":[[[-47.4393,-2.4074],[-47.4071,-2.5188],[-47.3373,-2.5764],[-47.2138,-2.5933],[-47.1637,-2.4955],[-47.2387,-2.2693],[-47.1671,-2.0923],[-47.1497,-1.9952],[-47.1632,-1.9314],[-47.092,-1.8791],[-47.0148,-1.8576],[-46.9444,-1.7485],[-46.9272,-1.674],[-46.9797,-1.5965],[-47.0704,-1.5393],[-47.3066,-1.6113],[-47.3093,-1.7095],[-47.2532,-1.8045],[-47.1932,-1.8196],[-47.2297,-1.8849],[-47.2218,-1.9461],[-47.3564,-2.0752],[-47.3991,-2.0786],[-47.4704,-2.0875],[-47.511,-2.13],[-47.5148,-2.1845],[-47.4243,-2.244],[-47.4545,-2.3364],[-47.4393,-2.4074]]]},"properties":{"CD_MUN":"1502301","NM_MUN":"Capitão Poço","SIGLA_UF":"PA"}},
{"type":"Feature","geometry":{"type":"Polygon","coordinates":[[[-47.9861,-1.4222],[-47.8766,-1.3182],[-47.8537,-1.3967],[-47.7868,-1.4007],[-47.76,-1.4526],[-47.667,-1.4701],[-47.6531,-1.4311],[-47.6384,-1.3748],[-47.8455,-1.2866],[-47.8081,-1.2079],[-47.8383,-1.1305],[-47.8112,-1.0657],[-47.9431,-1.0388],[-48.0215,-1.1338],[-48.036,-1.2084],[-48.0255,-1.4129],[-47.9861,-1.4222]]]},"properties":{"CD_MUN":"1502400","NM_MUN":"Castanhal","SIGLA_UF":"PA"}},
{"type":"Feature","geometry":{"type":"Polygon","coordinates":[[[-50.1072,-0.4709],[-50.0068,-0.4793],[-49.9023,-0.531],[-49.8206,-0.6003],[-49.7418,-0.5952],[-49.6788,-0.5578],[-49.5377,-0.6246],[-49.4893,-0.667],[-49.4179,-0.5019],[-49.3937,-0.3775],[-49.3357,-0.3373],[-49.2682,-0.4528],[-49.208,-0.51],[-49.1062,-0.4438],[-49.0066,-0.4453],[-48.9228,-0.2914],[-48.9179,-0.2296],[-49.0169,-0.1602],[-49.1367,-0.1682],[-49.1962,-0.1314],[-49.2559,-0.1598],[-49.4222,-0.1684],[-49.4317,-0.0882],[-49.3589,-0.0259],[-49.397,0.0622],[-49.5826,0.0897],[-49.6322,0.0749],[-49.6996,0.1505],[-49.6333,0.2414],[-49.534,0.2892],[-49.5032,0.3717],[-49.5819,0.4187],[-49.6181,0.3921],[-49.7248,0.3776],[-49.8078,0.3321],[-49.8892,0.3225],[-49.9219,0.3576],[-49.9929,0.3384],[-50.1678,0.3403],[-50.1727,0.3976],[-50.0774,0.4634],[-50.0364,0.5342],[-50.0726,0.6358],[-50.1335,0.6196],[-50.2135,0.656],[-50.2261,0.6962],[-50.3286,0.6743],[-50.4365,0.6001],[-50.4762,0.4815],[-50.553,0.3125],[-50.5997,0.2494],[-50.523,0.1884],[-50.4329,0.1496],[-50.3802,0.0257],[-50.3318,-0.0131],[-50.2987,-0.1016],[-50.196,-0.2135],[-50.1072,-0.4709]]]},"properties":{"CD_MUN":"1502509","NM_MUN":"Chaves","SIGLA_UF":"PA"}},
{"type":"Feature","geometry":{"type":"Polygon","coordinates":[[[-48.4393,-0.9825],[-48.3072,-1.0191],[-48.2138,-1.0068],[-48.1756,-0.9499],[-48.1486,-0.8378],[-48.1716,-0.8164],[-48.2295,-0.8278],[-48.2938,-0.9197],[-48.4096,-0.9058],[-48.4395,-0.9788],[-48.4393,-0.9825]]]},"properties":{"CD_MUN":"1502608","NM_MUN":"Colares","SIGLA_UF":"PA"}},
{"type":"Feature","geometry":{"type":"Polygon","coordinates":[[[-49.361,-7.6149],[-49.411,-7.6496],[-49.4183,-7.723],[-49.4748,-7.7584],[-49.5189,-7.8442],[-49.5691,-7.8181],[-49.6632,-7.92],[-49.7431,-7.9055],[-49.8269,-7.968],[-49.9053,-8.0558],[-49.8736,-8.1451],[-49.8731,-8.2455],[-49.8268,-8.3318],[-49.7598,-8.3427],[-49.7154,-8.2937],[-49.6591,-8.286],[-49.6593,-8.5005],[-49.7019,-8.5027],[-49.7775,-8.5731],[-49.7587,-8.6741],[-49.7025,-8.7609],[-49.5841,-8.7879],[-49.5396,-8.7035],[-49.4818,-8.6737],[-49.4099,-8.58],[-49.3915,-8.4898],[-49.3494,-8.4184],[-49.2833,-8.3796],[-49.2159,-8.1942],[-49.1628,-7.9005],[-49.1607,-7.7914],[-49.2212,-7.7616],[-49.3351,-7.6687],[-49.361,-7.6149]]]},"properties":{"CD_MUN":"1502707","NM_MUN":"Conceição do Araguaia","SIGLA_UF":"PA"}},
{"type":"Feature","geometry":{"type":"Polygon","coordinates":[[[-48.0538,-2.0845],[-47.9886,-2.0966],[-47.9076,-1.9666],[-47.8787,-1.8423],[-47.8894,-1.7697],[-47.8863,-1.6835],[-47.9549,-1.6699],[-48.007,-1.7653],[-48.0783,-1.8297],[-48.0429,-1.9295],[-48.0763,-2.0422],[-48.0538,-2.0845]]]},"properties":{"CD_MUN":"1502756","NM_MUN":"Concórdia do Pará","SIGLA_UF":"PA"}},
{"type":"Feature","geometry":{"type":"Polygon","coordinates":[[[-50.972,-7.3735],[-51.0633,-7.321],[-51.141,-7.3606],[-51.2042,-7.3272],[-51.2302,-7.4039],[-51.2005,-7.4721],[-51.1935,-7.5664],[-51.2328,-7.5854],[-51.2134,-7.677],[-51.1362,-7.7691],[-51.1774,-7.8756],[-51.2516,-7.9563],[-51.4422,-8.0283],[-51.4355,-8.0767],[-51.5466,-8.2069],[-51.598,-8.1916],[-51.6582,-8.2468],[-51.7537,-8.2302],[-51.7756,-8.2739],[-51.8661,-8.2444],[-51.8878,-8.3095],[-51.7817,-8.3797],[-51.7644,-8.4317],[-51.8057,-8.5447],[-51.7712,-8.6065],[-51.7795,-8.7252],[-51.9166,-8.8115],[-51.9222,-8.8528],[-51.8584,-8.9059],[-51.742,-8.8873],[-51.7356,-8.9838],[-51.696,-9.0321],[-51.5949,-9.0887],[-51.5133,-9.1998],[-51.4638,-9.3405],[-51.4888,-9.3812],[-51.4356,-9.4704],[-51.3229,-9.5924],[-51.3177,-9.6775],[-51.2854,-9.6989],[-51.2575,-9.5757],[-51.1862,-9.524],[-51.14,-9.5595],[-51.0876,-9.4837],[-51.0592,-9.3661],[-51.0777,-9.3344],[-51.0556,-9.1886],[-51.1233,-9.127],[-51.1011,-9.0416],[-51.0555,-8.9806],[-51.0753,-8.902],[-51.0363,-8.8537],[-51.0271,-8.7316],[-51.0469,-8.6771],[-50.9354,-8.5721],[-50.9461,-8.5312],[-50.8674,-8.3367],[-50.7459,-8.2643],[-50.6617,-8.2465],[-50.5996,-8.1913],[-50.5256,-8.0981],[-50.5056,-8.023],[-50.5173,-7.9543],[-50.5725,-7.8685],[-50.5116,-7.7659],[-50.6364,-7.7009],[-50.7352,-7.7441],[-50.8323,-7.6125],[-50.9624,-7.5829],[-50.996,-7.4948],[-50.972,-7.3735]]]},"properties":{"CD_MUN":"1502764","NM_MUN":"Cumaru do Norte","SIGLA_UF":"PA"}},
{"type":"Feature","geometry":{"type":"Polygon","coordinates":[[[-49.7298,-6.7147],[-49.6378,-6.637],[-49.4113,-6.4453],[-49.4333,-6.3304],[-49.5196,-6.3326],[-49.5734,-6.2597],[-49.4759,-6.101],[-49.4575,-5.9016],[-49.5113,-5.8829],[-49.6336,-5.9061],[-49.7188,-5.946],[-49.8259,-5.8557],[-49.8053,-5.9037],[-49.7819,-6.1141],[-49.7361,-6.1809],[-49.8232,-6.2486],[-49.7933,-6.339],[-49.7361,-6.3756],[-49.6642,-6.5377],[-49.7061,-6.5971],[-49.7298,-6.7147]]]},"properties":{"CD_MUN":"1502772","NM_MUN":"Curionópolis","SIGLA_UF":"PA"}},
{"type":"Feature","geometry":{"type":"Polygon","coordinates":[[[-50.1315,-1.815],[-49.9916,-1.7831],[-49.848,-1.8331],[-49.7517,-1.8149],[-49.7182,-1.8356],[-49.6078,-1.7604],[-49.6327,-1.6768],[-49.7106,-1.6017],[-49.7077,-1.4329],[-49.7239,-1.3707],[-49.82,-1.3181],[-49.8496,-1.3408],[-49.9751,-1.3006],[-50.0158,-1.3676],[-50.1318,-1.3207],[-50.2476,-1.3605],[-50.2856,-1.4016],[-50.291,-1.5312],[-50.4034,-1.596],[-50.3329,-1.6262],[-50.3057,-1.7155],[-50.2537,-1.8061],[-50.1795,-1.8312],[-50.1315,-1.815]]]},"properties":{"CD_MUN":"1502806","NM_MUN":"Curralinho","SIGLA_UF":"PA"}},
{"type":"Feature","geometry":{"type":"Polygon","coordinates":[[[-55.4134,-1.3991],[-55.174,-1.6793],[-55.1665,-1.7312],[-55.1848,-2.047],[-55.2509,-2.131],[-55.0949,-2.1669],[-54.966,-1.9639],[-54.931,-1.839],[-55.0745,-1.7579],[-55.0563,-1.6948],[-55.0814,-1.6344],[-55.2662,-1.4632],[-55.4134,-1.3991]]]},"properties":{"CD_MUN":"1502855","NM_MUN":"Curuá","SIGLA_UF":"PA"}},
{"type":"Feature","geometry":{"type":"Polygon","coordinates":[[[-47.8148,-0.922],[-47.7549,-0.6797],[-47.7562,-0.6063],[-47.8306,-0.6096],[-47.8699,-0.5612],[-47.977,-0.6862],[-47.9519,-0.7768],[-47.9243,-0.8284],[-47.9325,-0.9033],[-47.901,-0.9315],[-47.8148,-0.922]]]},"properties":{"CD_MUN":"1502905","NM_MUN":"Curuçá","SIGLA_UF":"PA"}},
{"type":"Feature","geometry":{"type":"Polygon","coordinates":[[[-47.3472,-4.1087],[-47.4638,-4.1556],[-47.5691,-4.0929],[-47.6794,-4.0686],[-47.7212,-4.0292],[-47.7831,-4.0602],[-47.8523,-4.0467],[-47.9774,-3.919],[-48.0324,-3.8222],[-48.1048,-3.7888],[-48.1599,-3.8045],[-48.2688,-3.7951],[-48.3887,-3.8373],[-48.369,-3.8802],[-48.3879,-4.0174],[-48.3718,-4.0836],[-48.2695,-4.2153],[-48.1609,-4.201],[-47.8162,-4.6147],[-47.7926,-4.5864],[-47.6821,-4.6064],[-47.5836,-4.523],[-47.442,-4.2874],[-47.3725,-4.245],[-47.3472,-4.1087]]]},"properties":{"CD_MUN":"1502939","NM_MUN":"Dom Eliseu","SIGLA_UF":"PA"}},
{"type":"Feature","geometry":{"type":"Polygon","coordinates":[[[-49.4113,-6.4453],[-49.1991,-6.2642],[-48.8522,-5.9651],[-48.9583,-5.8558],[-49.2339,-5.7956],[-49.4575,-5.9016],[-49.4759,-6.101],[-49.5734,-6.2597],[-49.5196,-6.3326],[-49.4333,-6.3304],[-49.4113,-6.4453]]]},"properties":{"CD_MUN":"1502954","NM_MUN":"Eldorado do Carajás","SIGLA_UF":"PA"}},
{"type":"Feature","geometry":{"type":"Polygon","coordinates":[[[-58.895,-0.011],[-58.8639,-0.078],[-58.881,-0.1966],[-58.8695,-0.3475],[-58.7253,-0.4383],[-58.709,-0.5459],[-58.7363,-0.6194],[-58.7065,-0.6796],[-58.4342,-0.8922],[-58.4106,-0.9822],[-58.4284,-1.0246],[-58.3637,-1.0711],[-58.3167,-1.1477],[-58.2576,-1.1308],[-58.163,-1.2301],[-58.0587,-1.1065],[-58.0173,-1.1036],[-57.9688,-1.1626],[-57.9987,-1.3313],[-57.9565,-1.3783],[-57.8247,-1.4378],[-57.7953,-1.4872],[-57.7177,-1.5033],[-57.6888,-1.587],[-57.5441,-1.6111],[-57.4731,-1.6789],[-57.4435,-1.6646],[-57.3534,-1.7368],[-57.2923,-1.7083],[-57.1711,-1.7509],[-57.0793,-1.8026],[-57.0284,-1.918],[-56.859,-2.0159],[-56.7479,-2.0115],[-56.7214,-2.0592],[-56.761,-2.1741],[-56.6791,-2.2126],[-56.5856,-2.1765],[-56.6248,-2.1661],[-56.6194,-2.0701],[-56.6445,-2.0406],[-56.5994,-1.9537],[-56.5983,-1.8767],[-56.6595,-1.8452],[-56.6736,-1.758],[-56.727,-1.7272],[-56.749,-1.6519],[-56.7934,-1.5995],[-56.8423,-1.6481],[-56.9181,-1.6477],[-56.9635,-1.5811],[-57.0633,-1.5179],[-57.1466,-1.4963],[-57.1436,-1.4232],[-57.2372,-1.4332],[-57.3288,-1.3395],[-57.4286,-1.3476],[-57.5208,-1.2105],[-57.5534,-1.1263],[-57.6522,-1.0953],[-57.7577,-0.9887],[-57.7697,-0.9495],[-57.8546,-0.9242],[-57.9145,-0.8598],[-57.9824,-0.8426],[-58,-0.7921],[-58.0912,-0.8126],[-58.2344,-0.7702],[-58.2232,-0.7387],[-58.3173,-0.6155],[-58.3463,-0.4818],[-58.4405,-0.4392],[-58.5219,-0.4333],[-58.4411,-0.2946],[-58.5887,-0.2719],[-58.6313,-0.2421],[-58.6673,-0.1621],[-58.7146,-0.1224],[-58.7151,-0.0661],[-58.895,-0.011]]]},"properties":{"CD_MUN":"1503002","NM_MUN":"Faro","SIGLA_UF":"PA"}},
{"type":"Feature","geometry":{"type":"Polygon","coordinates":[[[-49.361,-7.6149],[-49.378,-7.4964],[-49.2339,-7.3289],[-49.1853,-7.2352],[-49.1938,-7.1298],[-49.2126,-7.1748],[-49.3054,-7.1904],[-49.4061,-7.2327],[-49.4226,-7.2749],[-49.6157,-7.3221],[-49.7746,-7.3487],[-49.828,-7.3716],[-49.8281,-7.7001],[-49.8564,-7.9727],[-49.8269,-7.968],[-49.7431,-7.9055],[-49.6632,-7.92],[-49.5691,-7.8181],[-49.5189,-7.8442],[-49.4748,-7.7584],[-49.4183,-7.723],[-49.411,-7.6496],[-49.361,-7.6149]]]},"properties":{"CD_MUN":"1503044","NM_MUN":"Floresta do Araguaia","SIGLA_UF":"PA"}},
{"type":"Feature","geometry":{"type":"Polygon","coordinates":[[[-47.2138,-2.5933],[-47.1045,-2.5522],[-47.0878,-2.5047],[-47.1115,-2.4019],[-47.0805,-2.3254],[-46.8881,-2.2097],[-46.9047,-2.1565],[-46.935,-2.075],[-46.8996,-2.0109],[-47.0148,-1.8576],[-47.092,-1.8791],[-47.1632,-1.9314],[-47.1497,-1.9952],[-47.1671,-2.0923],[-47.2387,-2.2693],[-47.1637,-2.4955],[-47.2138,-2.5933]]]},"properties":{"CD_MUN":"1503077","NM_MUN":"Garrafão do Norte","SIGLA_UF":"PA"}},
{"type":"Feature","geometry":{"type":"Polygon","coordinates":[[[-49.6069,-4.0729],[-49.5951,-4.1482],[-49.5062,-4.3828],[-49.4968,-4.5003],[-49.3226,-4.5007],[-49.2291,-4.4068],[-49.1093,-4.3235],[-49.0436,-4.3195],[-49.017,-4.3683],[-48.8457,-4.3076],[-48.7633,-4.2324],[-48.7458,-4.1456],[-48.6798,-4.1235],[-48.5748,-4.1215],[-48.5143,-4.0823],[-48.4393,-4.0771],[-48.3879,-4.0174],[-48.369,-3.8802],[-48.3887,-3.8373],[-48.4512,-3.8059],[-48.5761,-3.8112],[-48.6719,-3.7492],[-48.8161,-3.7127],[-48.8902,-3.6366],[-48.8839,-3.568],[-49.0291,-3.5471],[-49.0381,-3.5903],[-49.1718,-3.5366],[-49.2009,-3.5997],[-49.2571,-3.6352],[-49.2692,-3.7815],[-49.1877,-3.7969],[-49.1336,-3.9362],[-49.0731,-3.9962],[-49.0798,-4.102],[-49.1492,-4.021],[-49.2394,-4.0774],[-49.6069,-4.0729]]]},"properties":{"CD_MUN":"1503093","NM_MUN":"Goianésia do Pará","SIGLA_UF":"PA"}},
{"type":"Feature","geometry":{"type":"Polygon","coordinates":[[[-51.4325,-0.4733],[-51.5955,-0.6504],[-51.6834,-0.794],[-51.7004,-1.0632],[-51.7784,-1.1404],[-51.7907,-1.1986],[-51.8891,-1.275],[-51.9097,-1.353],[-51.9911,-1.4351],[-52.2519,-1.5041],[-52.1998,-1.6042],[-52.0252,-1.5966],[-51.952,-1.6466],[-51.99,-1.743],[-51.9635,-1.8256],[-51.8898,-1.7303],[-51.8597,-1.7582],[-51.7611,-1.7231],[-51.566,-1.6933],[-51.5043,-1.6397],[-51.4581,-1.6428],[-51.2091,-1.2267],[-51.2763,-1.221],[-51.2169,-1.108],[-51.1694,-0.8963],[-51.1926,-0.7762],[-51.1502,-0.6827],[-51.0945,-0.6616],[-51.1447,-0.5479],[-51.1551,-0.4025],[-51.4325,-0.4733]]]},"properties":{"CD_MUN":"1503101","NM_MUN":"Gurupá","SIGLA_UF":"PA"}},
{"type":"Feature","geometry":{"type":"Polygon","coordinates":[[[-47.4129,-0.9766],[-47.6104,-1.0315],[-47.7066,-1.0573],[-47.6549,-1.2405],[-47.6384,-1.3747],[-47.6013,-1.3232],[-47.496,-1.2369],[-47.4121,-1.0616],[-47.4029,-0.9772],[-47.4129,-0.9766]]]},"properties":{"CD_MUN":"1503200","NM_MUN":"Igarapé-Açu","SIGLA_UF":"PA"}},
{"type":"Feature","geometry":{"type":"Polygon","coordinates":[[[-49.1545,-1.7018],[-49.1717,-1.7161],[-49.2427,-1.8582],[-49.2639,-1.9449],[-49.3181,-1.9945],[-49.1895,-2.1036],[-49.2547,-2.2206],[-49.3573,-2.3596],[-49.2781,-2.3949],[-49.2975,-2.4506],[-49.2319,-2.4133],[-49.1577,-2.3666],[-49.0907,-2.241],[-48.9602,-2.1569],[-48.9632,-2.062],[-48.8746,-1.9953],[-48.9058,-1.9566],[-48.9798,-1.8965],[-48.9965,-1.8441],[-49.1131,-1.8019],[-49.1014,-1.762],[-49.1545,-1.7018]]]},"properties":{"CD_MUN":"1503309","NM_MUN":"Igarapé-Miri","SIGLA_UF":"PA"}},
{"type":"Feature","geometry":{"type":"Polygon","coordinates":[[[-47.9441,-1.5786],[-47.76,-1.4526],[-47.7868,-1.4007],[-47.8537,-1.3967],[-47.8766,-1.3182],[-47.9861,-1.4222],[-48.1343,-1.5152],[-48.1015,-1.5397],[-47.9877,-1.5007],[-48.0021,-1.57],[-47.9441,-1.5786]]]},"properties":{"CD_MUN":"1503408","NM_MUN":"Inhangapi","SIGLA_UF":"PA"}},
{"type":"Feature","geometry":{"type":"Polygon","coordinates":[[[-47.952,-2.5171],[-47.932,-2.5431],[-48.0474,-2.6483],[-48.0391,-2.7114],[-48.0737,-2.7751],[-48.091,-2.8999],[-48.1798,-2.9489],[-48.2481,-3.0733],[-48.3053,-3.1008],[-48.3324,-3.1975],[-48.4484,-3.2376],[-48.5306,-3.1957],[-48.6329,-3.2296],[-48.69,-3.2932],[-48.8195,-3.3801],[-48.9259,-3.407],[-48.9256,-3.4129],[-49.0248,-3.5112],[-49.0291,-3.5471],[-48.8839,-3.568],[-48.7609,-3.3952],[-48.6533,-3.3548],[-48.6256,-3.3078],[-48.5588,-3.3029],[-48.5028,-3.2597],[-48.4087,-3.2799],[-48.3528,-3.2303],[-48.3047,-3.2505],[-48.2592,-3.2093],[-48.1122,-3.2089],[-48.0557,-3.1053],[-48.0013,-3.1127],[-47.92,-3.0358],[-47.7988,-2.9789],[-47.7861,-2.9125],[-47.8413,-2.8586],[-47.8546,-2.7722],[-47.9072,-2.7376],[-47.8995,-2.6701],[-47.78,-2.5824],[-47.7136,-2.5664],[-47.6754,-2.6726],[-47.6851,-2.7337],[-47.6286,-2.7992],[-47.4987,-2.8744],[-47.392,-2.8897],[-47.4055,-2.8344],[-47.3697,-2.6863],[-47.3111,-2.6499],[-47.3373,-2.5764],[-47.4071,-2.5188],[-47.4393,-2.4074],[-47.4695,-2.3693],[-47.5662,-2.3448],[-47.6212,-2.3744],[-47.7045,-2.3167],[-47.7872,-2.347],[-47.8575,-2.3212],[-47.9308,-2.3266],[-47.9863,-2.4206],[-47.952,-2.5171]]]},"properties":{"CD_MUN":"1503457","NM_MUN":"Ipixuna do Pará","SIGLA_UF":"PA"}},
{"type":"Feature","geometry":{"type":"Polygon","coordinates":[[[-47.3066,-1.6113],[-47.3281,-1.6059],[-47.4258,-1.6344],[-47.5098,-1.6302],[-47.5513,-1.5986],[-47.6203,-1.6319],[-47.5615,-1.7826],[-47.5894,-1.8775],[-47.4908,-1.8639],[-47.4406,-1.9461],[-47.3991,-2.0786],[-47.3564,-2.0752],[-47.2218,-1.9461],[-47.2297,-1.8849],[-47.1932,-1.8196],[-47.2532,-1.8045],[-47.3093,-1.7095],[-47.3066,-1.6113]]]},"properties":{"CD_MUN":"1503507","NM_MUN":"Irituia","SIGLA_UF":"PA"}},
{"type":"Feature","geometry":{"type":"Polygon","coordinates":[[[-55.2799,-5.5156],[-55.596,-5.5141],[-55.7041,-5.5824],[-55.7495,-5.4886],[-55.8223,-5.4612],[-55.8609,-5.4046],[-55.9307,-5.368],[-55.974,-5.3945],[-55.9426,-5.4753],[-55.9377,-5.586],[-56.0571,-5.6518],[-56.1206,-5.6193],[-56.2883,-5.6122],[-56.3682,-5.5857],[-56.4493,-5.6441],[-56.5949,-5.5448],[-56.613,-5.4648],[-56.6034,-5.3801],[-56.664,-5.2895],[-56.619,-5.2211],[-56.5601,-5.2041],[-56.5409,-5.1487],[-56.4842,-5.1209],[-56.4441,-5.0413],[-56.4912,-4.9724],[-56.4517,-4.9021],[-56.44,-4.7619],[-56.3878,-4.6787],[-56.2845,-4.6056],[-56.2609,-4.5671],[-56.1739,-4.6033],[-56.1822,-4.7107],[-56.1618,-4.8301],[-56.0242,-4.7863],[-56.0915,-4.6206],[-55.9739,-4.5366],[-55.8818,-4.5954],[-55.7594,-4.6294],[-55.7106,-4.6732],[-55.5281,-4.6956],[-55.4828,-4.7357],[-55.4655,-4.6909],[-55.4978,-4.6204],[-55.5532,-4.5324],[-55.6511,-4.5184],[-55.6693,-4.4552],[-55.6245,-4.4094],[-55.6568,-4.3061],[-55.7351,-4.2439],[-55.8001,-4.2896],[-55.8745,-4.2159],[-55.6542,-4.0907],[-55.7214,-4.0504],[-55.7434,-4.0035],[-55.8268,-4.0174],[-55.8974,-3.9351],[-56.0113,-3.8548],[-56.0381,-3.9106],[-56.1552,-3.9835],[-56.1889,-4.0967],[-56.2378,-4.1557],[-56.311,-4.1725],[-56.3606,-4.1335],[-56.4684,-4.1286],[-56.5328,-4.1757],[-56.527,-4.2338],[-56.5912,-4.3051],[-56.6523,-4.2501],[-56.7089,-4.2461],[-56.7323,-4.1578],[-56.7214,-4.0832],[-56.8239,-3.9548],[-56.8775,-3.9191],[-56.8758,-3.8218],[-56.9062,-3.7454],[-56.8876,-3.7048],[-56.9561,-3.6586],[-57.0005,-3.7591],[-57.3502,-4.5018],[-57.5856,-5.0007],[-57.8606,-5.6007],[-57.8209,-5.558],[-57.7252,-5.6224],[-57.6448,-5.6366],[-57.5819,-5.5692],[-57.5212,-5.5454],[-57.4447,-5.5581],[-57.3576,-5.6197],[-57.2789,-5.6247],[-57.3204,-5.7232],[-57.2692,-5.8133],[-57.1869,-5.8651],[-57.0975,-5.8794],[-56.9654,-5.9324],[-56.9711,-5.9905],[-56.9149,-6.0128],[-56.7277,-5.9657],[-56.6033,-6.0202],[-56.724,-6.0727],[-56.7545,-6.1536],[-56.7237,-6.3006],[-56.7834,-6.3736],[-56.8366,-6.4872],[-56.8569,-6.5779],[-56.8348,-6.6164],[-56.8842,-6.6686],[-56.8441,-6.85],[-56.8852,-6.8978],[-56.8925,-6.9909],[-56.9969,-7.0897],[-57.0635,-7.2185],[-57.1332,-7.2657],[-57.2,-7.3984],[-57.1951,-7.4967],[-57.0381,-7.5914],[-56.9511,-7.7247],[-56.8837,-7.8017],[-56.9434,-7.8753],[-56.8972,-7.9595],[-56.8948,-8.0244],[-56.6964,-8.1775],[-56.6309,-8.2069],[-56.5924,-8.267],[-56.4784,-8.275],[-56.4409,-8.3127],[-56.3678,-8.2447],[-56.2942,-8.3091],[-56.2349,-8.3134],[-56.1596,-8.4056],[-56.1593,-8.2422],[-56.1297,-8.1282],[-56.0873,-8.0936],[-56.0579,-7.9923],[-56.065,-7.9372],[-56.1569,-7.7534],[-56.173,-7.6552],[-56.1693,-7.4901],[-56.2295,-7.4211],[-56.2404,-7.3309],[-56.2057,-7.2721],[-56.2108,-7.0787],[-56.2275,-7.0272],[-56.1399,-6.8712],[-56.148,-6.73],[-56.0868,-6.6849],[-56.047,-6.5902],[-55.8909,-6.5365],[-55.7648,-6.4134],[-55.7416,-6.3287],[-55.6355,-6.3902],[-55.5934,-6.3864],[-55.415,-6.4716],[-55.2831,-6.5822],[-55.2503,-6.6483],[-55.1903,-6.6949],[-55.2041,-6.7737],[-55.1673,-6.6854],[-55.192,-6.5485],[-55.2553,-6.4418],[-55.2426,-6.3555],[-55.3024,-6.3135],[-55.3353,-6.2492],[-55.2953,-6.1745],[-55.339,-6.0965],[-55.3214,-6.0415],[-55.1998,-6.0974],[-55.1332,-6.0392],[-55.044,-6.0112],[-55.0243,-5.9362],[-55.0875,-5.8461],[-55.212,-5.7377],[-55.2819,-5.5805],[-55.2799,-5.5156]]]},"properties":{"CD_MUN":"1503606","NM_MUN":"Itaituba","SIGLA_UF":"PA"}},
{"type":"Feature","geometry":{"type":"Polygon","coordinates":[[[-50.5156,-5.1784],[-50.4768,-5.2769],[-50.2963,-5.3277],[-50.2639,-5.3601],[-50.0989,-5.3991],[-50.0567,-5.4294],[-49.9084,-5.4159],[-49.8498,-5.3921],[-49.7555,-5.4503],[-49.6024,-5.4145],[-49.4871,-5.467],[-49.4213,-5.4498],[-49.3865,-5.3488],[-49.3313,-5.2642],[-49.3114,-5.1933],[-49.3207,-4.9814],[-49.405,-4.9033],[-49.4265,-4.7813],[-49.418,-4.6872],[-49.4255,-4.6965],[-49.5004,-4.7837],[-49.7719,-4.8127],[-50.3156,-4.8275],[-50.2872,-4.8724],[-50.3923,-4.9615],[-50.4793,-4.9647],[-50.4781,-5.0817],[-50.5156,-5.1784]]]},"properties":{"CD_MUN":"1503705","NM_MUN":"Itupiranga","SIGLA_UF":"PA"}},
{"type":"Feature","geometry":{"type":"Polygon","coordinates":[[[-57.8606,-5.6007],[-58.0336,-5.9781],[-58.2667,-6.4756],[-58.3271,-6.5004],[-58.3499,-6.5624],[-58.4273,-6.6162],[-58.4785,-6.6996],[-58.4818,-6.7814],[-58.4346,-6.9088],[-58.3354,-6.9864],[-58.181,-7.1817],[-58.17,-7.3132],[-58.0614,-7.3952],[-57.9521,-7.5801],[-57.9344,-7.6568],[-57.8967,-7.6779],[-57.8796,-7.7819],[-57.835,-7.8814],[-57.8319,-7.9615],[-57.7325,-8.0892],[-57.7187,-8.1512],[-57.6417,-8.2199],[-57.6802,-8.3269],[-57.6866,-8.407],[-57.6334,-8.5268],[-57.6226,-8.645],[-57.5929,-8.7565],[-57.523,-8.7497],[-57.4175,-8.7926],[-57.4162,-8.859],[-57.2895,-8.9158],[-57.2038,-8.9208],[-57.0946,-9.0171],[-57.0392,-9.0983],[-57.0601,-9.182],[-56.9955,-9.2338],[-56.8201,-9.2463],[-56.7755,-9.3295],[-56.7723,-9.391],[-56.6719,-9.3674],[-56.1565,-9.4104],[-56.1571,-9],[-56.1596,-8.4056],[-56.2349,-8.3134],[-56.2942,-8.3091],[-56.3678,-8.2447],[-56.4409,-8.3127],[-56.4784,-8.275],[-56.5924,-8.267],[-56.6309,-8.2069],[-56.6964,-8.1775],[-56.8948,-8.0244],[-56.8972,-7.9595],[-56.9434,-7.8753],[-56.8837,-7.8017],[-56.9511,-7.7247],[-57.0381,-7.5914],[-57.1951,-7.4967],[-57.2,-7.3984],[-57.1332,-7.2657],[-57.0635,-7.2185],[-56.9969,-7.0897],[-56.8925,-6.9909],[-56.8852,-6.8978],[-56.8441,-6.85],[-56.8842,-6.6686],[-56.8348,-6.6164],[-56.8569,-6.5779],[-56.8366,-6.4872],[-56.7834,-6.3736],[-56.7237,-6.3006],[-56.7545,-6.1536],[-56.724,-6.0727],[-56.6033,-6.0202],[-56.7277,-5.9657],[-56.9149,-6.0128],[-56.9711,-5.9905],[-56.9654,-5.9324],[-57.0975,-5.8794],[-57.1869,-5.8651],[-57.2692,-5.8133],[-57.3204,-5.7232],[-57.2789,-5.6247],[-57.3576,-5.6197],[-57.4447,-5.5581],[-57.5212,-5.5454],[-57.5819,-5.5692],[-57.6448,-5.6366],[-57.7252,-5.6224],[-57.8209,-5.558],[-57.8606,-5.6007]]]},"properties":{"CD_MUN":"1503754","NM_MUN":"Jacareacanga","SIGLA_UF":"PA"}},
{"type":"Feature","geometry":{"type":"Polygon","coordinates":[[[-49.4968,-4.5003],[-49.4067,-4.6071],[-49.4255,-4.6965],[-49.418,-4.6872],[-49.3752,-4.7427],[-49.2806,-4.7083],[-49.2258,-4.8267],[-49.0412,-4.8543],[-49.0005,-4.833],[-49.0004,-4.4093],[-49.017,-4.3683],[-49.0436,-4.3195],[-49.1093,-4.3235],[-49.2291,-4.4068],[-49.3226,-4.5007],[-49.4968,-4.5003]]]},"properties":{"CD_MUN":"1503804","NM_MUN":"Jacundá","SIGLA_UF":"PA"}},
{"type":"Feature","geometry":{"type":"Polygon","coordinates":[[[-56.3446,-3.2648],[-56.0013,-2.6835],[-55.774,-2.2976],[-55.6923,-2.2623],[-55.6216,-2.1583],[-55.6427,-2.0789],[-55.7689,-2.0025],[-55.9025,-1.9987],[-56.0382,-1.9387],[-56.0892,-1.9783],[-56.0987,-2.0269],[-56.2038,-2.1831],[-56.3843,-2.2705],[-56.4645,-2.4316],[-56.4021,-2.4565],[-56.6098,-2.8963],[-56.7679,-3.2429],[-56.7024,-3.3575],[-56.3446,-3.2648]]]},"properties":{"CD_MUN":"1503903","NM_MUN":"Juruti","SIGLA_UF":"PA"}},
{"type":"Feature","geometry":{"type":"Polygon","coordinates":[[[-49.3181,-1.9945],[-49.2639,-1.9449],[-49.2427,-1.8582],[-49.1717,-1.7161],[-49.3226,-1.7037],[-49.4159,-1.7189],[-49.5397,-1.7801],[-49.6078,-1.7604],[-49.7182,-1.8356],[-49.7469,-1.8937],[-49.7152,-1.9386],[-49.7385,-2.0322],[-49.7065,-2.069],[-49.594,-1.9724],[-49.4692,-1.9995],[-49.4173,-1.9556],[-49.3654,-2.002],[-49.3181,-1.9945]]]},"properties":{"CD_MUN":"1504000","NM_MUN":"Limoeiro do Ajuru","SIGLA_UF":"PA"}},
{"type":"Feature","geometry":{"type":"Polygon","coordinates":[[[-47.511,-2.13],[-47.4704,-2.0875],[-47.3991,-2.0786],[-47.4406,-1.9461],[-47.4908,-1.8639],[-47.5894,-1.8775],[-47.6149,-1.9234],[-47.587,-2.0003],[-47.5793,-2.067],[-47.511,-2.13]]]},"properties":{"CD_MUN":"1504059","NM_MUN":"Mãe do Rio","SIGLA_UF":"PA"}},
{"type":"Feature","geometry":{"type":"Polygon","coordinates":[[[-47.6315,-0.7063],[-47.7199,-0.7447],[-47.7118,-0.8618],[-47.6443,-0.8781],[-47.5858,-0.9483],[-47.55,-0.8274],[-47.6081,-0.6978],[-47.6315,-0.7063]]]},"properties":{"CD_MUN":"1504109","NM_MUN":"Magalhães Barata","SIGLA_UF":"PA"}},
{"type":"Feature","geometry":{"type":"Polygon","coordinates":[[[-48.9316,-4.9462],[-49.0004,-4.8331],[-49.0003,-4.9069],[-49.1424,-5.0777],[-49.1343,-5.1257],[-49.183,-5.3367],[-49.2453,-5.2841],[-49.3114,-5.1933],[-49.3313,-5.2642],[-49.3865,-5.3488],[-49.4213,-5.4498],[-49.4871,-5.467],[-49.6024,-5.4145],[-49.7555,-5.4503],[-49.8498,-5.3921],[-49.9084,-5.4159],[-50.0567,-5.4294],[-50.0989,-5.3991],[-50.2639,-5.3601],[-50.2963,-5.3277],[-50.4768,-5.2769],[-50.5156,-5.1784],[-50.5705,-5.1969],[-50.7202,-5.1747],[-50.7671,-5.2238],[-50.7918,-5.315],[-50.7869,-5.3997],[-50.8636,-5.4225],[-50.8743,-5.4915],[-50.9474,-5.5258],[-50.9528,-5.6143],[-50.8782,-5.6325],[-50.9462,-5.8037],[-51.0864,-5.781],[-51.1261,-5.9188],[-51.1776,-5.9658],[-51.2637,-5.995],[-51.3574,-5.9669],[-51.3933,-6.0162],[-51.2809,-6.1027],[-51.2457,-6.1724],[-51.1488,-6.2167],[-50.9777,-5.989],[-50.7229,-5.9547],[-50.7155,-5.9073],[-50.5757,-5.9186],[-50.5313,-5.8813],[-50.4162,-5.8556],[-50.3438,-5.8643],[-50.2469,-5.9172],[-50.169,-5.9099],[-50.0175,-5.9454],[-49.9326,-5.8596],[-49.8259,-5.8557],[-49.7188,-5.946],[-49.6336,-5.9061],[-49.5113,-5.8829],[-49.4575,-5.9016],[-49.2339,-5.7956],[-48.9583,-5.8558],[-48.8522,-5.9651],[-48.7312,-5.8601],[-48.8168,-5.8062],[-48.8904,-5.6888],[-48.9335,-5.6538],[-48.9447,-5.5529],[-49.0153,-5.4601],[-48.9926,-5.2833],[-49.0221,-5.1765],[-49.0024,-5.1231],[-49.026,-5.0449],[-48.9973,-4.9729],[-48.9316,-4.9462]]]},"properties":{"CD_MUN":"1504208","NM_MUN":"Marabá","SIGLA_UF":"PA"}},
{"type":"Feature","geometry":{"type":"Polygon","coordinates":[[[-47.4129,-0.9766],[-47.425,-0.8997],[-47.3811,-0.8365],[-47.3773,-0.8226],[-47.426,-0.6573],[-47.4213,-0.5848],[-47.5866,-0.6383],[-47.6081,-0.6978],[-47.55,-0.8274],[-47.5858,-0.9483],[-47.6104,-1.0315],[-47.4129,-0.9766]]]},"properties":{"CD_MUN":"1504307","NM_MUN":"Maracanã","SIGLA_UF":"PA"}},
{"type":"Feature","geometry":{"type":"Polygon","coordinates":[[[-47.8148,-0.922],[-47.7687,-0.9726],[-47.778,-1.0607],[-47.7066,-1.0573],[-47.6104,-1.0315],[-47.5858,-0.9483],[-47.6443,-0.8781],[-47.7118,-0.8618],[-47.7199,-0.7447],[-47.6315,-0.7063],[-47.6327,-0.6021],[-47.7039,-0.5346],[-47.7562,-0.6063],[-47.7549,-0.6797],[-47.8148,-0.922]]]},"properties":{"CD_MUN":"1504406","NM_MUN":"Marapanim","SIGLA_UF":"PA"}},
{"type":"Feature","geometry":{"type":"Polygon","coordinates":[[[-48.293,-1.4705],[-48.2773,-1.3942],[-48.3399,-1.329],[-48.3654,-1.3653],[-48.3455,-1.4513],[-48.3318,-1.4669],[-48.293,-1.4705]]]},"properties":{"CD_MUN":"1504422","NM_MUN":"Marituba","SIGLA_UF":"PA"}},
{"type":"Feature","geometry":{"type":"Polygon","coordinates":[[[-53.0014,-2.6718],[-53.0015,-2.6716],[-53.1069,-2.686],[-53.1464,-2.6653],[-53.2529,-2.7743],[-53.358,-2.7373],[-53.4544,-2.7765],[-53.4872,-2.7649],[-53.5943,-2.8131],[-53.6084,-2.8652],[-53.8554,-2.8875],[-53.834,-2.9709],[-53.7945,-3.0204],[-53.7149,-3.0157],[-53.6648,-3.0418],[-53.5863,-3.1746],[-53.5089,-3.2784],[-53.4987,-3.5159],[-53.264,-3.4961],[-53.224,-3.5965],[-53.1566,-3.665],[-53.1173,-3.6287],[-53.0519,-3.657],[-52.9449,-3.618],[-52.8187,-3.6267],[-52.7487,-3.532],[-52.6693,-3.4649],[-52.6981,-3.3536],[-52.7554,-3.2646],[-52.843,-3.1672],[-52.8854,-3.0604],[-52.8897,-2.9584],[-52.8736,-2.8108],[-52.9547,-2.7693],[-53.0014,-2.6718]]]},"properties":{"CD_MUN":"1504455","NM_MUN":"Medicilândia","SIGLA_UF":"PA"}},
{"type":"Feature","geometry":{"type":"Polygon","coordinates":[[[-50.3004,-1.8055],[-50.4767,-1.7741],[-50.5736,-1.7203],[-50.602,-1.6661],[-50.7313,-1.559],[-50.7976,-1.4322],[-50.876,-1.4463],[-50.8969,-1.397],[-50.8416,-1.2975],[-50.8046,-1.2741],[-50.8151,-1.2033],[-50.9369,-1.1193],[-51.0031,-1.1162],[-51.1334,-1.1708],[-51.2169,-1.108],[-51.2763,-1.221],[-51.2091,-1.2267],[-51.4581,-1.6428],[-51.5043,-1.6397],[-51.566,-1.6933],[-51.7611,-1.7231],[-51.8597,-1.7582],[-51.8898,-1.7303],[-51.9635,-1.8256],[-51.9662,-1.876],[-51.8746,-1.9446],[-51.8256,-1.9634],[-51.7554,-1.9381],[-51.673,-1.8581],[-51.5993,-1.8804],[-51.4799,-1.8358],[-51.4326,-1.7971],[-51.3011,-1.7476],[-51.2186,-1.7993],[-50.983,-1.841],[-50.9116,-1.8867],[-50.8755,-1.8683],[-50.7983,-1.913],[-50.6755,-1.7957],[-50.6219,-1.7973],[-50.5265,-1.9234],[-50.4545,-1.9319],[-50.4097,-1.933],[-50.2885,-1.8471],[-50.3004,-1.8055]]]},"properties":{"CD_MUN":"1504505","NM_MUN":"Melgaço","SIGLA_UF":"PA"}},
{"type":"Feature","geometry":{"type":"Polygon","coordinates":[[[-49.3865,-2.664],[-49.3113,-2.6684],[-49.2662,-2.5429],[-49.2037,-2.4855],[-49.2319,-2.4133],[-49.2975,-2.4506],[-49.3987,-2.5395],[-49.5079,-2.5529],[-49.58,-2.4915],[-49.6761,-2.5897],[-49.7449,-2.5354],[-49.7335,-2.6662],[-49.3865,-2.664]]]},"properties":{"CD_MUN":"1504604","NM_MUN":"Mocajuba","SIGLA_UF":"PA"}},
{"type":"Feature","geometry":{"type":"Polygon","coordinates":[[[-48.9058,-1.9566],[-48.8746,-1.9953],[-48.9632,-2.062],[-48.9602,-2.1569],[-49.0907,-2.241],[-49.1577,-2.3666],[-49.2319,-2.4133],[-49.2037,-2.4855],[-49.2662,-2.5429],[-49.3113,-2.6684],[-49.3865,-2.664],[-49.4706,-2.7606],[-49.4537,-2.8914],[-49.5625,-2.9395],[-49.6235,-3.0009],[-49.6162,-3.0887],[-49.5638,-3.1207],[-49.4726,-3.4153],[-48.9256,-3.4129],[-48.9259,-3.407],[-48.967,-3.2169],[-48.9119,-3.1513],[-48.9905,-3.0633],[-48.9915,-2.9843],[-49.0372,-2.9099],[-49.0322,-2.8577],[-48.9397,-2.7302],[-48.835,-2.6386],[-48.8282,-2.6015],[-48.8784,-2.4999],[-48.8593,-2.3917],[-48.8037,-2.3777],[-48.7876,-2.3233],[-48.6849,-2.1948],[-48.6309,-2.1562],[-48.5853,-2.0465],[-48.511,-1.9779],[-48.465,-1.8756],[-48.4415,-1.6558],[-48.5304,-1.6993],[-48.9058,-1.9566]]]},"properties":{"CD_MUN":"1504703","NM_MUN":"Moju","SIGLA_UF":"PA"}},
{"type":"Feature","geometry":{"type":"Polygon","coordinates":[[[-54.8337,-3.5561],[-54.7124,-3.4878],[-54.6468,-3.4195],[-54.5434,-3.3599],[-54.4978,-3.3946],[-54.3893,-3.3706],[-54.286,-3.4024],[-54.2558,-3.3553],[-54.2489,-3.2665],[-54.2474,-3.1432],[-54.225,-3.075],[-54.2603,-2.9992],[-54.25,-2.9522],[-54.3304,-2.8743],[-54.3667,-2.7875],[-54.4819,-2.7785],[-54.625,-2.6208],[-54.7181,-2.5936],[-54.7389,-2.65],[-54.8324,-2.6611],[-54.8337,-3.5561]]]},"properties":{"CD_MUN":"1504752","NM_MUN":"Mojuí dos Campos","SIGLA_UF":"PA"}},
{"type":"Feature","geometry":{"type":"Polygon","coordinates":[[[-54.5123,-2.1094],[-54.3282,-2.3995],[-54.2659,-2.4154],[-54.1484,-2.3602],[-54.0492,-2.2335],[-54.0361,-2.1126],[-53.9583,-2.0271],[-53.8003,-1.9341],[-53.7936,-1.8841],[-53.9184,-1.9095],[-53.791,-1.7243],[-53.9272,-1.6653],[-53.864,-1.6114],[-53.8851,-1.5075],[-53.8243,-1.4293],[-53.8301,-1.3406],[-53.8761,-1.3054],[-53.9024,-1.0483],[-53.9594,-0.9945],[-54.035,-0.9017],[-54.1235,-0.8276],[-54.071,-0.7829],[-54.0292,-0.6622],[-54.1833,-0.5351],[-54.2332,-0.4781],[-54.3198,-0.4708],[-54.3191,-0.3577],[-54.3902,-0.2525],[-54.3824,-0.1702],[-54.4236,-0.1116],[-54.3879,-0.0079],[-54.4469,0.0857],[-54.5361,0.0868],[-54.6407,0.1336],[-54.6842,0.2449],[-54.8138,0.3577],[-54.8621,0.3725],[-54.9048,0.3283],[-54.9033,0.1761],[-54.9257,0.1418],[-54.8903,0.0491],[-54.8523,0.0275],[-54.8699,-0.0537],[-54.9105,-0.0981],[-54.9257,-0.254],[-54.8953,-0.2836],[-54.7978,-0.5097],[-54.6772,-0.6214],[-54.6909,-0.6958],[-54.6472,-0.8581],[-54.6053,-0.8818],[-54.6155,-1.0088],[-54.6662,-1.0232],[-54.6883,-1.0938],[-54.6937,-1.2195],[-54.6241,-1.2562],[-54.6453,-1.4294],[-54.5541,-1.5209],[-54.4367,-1.493],[-54.3771,-1.5581],[-54.4091,-1.8843],[-54.535,-2.059],[-54.5123,-2.1094]]]},"properties":{"CD_MUN":"1504802","NM_MUN":"Monte Alegre","SIGLA_UF":"PA"}},
{"type":"Feature","geometry":{"type":"Polygon","coordinates":[[[-48.9476,-1.551],[-48.9905,-1.4842],[-49.1024,-1.4039],[-49.0889,-1.2805],[-49.1295,-1.2008],[-49.2128,-1.1073],[-49.1769,-1.0629],[-49.2201,-1.0004],[-49.3267,-0.9717],[-49.3289,-0.9376],[-49.4365,-0.9135],[-49.4792,-0.9895],[-49.5243,-0.9708],[-49.4835,-1.0256],[-49.5266,-1.188],[-49.6006,-1.3682],[-49.5444,-1.3797],[-49.5198,-1.4557],[-49.4964,-1.6178],[-49.4159,-1.7189],[-49.3226,-1.7037],[-49.1717,-1.7161],[-49.1545,-1.7018],[-49.0126,-1.5732],[-48.9476,-1.551]]]},"properties":{"CD_MUN":"1504901","NM_MUN":"Muaná","SIGLA_UF":"PA"}},
{"type":"Feature","geometry":{"type":"Polygon","coordinates":[[[-46.6055,-2.2231],[-46.8444,-1.8998],[-46.8508,-2.0637],[-46.9047,-2.1565],[-46.8881,-2.2097],[-47.0805,-2.3254],[-47.1115,-2.4019],[-47.0878,-2.5047],[-47.1045,-2.5522],[-47.2138,-2.5933],[-47.3373,-2.5764],[-47.3111,-2.6499],[-47.3697,-2.6863],[-47.4055,-2.8344],[-47.392,-2.8897],[-47.0573,-2.6188],[-47.0272,-2.4971],[-46.9093,-2.4223],[-46.7311,-2.4166],[-46.5711,-2.4961],[-46.4847,-2.5013],[-46.4358,-2.4709],[-46.4394,-2.4132],[-46.5004,-2.3815],[-46.6055,-2.2231]]]},"properties":{"CD_MUN":"1504950","NM_MUN":"Nova Esperança do Piriá","SIGLA_UF":"PA"}},
{"type":"Feature","geometry":{"type":"Polygon","coordinates":[[[-49.3114,-5.1933],[-49.2453,-5.2841],[-49.183,-5.3367],[-49.1343,-5.1257],[-49.1424,-5.0777],[-49.0003,-4.9069],[-49.0004,-4.8331],[-49.0005,-4.833],[-49.0412,-4.8543],[-49.2258,-4.8267],[-49.2806,-4.7083],[-49.3752,-4.7427],[-49.418,-4.6872],[-49.4265,-4.7813],[-49.405,-4.9033],[-49.3207,-4.9814],[-49.3114,-5.1933]]]},"properties":{"CD_MUN":"1504976","NM_MUN":"Nova Ipixuna","SIGLA_UF":"PA"}},
{"type":"Feature","geometry":{"type":"Polygon","coordinates":[[[-47.343,-1.2871],[-47.3452,-1.1073],[-47.2944,-0.969],[-47.4029,-0.9772],[-47.4121,-1.0616],[-47.496,-1.2369],[-47.4289,-1.3006],[-47.4275,-1.37],[-47.343,-1.2871]]]},"properties":{"CD_MUN":"1505007","NM_MUN":"Nova Timboteua","SIGLA_UF":"PA"}},
{"type":"Feature","geometry":{"type":"Polygon","coordinates":[[[-55.2041,-6.7737],[-55.1903,-6.6949],[-55.2503,-6.6483],[-55.2831,-6.5822],[-55.415,-6.4716],[-55.5934,-6.3864],[-55.6355,-6.3902],[-55.7416,-6.3287],[-55.7648,-6.4134],[-55.8909,-6.5365],[-56.047,-6.5902],[-56.0868,-6.6849],[-56.148,-6.73],[-56.1399,-6.8712],[-56.2275,-7.0272],[-56.2108,-7.0787],[-56.2057,-7.2721],[-56.2404,-7.3309],[-56.2295,-7.4211],[-56.1693,-7.4901],[-56.173,-7.6552],[-56.1569,-7.7534],[-56.065,-7.9372],[-56.0579,-7.9923],[-56.0873,-8.0936],[-56.1297,-8.1282],[-56.1593,-8.2422],[-56.1596,-8.4056],[-56.1571,-9],[-56.1565,-9.4104],[-55.3779,-9.4743],[-54.6135,-9.5358],[-54.6713,-9.4854],[-54.684,-9.405],[-54.7323,-9.3165],[-54.7723,-9.3001],[-54.6747,-9.1864],[-54.7511,-9.1095],[-54.8741,-9.0634],[-55.1116,-9.0381],[-55.1725,-8.9667],[-55.1825,-8.8687],[-55.2419,-8.8269],[-55.1768,-8.7013],[-55.1189,-8.7732],[-55.0686,-8.7182],[-55.1712,-8.6324],[-55.166,-8.553],[-55.208,-8.475],[-55.1901,-8.421],[-55.2001,-8.2829],[-55.2376,-8.2327],[-55.213,-8.1426],[-55.1275,-8.0618],[-55.1443,-8.0045],[-55.064,-7.9335],[-55.0876,-7.8771],[-55.007,-7.8172],[-55.0153,-7.752],[-55.1121,-7.6953],[-55.0796,-7.654],[-55.0647,-7.5258],[-55.2104,-7.3983],[-55.1996,-7.2453],[-55.2525,-7.1593],[-55.24,-7.1087],[-55.2518,-6.9791],[-55.1939,-6.8911],[-55.2041,-6.7737]]]},"properties":{"CD_MUN":"1505031","NM_MUN":"Novo Progresso","SIGLA_UF":"PA"}},
{"type":"Feature","geometry":{"type":"Polygon","coordinates":[[[-50.9302,-5.1506],[-50.8132,-5.1522],[-50.7202,-5.1747],[-50.5705,-5.1969],[-50.5156,-5.1784],[-50.4781,-5.0817],[-50.4793,-4.9647],[-50.3923,-4.9615],[-50.2872,-4.8724],[-50.3156,-4.8275],[-49.7719,-4.8127],[-49.5004,-4.7837],[-49.4255,-4.6965],[-49.4067,-4.6071],[-49.4968,-4.5003],[-49.5062,-4.3828],[-49.5951,-4.1482],[-49.6069,-4.0729],[-49.8064,-4.0712],[-49.8483,-3.9678],[-49.9311,-4.0718],[-49.9825,-4.0531],[-50.1085,-4.078],[-50.8814,-3.8536],[-50.6733,-4.2087],[-50.8184,-4.2949],[-50.9937,-4.2713],[-50.9961,-4.3467],[-50.9005,-4.4123],[-50.8946,-4.5819],[-50.9201,-4.626],[-50.9066,-4.7288],[-50.9404,-4.7617],[-50.9123,-4.8647],[-50.8584,-4.8689],[-50.86,-5.0004],[-50.9302,-5.1506]]]},"properties":{"CD_MUN":"1505064","NM_MUN":"Novo Repartimento","SIGLA_UF":"PA"}},
{"type":"Feature","geometry":{"type":"Polygon","coordinates":[[[-55.4136,1.5457],[-55.4699,1.585],[-55.4276,1.6686],[-55.4619,1.8281],[-55.5857,1.8995],[-55.5836,1.9596],[-55.5124,2.0569],[-55.615,2.1355],[-55.7077,2.4032],[-55.718,2.4021],[-55.8336,2.4092],[-55.9243,2.3677],[-55.9466,2.3315],[-55.9525,2.1951],[-55.8713,2.0741],[-55.8813,2.0373],[-55.836,1.9583],[-55.8114,1.805],[-55.8391,1.7621],[-55.798,1.6055],[-55.732,1.4654],[-55.6615,1.442],[-55.5905,1.3313],[-55.6569,1.1274],[-55.7265,1.0931],[-55.7301,0.9859],[-55.7949,0.8202],[-55.8871,0.7823],[-55.9483,0.7186],[-55.977,0.5578],[-55.9194,0.527],[-55.9221,0.4409],[-55.8948,0.3683],[-55.9478,0.3466],[-56.1018,0.3995],[-56.1613,0.3173],[-56.1748,0.2051],[-56.0896,0.0539],[-56.0281,-0.0869],[-56.0228,-0.2198],[-56.0517,-0.2669],[-56.0427,-0.4028],[-56.0952,-0.4411],[-56.1109,-0.4969],[-56.1993,-0.5454],[-56.2163,-0.6739],[-56.2669,-0.7521],[-56.2256,-0.8566],[-56.146,-0.8539],[-56.0743,-0.9718],[-56.0808,-1.028],[-56.0415,-1.0722],[-56.0695,-1.207],[-56.009,-1.2893],[-55.865,-1.2963],[-55.8157,-1.2779],[-55.6996,-1.356],[-55.7362,-1.4391],[-55.6846,-1.5306],[-55.6717,-1.7853],[-55.7232,-1.8565],[-55.9025,-1.9987],[-55.7689,-2.0025],[-55.6427,-2.0789],[-55.6216,-2.1583],[-55.5766,-2.1703],[-55.4689,-2.1317],[-55.3708,-2.1376],[-55.2839,-2.2159],[-55.1977,-2.2268],[-55.128,-2.2632],[-55.0699,-2.2328],[-55.0949,-2.1669],[-55.2509,-2.131],[-55.1848,-2.047],[-55.1665,-1.7312],[-55.174,-1.6793],[-55.4134,-1.3991],[-55.4136,-0.9199],[-55.4136,-0.3736],[-55.4136,0.213],[-55.4135,0.7896],[-55.4136,1.5457]]]},"properties":{"CD_MUN":"1505106","NM_MUN":"Óbidos","SIGLA_UF":"PA"}},
{"type":"Feature","geometry":{"type":"Polygon","coordinates":[[[-49.8967,-2.9888],[-49.8136,-2.9629],[-49.7782,-2.8055],[-49.7898,-2.7526],[-49.7335,-2.6662],[-49.7449,-2.5354],[-49.7249,-2.4579],[-49.7431,-2.38],[-49.7236,-2.3009],[-49.7948,-2.1643],[-49.7065,-2.069],[-49.7385,-2.0322],[-49.7152,-1.9386],[-49.7469,-1.8937],[-49.7182,-1.8356],[-49.7517,-1.8149],[-49.848,-1.8331],[-49.9916,-1.7831],[-50.1315,-1.815],[-50.0567,-1.9086],[-50.0749,-2.0694],[-50.1153,-2.1396],[-50.0798,-2.2427],[-50.1095,-2.4106],[-50.0541,-2.5163],[-49.9688,-2.5459],[-49.9753,-2.6215],[-49.9457,-2.6697],[-49.9422,-2.7595],[-49.8494,-2.8577],[-49.8476,-2.931],[-49.8967,-2.9888]]]},"properties":{"CD_MUN":"1505205","NM_MUN":"Oeiras do Pará","SIGLA_UF":"PA"}},
{"type":"Feature","geometry":{"type":"Polygon","coordinates":[[[-56.749,-1.6519],[-56.6984,-1.6314],[-56.561,-1.6774],[-56.5508,-1.7657],[-56.3755,-1.8661],[-56.3447,-1.9107],[-56.2347,-1.8998],[-56.1766,-1.9636],[-56.122,-1.9303],[-56.0892,-1.9783],[-56.0382,-1.9387],[-55.9025,-1.9987],[-55.7232,-1.8565],[-55.6717,-1.7853],[-55.6846,-1.5306],[-55.7362,-1.4391],[-55.6996,-1.356],[-55.8157,-1.2779],[-55.865,-1.2963],[-56.009,-1.2893],[-56.0695,-1.207],[-56.0415,-1.0722],[-56.0808,-1.028],[-56.0743,-0.9718],[-56.146,-0.8539],[-56.2256,-0.8566],[-56.2669,-0.7521],[-56.2163,-0.6739],[-56.1993,-0.5454],[-56.1109,-0.4969],[-56.0952,-0.4411],[-56.0427,-0.4028],[-56.0517,-0.2669],[-56.0228,-0.2198],[-56.0281,-0.0869],[-56.0896,0.0539],[-56.1748,0.2051],[-56.1613,0.3173],[-56.1018,0.3995],[-55.9478,0.3466],[-55.8948,0.3683],[-55.9221,0.4409],[-55.9194,0.527],[-55.977,0.5578],[-55.9483,0.7186],[-55.8871,0.7823],[-55.7949,0.8202],[-55.7301,0.9859],[-55.7265,1.0931],[-55.6569,1.1274],[-55.5905,1.3313],[-55.6615,1.442],[-55.732,1.4654],[-55.798,1.6055],[-55.8391,1.7621],[-55.8114,1.805],[-55.836,1.9583],[-55.8813,2.0373],[-55.8713,2.0741],[-55.9525,2.1951],[-55.9466,2.3315],[-55.9243,2.3677],[-55.8336,2.4092],[-55.718,2.4021],[-55.7667,2.4553],[-55.8389,2.4623],[-55.9347,2.5335],[-55.9783,2.5274],[-55.9899,2.4173],[-56.0507,2.3351],[-56.1325,2.2637],[-56.043,2.2279],[-55.9021,2.0294],[-55.9352,1.9966],[-55.9039,1.8881],[-55.999,1.8314],[-56.0987,1.8466],[-56.1527,1.8908],[-56.2345,1.8987],[-56.335,1.9372],[-56.4371,1.9518],[-56.5798,1.906],[-56.6215,1.946],[-56.7164,1.9261],[-56.8015,1.8742],[-56.9198,1.9304],[-57.0008,1.9074],[-57.064,1.956],[-57.0868,2.0265],[-57.253,1.9485],[-57.3457,1.9803],[-57.365,1.9261],[-57.4335,1.906],[-57.451,1.8064],[-57.5343,1.7083],[-57.6505,1.6824],[-57.7197,1.7229],[-57.7924,1.7267],[-57.8196,1.6839],[-57.9811,1.6594],[-57.9787,1.5728],[-58.0056,1.5168],[-58.1295,1.499],[-58.1607,1.5602],[-58.2333,1.5475],[-58.3325,1.5907],[-58.3896,1.5354],[-58.3857,1.47],[-58.5052,1.4649],[-58.4716,1.3742],[-58.4963,1.268],[-58.7105,1.2899],[-58.7163,1.241],[-58.8213,1.171],[-58.8955,1.2288],[-58.8956,0.5922],[-58.895,-0.011],[-58.7151,-0.0661],[-58.7146,-0.1224],[-58.6673,-0.1621],[-58.6313,-0.2421],[-58.5887,-0.2719],[-58.4411,-0.2946],[-58.5219,-0.4333],[-58.4405,-0.4392],[-58.3463,-0.4818],[-58.3173,-0.6155],[-58.2232,-0.7387],[-58.2344,-0.7702],[-58.0912,-0.8126],[-58,-0.7921],[-57.9824,-0.8426],[-57.9145,-0.8598],[-57.8546,-0.9242],[-57.7697,-0.9495],[-57.7577,-0.9887],[-57.6522,-1.0953],[-57.5534,-1.1263],[-57.5208,-1.2105],[-57.4286,-1.3476],[-57.3288,-1.3395],[-57.2372,-1.4332],[-57.1436,-1.4232],[-57.1466,-1.4963],[-57.0633,-1.5179],[-56.9635,-1.5811],[-56.9181,-1.6477],[-56.8423,-1.6481],[-56.7934,-1.5995],[-56.749,-1.6519]]]},"properties":{"CD_MUN":"1505304","NM_MUN":"Oriximiná","SIGLA_UF":"PA"}},
{"type":"Feature","geometry":{"type":"Polygon","coordinates":[[[-47.3245,-1.5643],[-47.3281,-1.6059],[-47.3066,-1.6113],[-47.0704,-1.5393],[-46.9797,-1.5965],[-46.9757,-1.5075],[-47.0584,-1.4561],[-47.0694,-1.3858],[-47.1531,-1.3652],[-47.1876,-1.3939],[-47.2862,-1.537],[-47.3245,-1.5643]]]},"properties":{"CD_MUN":"1505403","NM_MUN":"Ourém","SIGLA_UF":"PA"}},
{"type":"Feature","geometry":{"type":"Polygon","coordinates":[[[-51.0369,-6.4751],[-51.0696,-6.4907],[-51.1835,-6.4672],[-51.146,-6.5147],[-51.1253,-6.6238],[-51.0753,-6.6792],[-51.1034,-6.7363],[-51.1026,-6.8783],[-51.2067,-6.9617],[-51.2655,-6.9721],[-51.3335,-7.0441],[-51.3879,-7.0479],[-51.4471,-7.0073],[-51.6839,-7.0226],[-51.6573,-7.0865],[-51.6613,-7.1907],[-51.7495,-7.2738],[-51.7654,-7.3704],[-51.8671,-7.5303],[-51.8825,-7.7021],[-51.9623,-7.7709],[-52.0382,-7.7291],[-52.1456,-7.8136],[-52.1665,-7.883],[-52.1637,-8.0335],[-52.1188,-8.1798],[-52.0724,-8.2151],[-52.0779,-8.3136],[-52.0327,-8.3373],[-52.0251,-8.4066],[-51.9379,-8.4408],[-51.8558,-8.4263],[-51.7817,-8.3797],[-51.8878,-8.3095],[-51.8661,-8.2444],[-51.7756,-8.2739],[-51.7537,-8.2302],[-51.6582,-8.2468],[-51.598,-8.1916],[-51.5466,-8.2069],[-51.4355,-8.0767],[-51.4422,-8.0283],[-51.2516,-7.9563],[-51.1774,-7.8756],[-51.1362,-7.7691],[-51.2134,-7.677],[-51.2328,-7.5854],[-51.1935,-7.5664],[-51.2005,-7.4721],[-51.2302,-7.4039],[-51.2042,-7.3272],[-51.141,-7.3606],[-51.0633,-7.321],[-50.972,-7.3735],[-50.9223,-7.3319],[-50.8201,-7.3161],[-50.7645,-7.3504],[-50.6611,-7.3121],[-50.6108,-7.2302],[-50.5091,-7.193],[-50.5628,-7.0763],[-50.7648,-6.9949],[-50.7538,-6.8736],[-50.8277,-6.8278],[-50.9013,-6.7102],[-51.0127,-6.6365],[-51.0098,-6.5908],[-51.0622,-6.524],[-51.0369,-6.4751]]]},"properties":{"CD_MUN":"1505437","NM_MUN":"Ourilândia do Norte","SIGLA_UF":"PA"}},
{"type":"Feature","geometry":{"type":"Polygon","coordinates":[[[-50.9937,-4.2713],[-50.8184,-4.2949],[-50.6733,-4.2087],[-50.8814,-3.8536],[-50.1085,-4.078],[-50.1211,-3.9848],[-50.0178,-3.905],[-49.958,-3.7877],[-49.998,-3.7138],[-49.9655,-3.661],[-49.8985,-3.5906],[-49.8059,-3.5331],[-49.8345,-3.4041],[-49.903,-3.3677],[-49.9086,-3.3257],[-50.0064,-3.3316],[-50.1132,-3.2696],[-50.1567,-3.3005],[-50.2096,-3.2375],[-50.3214,-3.3218],[-50.3629,-3.3844],[-50.4859,-3.4583],[-50.809,-3.495],[-50.8121,-3.425],[-50.8502,-3.2942],[-50.9362,-3.2312],[-50.9752,-3.1224],[-51.1467,-3.116],[-51.2395,-3.2017],[-51.2665,-3.309],[-51.2235,-3.4138],[-51.1674,-3.4487],[-51.1668,-3.6671],[-51.2013,-3.6669],[-51.2568,-3.8721],[-51.294,-3.9056],[-51.2068,-4.0719],[-51.1161,-4.0818],[-51.07,-4.1997],[-51.0188,-4.211],[-50.9937,-4.2713]]]},"properties":{"CD_MUN":"1505486","NM_MUN":"Pacajá","SIGLA_UF":"PA"}},
{"type":"Feature","geometry":{"type":"Polygon","coordinates":[[[-48.5306,-6.0345],[-48.4831,-6.0939],[-48.3913,-6.1467],[-48.288,-6.0976],[-48.3347,-6.0043],[-48.2301,-5.9225],[-48.292,-5.8368],[-48.2757,-5.7265],[-48.1723,-5.7086],[-48.2389,-5.6731],[-48.3614,-5.6995],[-48.4819,-5.9244],[-48.5306,-6.0345]]]},"properties":{"CD_MUN":"1505494","NM_MUN":"Palestina do Pará","SIGLA_UF":"PA"}},
{"type":"Feature","geometry":{"type":"Polygon","coordinates":[[[-48.0324,-3.8222],[-47.9587,-3.7343],[-47.8824,-3.7318],[-47.8252,-3.6833],[-47.7368,-3.6992],[-47.6599,-3.5839],[-47.4936,-3.5444],[-47.3526,-3.4729],[-47.2079,-3.4489],[-47.2236,-3.5224],[-47.1469,-3.6195],[-47.0939,-3.6219],[-47.0383,-3.5643],[-46.9698,-3.5125],[-46.9563,-3.4259],[-46.8836,-3.3374],[-46.8149,-3.3115],[-46.7695,-3.1986],[-46.7226,-3.1591],[-46.6474,-2.9698],[-46.6734,-2.8931],[-46.5992,-2.7959],[-46.6696,-2.7346],[-46.6223,-2.6449],[-46.5068,-2.6169],[-46.4358,-2.4709],[-46.4847,-2.5013],[-46.5711,-2.4961],[-46.7311,-2.4166],[-46.9093,-2.4223],[-47.0272,-2.4971],[-47.0573,-2.6188],[-47.392,-2.8897],[-47.4987,-2.8744],[-47.6286,-2.7992],[-47.6851,-2.7337],[-47.6754,-2.6726],[-47.7136,-2.5664],[-47.78,-2.5824],[-47.8995,-2.6701],[-47.9072,-2.7376],[-47.8546,-2.7722],[-47.8413,-2.8586],[-47.7861,-2.9125],[-47.7988,-2.9789],[-47.92,-3.0358],[-48.0013,-3.1127],[-48.0557,-3.1053],[-48.1122,-3.2089],[-48.2592,-3.2093],[-48.3047,-3.2505],[-48.3528,-3.2303],[-48.4087,-3.2799],[-48.5028,-3.2597],[-48.5588,-3.3029],[-48.6256,-3.3078],[-48.6533,-3.3548],[-48.7609,-3.3952],[-48.8839,-3.568],[-48.8902,-3.6366],[-48.8161,-3.7127],[-48.6719,-3.7492],[-48.5761,-3.8112],[-48.4512,-3.8059],[-48.3887,-3.8373],[-48.2688,-3.7951],[-48.1599,-3.8045],[-48.1048,-3.7888],[-48.0324,-3.8222]]]},"properties":{"CD_MUN":"1505502","NM_MUN":"Paragominas","SIGLA_UF":"PA"}},
{"type":"Feature","geometry":{"type":"Polygon","coordinates":[[[-50.4825,-6.5138],[-50.522,-6.3395],[-50.5679,-6.2495],[-49.8232,-6.2486],[-49.7361,-6.1809],[-49.7819,-6.1141],[-49.8053,-5.9037],[-49.8259,-5.8557],[-49.9326,-5.8596],[-50.0175,-5.9454],[-50.169,-5.9099],[-50.2469,-5.9172],[-50.3438,-5.8643],[-50.4162,-5.8556],[-50.5313,-5.8813],[-50.5757,-5.9186],[-50.7155,-5.9073],[-50.7229,-5.9547],[-50.9777,-5.989],[-51.1488,-6.2167],[-51.199,-6.2868],[-51.1523,-6.3502],[-51.1422,-6.4229],[-51.1835,-6.4672],[-51.0696,-6.4907],[-51.0369,-6.4751],[-50.9362,-6.405],[-50.9391,-6.3292],[-50.8166,-6.272],[-50.8266,-6.3759],[-50.7241,-6.4939],[-50.716,-6.5419],[-50.5425,-6.5316],[-50.4825,-6.5138]]]},"properties":{"CD_MUN":"1505536","NM_MUN":"Parauapebas","SIGLA_UF":"PA"}},
{"type":"Feature","geometry":{"type":"Polygon","coordinates":[[[-50.4501,-7.7149],[-50.3426,-7.779],[-50.2938,-7.8659],[-50.2362,-7.8807],[-50.1146,-7.8127],[-49.9989,-7.8625],[-49.9271,-7.941],[-49.8564,-7.9727],[-49.8281,-7.7001],[-49.9003,-7.6545],[-50.04,-7.6466],[-50.0896,-7.6837],[-50.2321,-7.5515],[-50.3477,-7.4843],[-50.3683,-7.5755],[-50.3459,-7.6587],[-50.4501,-7.7149]]]},"properties":{"CD_MUN":"1505551","NM_MUN":"Pau D'Arco","SIGLA_UF":"PA"}},
{"type":"Feature","geometry":{"type":"Polygon","coordinates":[[[-47.2055,-1.2249],[-47.1955,-1.1797],[-47.2117,-1.0009],[-47.2247,-0.9638],[-47.2944,-0.969],[-47.3452,-1.1073],[-47.343,-1.2871],[-47.2055,-1.2249]]]},"properties":{"CD_MUN":"1505601","NM_MUN":"Peixe-Boi","SIGLA_UF":"PA"}},
{"type":"Feature","geometry":{"type":"Polygon","coordinates":[[[-49.4113,-6.4453],[-49.1247,-6.8219],[-49.0834,-6.8433],[-49.0189,-6.7842],[-48.7691,-6.7307],[-48.652,-6.64],[-48.6645,-6.5677],[-48.6261,-6.4785],[-48.7499,-6.3785],[-48.8562,-6.3506],[-48.8844,-6.3111],[-48.96,-6.3125],[-48.9408,-6.4062],[-49.0509,-6.3768],[-49.0552,-6.3496],[-49.1619,-6.2668],[-49.1991,-6.2642],[-49.4113,-6.4453]]]},"properties":{"CD_MUN":"1505635","NM_MUN":"Piçarra","SIGLA_UF":"PA"}},
{"type":"Feature","geometry":{"type":"Polygon","coordinates":[[[-54.1001,-4.2319],[-54.0858,-4.0993],[-54.1374,-4.0321],[-54.1102,-3.974],[-54.1101,-3.8256],[-54.2544,-3.6929],[-54.224,-3.6433],[-54.2693,-3.5678],[-54.258,-3.449],[-54.286,-3.4024],[-54.3893,-3.3706],[-54.4978,-3.3946],[-54.5434,-3.3599],[-54.6468,-3.4195],[-54.7124,-3.4878],[-54.8337,-3.5561],[-54.895,-3.5632],[-54.9053,-3.654],[-54.9529,-3.7265],[-54.9439,-3.8091],[-54.8538,-3.7301],[-54.8223,-3.7741],[-54.6998,-3.7906],[-54.7468,-3.8867],[-54.7954,-4.2261],[-54.8477,-4.2588],[-54.8757,-4.3405],[-54.8419,-4.4102],[-54.7968,-4.4637],[-54.7356,-4.4245],[-54.6747,-4.316],[-54.5819,-4.3933],[-54.5164,-4.2802],[-54.451,-4.2433],[-54.3666,-4.2646],[-54.3017,-4.3123],[-54.2258,-4.3044],[-54.2001,-4.2028],[-54.1001,-4.2319]]]},"properties":{"CD_MUN":"1505650","NM_MUN":"Placas","SIGLA_UF":"PA"}},
{"type":"Feature","geometry":{"type":"Polygon","coordinates":[[[-48.8374,-1.5214],[-48.7759,-1.4741],[-48.7023,-1.3224],[-48.6244,-1.1922],[-48.6075,-1.1721],[-48.745,-1.1878],[-48.8015,-1.2131],[-48.8651,-1.2005],[-48.9182,-1.14],[-48.9281,-1.0401],[-48.9618,-0.9802],[-49.0297,-0.9587],[-49.0495,-0.9012],[-49.1905,-0.8198],[-49.1919,-0.7404],[-49.299,-0.7719],[-49.4863,-0.6687],[-49.4825,-0.7129],[-49.544,-0.876],[-49.5243,-0.9708],[-49.4792,-0.9895],[-49.4365,-0.9135],[-49.3289,-0.9376],[-49.3267,-0.9717],[-49.2201,-1.0004],[-49.1769,-1.0629],[-49.2128,-1.1073],[-49.1295,-1.2008],[-49.0889,-1.2805],[-49.1024,-1.4039],[-48.9905,-1.4842],[-48.9476,-1.551],[-48.8374,-1.5214]]]},"properties":{"CD_MUN":"1505700","NM_MUN":"Ponta de Pedras","SIGLA_UF":"PA"}},
{"type":"Feature","geometry":{"type":"Polygon","coordinates":[[[-51.1467,-3.116],[-50.9752,-3.1224],[-50.9362,-3.2312],[-50.8502,-3.2942],[-50.8121,-3.425],[-50.809,-3.495],[-50.4859,-3.4583],[-50.3629,-3.3844],[-50.3214,-3.3218],[-50.2096,-3.2375],[-50.1567,-3.3005],[-50.1132,-3.2696],[-50.0064,-3.3316],[-49.9086,-3.3257],[-49.9307,-3.2282],[-49.9709,-3.1625],[-50.0211,-3.0744],[-50.0859,-3.0323],[-50.1157,-2.9478],[-50.0938,-2.8853],[-50.1417,-2.824],[-50.1483,-2.6811],[-50.1324,-2.6456],[-50.2057,-2.5268],[-50.276,-2.5056],[-50.3667,-2.3314],[-50.4477,-2.2199],[-50.5059,-2.1929],[-50.5717,-2.0119],[-50.4545,-1.9319],[-50.5265,-1.9234],[-50.6219,-1.7973],[-50.6755,-1.7957],[-50.7983,-1.913],[-50.8755,-1.8683],[-50.9116,-1.8867],[-50.983,-1.841],[-51.2186,-1.7993],[-51.3011,-1.7476],[-51.4326,-1.7971],[-51.4799,-1.8358],[-51.5993,-1.8804],[-51.673,-1.8581],[-51.7554,-1.9381],[-51.8256,-1.9634],[-51.8746,-1.9446],[-51.9396,-2.1077],[-51.9396,-2.2571],[-51.9205,-2.3315],[-51.8665,-2.3643],[-51.8738,-2.461],[-51.8545,-2.5525],[-51.8201,-2.6976],[-51.7483,-2.8455],[-51.7199,-2.7963],[-51.533,-2.7442],[-51.4494,-2.7696],[-51.398,-2.8891],[-51.1612,-3.0187],[-51.1467,-3.116]]]},"properties":{"CD_MUN":"1505809","NM_MUN":"Portel","SIGLA_UF":"PA"}},
{"type":"Feature","geometry":{"type":"Polygon","coordinates":[[[-52.9998,-1.7434],[-53.0605,-1.8815],[-53.1728,-1.9779],[-53.2634,-1.9756],[-53.3596,-2.0254],[-53.2767,-2.0879],[-53.2531,-2.1668],[-53.2257,-2.3653],[-53.3843,-2.505],[-52.9668,-2.657],[-53.0015,-2.6716],[-53.0014,-2.6718],[-52.8295,-2.7621],[-52.684,-2.7229],[-52.557,-2.725],[-52.5013,-2.7737],[-52.3314,-2.7829],[-52.2765,-2.8302],[-52.2341,-2.81],[-52.0439,-2.7925],[-52.0549,-2.6862],[-52.0024,-2.6306],[-51.9574,-2.5221],[-51.9197,-2.4932],[-51.8545,-2.5525],[-51.8738,-2.461],[-51.8665,-2.3643],[-51.9205,-2.3315],[-51.9396,-2.2571],[-51.9396,-2.1077],[-51.8746,-1.9446],[-51.9662,-1.876],[-51.9635,-1.8256],[-51.99,-1.743],[-51.952,-1.6466],[-52.0252,-1.5966],[-52.1998,-1.6042],[-52.2519,-1.5041],[-52.4155,-1.5632],[-52.6827,-1.5843],[-52.8109,-1.6311],[-52.9392,-1.6563],[-52.9998,-1.7434]]]},"properties":{"CD_MUN":"1505908","NM_MUN":"Porto de Moz","SIGLA_UF":"PA"}},
{"type":"Feature","geometry":{"type":"Polygon","coordinates":[[[-53.9594,-0.9945],[-53.9024,-1.0483],[-53.8761,-1.3054],[-53.8301,-1.3406],[-53.8243,-1.4293],[-53.8851,-1.5075],[-53.864,-1.6114],[-53.9272,-1.6653],[-53.791,-1.7243],[-53.9184,-1.9095],[-53.7936,-1.8841],[-53.8003,-1.9341],[-53.9583,-2.0271],[-54.0361,-2.1126],[-54.0492,-2.2335],[-54.1484,-2.3602],[-54.2659,-2.4154],[-54.2263,-2.4818],[-54.2546,-2.5785],[-54.1116,-2.7546],[-54.103,-2.8865],[-53.8554,-2.8875],[-53.6084,-2.8652],[-53.5943,-2.8131],[-53.4872,-2.7649],[-53.4544,-2.7765],[-53.358,-2.7373],[-53.2529,-2.7743],[-53.1464,-2.6653],[-53.1069,-2.686],[-53.0015,-2.6716],[-52.9668,-2.657],[-53.3843,-2.505],[-53.2257,-2.3653],[-53.2531,-2.1668],[-53.2767,-2.0879],[-53.3596,-2.0254],[-53.2634,-1.9756],[-53.1728,-1.9779],[-53.0605,-1.8815],[-52.9998,-1.7434],[-53.118,-1.7811],[-53.2162,-1.7586],[-53.3109,-1.7688],[-53.3536,-1.7489],[-53.3831,-1.6258],[-53.4641,-1.4545],[-53.4952,-1.3418],[-53.5644,-1.2229],[-53.6329,-1.1881],[-53.7059,-0.9809],[-53.8172,-0.9511],[-53.9149,-0.9968],[-53.9594,-0.9945]]]},"properties":{"CD_MUN":"1506005","NM_MUN":"Prainha","SIGLA_UF":"PA"}},
{"type":"Feature","geometry":{"type":"Polygon","coordinates":[[[-47.0125,-1.0133],[-47.0727,-0.9801],[-47.0839,-0.832],[-47.1338,-0.8999],[-47.2428,-0.9188],[-47.2247,-0.9638],[-47.2117,-1.0009],[-47.1452,-0.9873],[-47.0957,-1.0401],[-47.0125,-1.0133]]]},"properties":{"CD_MUN":"1506104","NM_MUN":"Primavera","SIGLA_UF":"PA"}},
{"type":"Feature","geometry":{"type":"Polygon","coordinates":[[[-47.002,-1.0116],[-47.0056,-0.9191],[-46.9426,-0.8593],[-46.9703,-0.7675],[-47.0637,-0.7946],[-47.0839,-0.832],[-47.0727,-0.9801],[-47.0125,-1.0133],[-47.002,-1.0116]]]},"properties":{"CD_MUN":"1506112","NM_MUN":"Quatipuru","SIGLA_UF":"PA"}},
{"type":"Feature","geometry":{"type":"Polygon","coordinates":[[[-50.5116,-7.7659],[-50.5725,-7.8685],[-50.5173,-7.9543],[-50.5056,-8.023],[-50.5256,-8.0981],[-50.5996,-8.1913],[-50.4815,-8.179],[-50.4243,-8.2159],[-50.3456,-8.1861],[-50.163,-8.3464],[-49.9961,-8.3961],[-49.8814,-8.3856],[-49.8268,-8.3318],[-49.8731,-8.2455],[-49.8736,-8.1451],[-49.9053,-8.0558],[-49.8269,-7.968],[-49.8564,-7.9727],[-49.9271,-7.941],[-49.9989,-7.8625],[-50.1146,-7.8127],[-50.2362,-7.8807],[-50.2938,-7.8659],[-50.3426,-7.779],[-50.4501,-7.7149],[-50.5116,-7.7659]]]},"properties":{"CD_MUN":"1506138","NM_MUN":"Redenção","SIGLA_UF":"PA"}},
{"type":"Feature","geometry":{"type":"Polygon","coordinates":[[[-50.3477,-7.4843],[-50.2321,-7.5515],[-50.0896,-7.6837],[-50.04,-7.6466],[-49.9003,-7.6545],[-49.8281,-7.7001],[-49.828,-7.3716],[-49.7746,-7.3487],[-49.6157,-7.3221],[-49.4226,-7.2749],[-49.4061,-7.2327],[-49.3054,-7.1904],[-49.2126,-7.1748],[-49.1938,-7.1298],[-49.1935,-7.0407],[-49.988,-7.1846],[-50.3764,-7.2528],[-50.3909,-7.4308],[-50.3477,-7.4843]]]},"properties":{"CD_MUN":"1506161","NM_MUN":"Rio Maria","SIGLA_UF":"PA"}},
{"type":"Feature","geometry":{"type":"Polygon","coordinates":[[[-48.1946,-4.911],[-47.8162,-4.6147],[-48.1609,-4.201],[-48.2695,-4.2153],[-48.3718,-4.0836],[-48.3879,-4.0174],[-48.4393,-4.0771],[-48.5143,-4.0823],[-48.5748,-4.1215],[-48.6798,-4.1235],[-48.7458,-4.1456],[-48.7633,-4.2324],[-48.8457,-4.3076],[-49.017,-4.3683],[-49.0004,-4.4093],[-49.0005,-4.833],[-49.0004,-4.8331],[-48.9316,-4.9462],[-48.8609,-4.7491],[-48.7717,-4.734],[-48.6129,-4.8138],[-48.5065,-4.8237],[-48.3388,-4.8848],[-48.2703,-4.9235],[-48.1946,-4.911]]]},"properties":{"CD_MUN":"1506187","NM_MUN":"Rondon do Pará","SIGLA_UF":"PA"}},
{"type":"Feature","geometry":{"type":"Polygon","coordinates":[[[-54.8419,-4.4102],[-54.8757,-4.3405],[-54.8477,-4.2588],[-54.7954,-4.2261],[-54.7468,-3.8867],[-54.6998,-3.7906],[-54.8223,-3.7741],[-54.8538,-3.7301],[-54.9439,-3.8091],[-55.018,-3.9213],[-55.0733,-3.9375],[-55.0932,-3.8727],[-55.1466,-3.8661],[-55.2819,-3.9217],[-55.3171,-4.0777],[-55.5319,-4.1542],[-55.5648,-4.1413],[-55.5576,-4.0253],[-55.6036,-4.0223],[-55.6542,-4.0907],[-55.8745,-4.2159],[-55.8001,-4.2896],[-55.7351,-4.2439],[-55.6568,-4.3061],[-55.6245,-4.4094],[-55.6693,-4.4552],[-55.6511,-4.5184],[-55.5532,-4.5324],[-55.4978,-4.6204],[-55.4607,-4.609],[-55.3099,-4.6652],[-55.1553,-4.6417],[-55.1283,-4.604],[-54.9809,-4.5916],[-54.9202,-4.5373],[-54.9295,-4.4902],[-54.8419,-4.4102]]]},"properties":{"CD_MUN":"1506195","NM_MUN":"Rurópolis","SIGLA_UF":"PA"}},
{"type":"Feature","geometry":{"type":"Polygon","coordinates":[[[-47.3773,-0.8226],[-47.3494,-0.7093],[-47.2619,-0.6478],[-47.3164,-0.5922],[-47.3863,-0.6047],[-47.426,-0.6573],[-47.3773,-0.8226]]]},"properties":{"CD_MUN":"1506203","NM_MUN":"Salinópolis","SIGLA_UF":"PA"}},
{"type":"Feature","geometry":{"type":"Polygon","coordinates":[[[-48.4395,-0.9788],[-48.4096,-0.9058],[-48.4747,-0.8739],[-48.5061,-0.7509],[-48.5725,-0.6805],[-48.6929,-0.6576],[-48.962,-0.6515],[-48.7569,-0.7511],[-48.6909,-0.8785],[-48.6305,-0.9311],[-48.5294,-0.9733],[-48.4395,-0.9788]]]},"properties":{"CD_MUN":"1506302","NM_MUN":"Salvaterra","SIGLA_UF":"PA"}},
{"type":"Feature","geometry":{"type":"Polygon","coordinates":[[[-48.3358,-1.2503],[-48.2074,-1.2572],[-48.1375,-1.1999],[-48.2166,-1.1445],[-48.2417,-1.0891],[-48.3018,-1.1064],[-48.353,-1.221],[-48.3358,-1.2503]]]},"properties":{"CD_MUN":"1506351","NM_MUN":"Santa Bárbara do Pará","SIGLA_UF":"PA"}},
{"type":"Feature","geometry":{"type":"Polygon","coordinates":[[[-49.4863,-0.6687],[-49.299,-0.7719],[-49.1919,-0.7404],[-49.1536,-0.7055],[-49.1475,-0.6091],[-49.208,-0.51],[-49.2682,-0.4528],[-49.3357,-0.3373],[-49.3937,-0.3775],[-49.4179,-0.5019],[-49.4893,-0.667],[-49.4863,-0.6687]]]},"properties":{"CD_MUN":"1506401","NM_MUN":"Santa Cruz do Arari","SIGLA_UF":"PA"}},
{"type":"Feature","geometry":{"type":"Polygon","coordinates":[[[-48.2603,-1.4667],[-48.1851,-1.524],[-48.1015,-1.5397],[-48.1343,-1.5152],[-47.9861,-1.4222],[-48.0255,-1.4129],[-48.036,-1.2084],[-48.1375,-1.1999],[-48.2074,-1.2572],[-48.2347,-1.4295],[-48.2603,-1.4667]]]},"properties":{"CD_MUN":"1506500","NM_MUN":"Santa Izabel do Pará","SIGLA_UF":"PA"}},
{"type":"Feature","geometry":{"type":"Polygon","coordinates":[[[-46.9974,-1.3085],[-47.1341,-1.3129],[-47.1531,-1.3652],[-47.0694,-1.3858],[-47.0584,-1.4561],[-46.9757,-1.5075],[-46.9797,-1.5965],[-46.9272,-1.674],[-46.9444,-1.7485],[-47.0148,-1.8576],[-46.8996,-2.0109],[-46.935,-2.075],[-46.9047,-2.1565],[-46.8508,-2.0637],[-46.8444,-1.8998],[-46.8329,-1.8649],[-46.8472,-1.7157],[-46.7931,-1.7163],[-46.7954,-1.5913],[-46.8183,-1.5476],[-46.8452,-1.4663],[-46.9096,-1.4266],[-46.9413,-1.2942],[-46.9974,-1.3085]]]},"properties":{"CD_MUN":"1506559","NM_MUN":"Santa Luzia do Pará","SIGLA_UF":"PA"}},
{"type":"Feature","geometry":{"type":"Polygon","coordinates":[[[-49.8268,-8.3318],[-49.8814,-8.3856],[-49.9961,-8.3961],[-50.163,-8.3464],[-50.3456,-8.1861],[-50.4243,-8.2159],[-50.4815,-8.179],[-50.5996,-8.1913],[-50.6617,-8.2465],[-50.7459,-8.2643],[-50.8674,-8.3367],[-50.9461,-8.5312],[-50.9354,-8.5721],[-51.0469,-8.6771],[-51.0271,-8.7316],[-50.9728,-8.7151],[-50.8865,-8.7588],[-50.902,-8.8059],[-50.8764,-8.9539],[-50.7333,-8.9616],[-50.6793,-8.927],[-50.5991,-8.928],[-50.52,-8.973],[-50.334,-8.9671],[-50.2553,-8.9216],[-50.143,-8.9796],[-50.0784,-8.9917],[-49.9589,-9.1092],[-49.8626,-9.0815],[-49.8426,-9.0273],[-49.6844,-8.8565],[-49.5924,-8.8395],[-49.4818,-8.6737],[-49.5396,-8.7035],[-49.5841,-8.7879],[-49.7025,-8.7609],[-49.7587,-8.6741],[-49.7775,-8.5731],[-49.7019,-8.5027],[-49.6593,-8.5005],[-49.6591,-8.286],[-49.7154,-8.2937],[-49.7598,-8.3427],[-49.8268,-8.3318]]]},"properties":{"CD_MUN":"1506583","NM_MUN":"Santa Maria das Barreiras","SIGLA_UF":"PA"}},
{"type":"Feature","geometry":{"type":"Polygon","coordinates":[[[-47.4275,-1.37],[-47.4289,-1.3006],[-47.496,-1.2369],[-47.6013,-1.3232],[-47.6384,-1.3747],[-47.6384,-1.3748],[-47.6531,-1.4311],[-47.4186,-1.4954],[-47.4275,-1.37]]]},"properties":{"CD_MUN":"1506609","NM_MUN":"Santa Maria do Pará","SIGLA_UF":"PA"}},
{"type":"Feature","geometry":{"type":"Polygon","coordinates":[[[-51.2854,-9.6989],[-51.3043,-9.7729],[-50.846,-9.8006],[-50.2248,-9.8412],[-50.15,-9.6928],[-50.1378,-9.6248],[-50.0896,-9.5457],[-50.1053,-9.4754],[-50.0528,-9.3727],[-50.0378,-9.2894],[-49.9054,-9.1697],[-49.8626,-9.0815],[-49.9589,-9.1092],[-50.0784,-8.9917],[-50.143,-8.9796],[-50.2553,-8.9216],[-50.334,-8.9671],[-50.52,-8.973],[-50.5991,-8.928],[-50.6793,-8.927],[-50.7333,-8.9616],[-50.8764,-8.9539],[-50.902,-8.8059],[-50.8865,-8.7588],[-50.9728,-8.7151],[-51.0271,-8.7316],[-51.0363,-8.8537],[-51.0753,-8.902],[-51.0555,-8.9806],[-51.1011,-9.0416],[-51.1233,-9.127],[-51.0556,-9.1886],[-51.0777,-9.3344],[-51.0592,-9.3661],[-51.0876,-9.4837],[-51.14,-9.5595],[-51.1862,-9.524],[-51.2575,-9.5757],[-51.2854,-9.6989]]]},"properties":{"CD_MUN":"1506708","NM_MUN":"Santana do Araguaia","SIGLA_UF":"PA"}},
{"type":"Feature","geometry":{"type":"Polygon","coordinates":[[[-55.0949,-2.1669],[-55.0699,-2.2328],[-55.128,-2.2632],[-55.1977,-2.2268],[-55.2839,-2.2159],[-55.3708,-2.1376],[-55.4689,-2.1317],[-55.5766,-2.1703],[-55.6216,-2.1583],[-55.6923,-2.2623],[-55.774,-2.2976],[-56.0013,-2.6835],[-56.3446,-3.2648],[-55.3751,-3.2363],[-55.2339,-3.2419],[-55.1616,-2.9787],[-55.1023,-2.8203],[-55.0584,-2.5493],[-54.9583,-2.5707],[-54.8301,-2.5706],[-54.8324,-2.6611],[-54.7389,-2.65],[-54.7181,-2.5936],[-54.625,-2.6208],[-54.4819,-2.7785],[-54.3667,-2.7875],[-54.3304,-2.8743],[-54.25,-2.9522],[-54.2603,-2.9992],[-54.225,-3.075],[-54.2474,-3.1432],[-54.2489,-3.2665],[-54.2079,-3.2091],[-54.1099,-3.1704],[-54.0507,-3.0825],[-54.046,-2.9988],[-54.0888,-2.961],[-54.103,-2.8865],[-54.1116,-2.7546],[-54.2546,-2.5785],[-54.2263,-2.4818],[-54.2659,-2.4154],[-54.3282,-2.3995],[-54.5123,-2.1094],[-54.6161,-2.0781],[-54.7388,-2.0715],[-54.8429,-2.1416],[-54.9395,-2.1323],[-54.9888,-2.1616],[-55.0949,-2.1669]]]},"properties":{"CD_MUN":"1506807","NM_MUN":"Santarém","SIGLA_UF":"PA"}},
{"type":"Feature","geometry":{"type":"Polygon","coordinates":[[[-47.4029,-0.9772],[-47.2944,-0.969],[-47.2247,-0.9638],[-47.2428,-0.9188],[-47.2941,-0.8429],[-47.3811,-0.8365],[-47.425,-0.8997],[-47.4129,-0.9766],[-47.4029,-0.9772]]]},"properties":{"CD_MUN":"1506906","NM_MUN":"Santarém Novo","SIGLA_UF":"PA"}},
{"type":"Feature","geometry":{"type":"Polygon","coordinates":[[[-48.3018,-1.1064],[-48.2417,-1.0891],[-48.2166,-1.1445],[-48.1375,-1.1999],[-48.036,-1.2084],[-48.0215,-1.1338],[-48.1115,-1.0154],[-48.2138,-1.0068],[-48.3072,-1.0191],[-48.4393,-0.9825],[-48.4695,-1.0194],[-48.3238,-1.0597],[-48.3018,-1.1064]]]},"properties":{"CD_MUN":"1507003","NM_MUN":"Santo Antônio do Tauá","SIGLA_UF":"PA"}},
{"type":"Feature","geometry":{"type":"Polygon","coordinates":[[[-47.977,-0.6862],[-48.0514,-0.6595],[-48.1416,-0.7542],[-48.0609,-0.799],[-48.0721,-1.065],[-47.9431,-1.0388],[-47.9195,-0.9731],[-47.9885,-0.9448],[-48.0197,-0.8616],[-48.0215,-0.7796],[-47.9519,-0.7768],[-47.977,-0.6862]]]},"properties":{"CD_MUN":"1507102","NM_MUN":"São Caetano de Odivelas","SIGLA_UF":"PA"}},
{"type":"Feature","geometry":{"type":"Polygon","coordinates":[[[-48.4617,-5.6009],[-48.5797,-5.5374],[-48.6577,-5.5357],[-48.7283,-5.4928],[-48.8528,-5.4804],[-48.9447,-5.5529],[-48.9335,-5.6538],[-48.8904,-5.6888],[-48.8168,-5.8062],[-48.7312,-5.8601],[-48.6233,-5.8875],[-48.5865,-5.7004],[-48.4617,-5.6009]]]},"properties":{"CD_MUN":"1507151","NM_MUN":"São Domingos do Araguaia","SIGLA_UF":"PA"}},
{"type":"Feature","geometry":{"type":"Polygon","coordinates":[[[-47.587,-2.0003],[-47.6149,-1.9234],[-47.5894,-1.8775],[-47.5615,-1.7826],[-47.6203,-1.6319],[-47.7741,-1.6718],[-47.8577,-1.6293],[-47.8894,-1.7697],[-47.8787,-1.8423],[-47.9076,-1.9666],[-47.9886,-2.0966],[-47.9671,-2.2218],[-47.8497,-2.1721],[-47.7941,-2.0392],[-47.7463,-2.0009],[-47.587,-2.0003]]]},"properties":{"CD_MUN":"1507201","NM_MUN":"São Domingos do Capim","SIGLA_UF":"PA"}},
{"type":"Feature","geometry":{"type":"Polygon","coordinates":[[[-53.1334,-9.6452],[-52.3596,-9.7004],[-51.7243,-9.7446],[-51.3043,-9.7729],[-51.2854,-9.6989],[-51.3177,-9.6775],[-51.3229,-9.5924],[-51.4356,-9.4704],[-51.4888,-9.3812],[-51.4638,-9.3405],[-51.5133,-9.1998],[-51.5949,-9.0887],[-51.696,-9.0321],[-51.7356,-8.9838],[-51.742,-8.8873],[-51.8584,-8.9059],[-51.9222,-8.8528],[-51.9166,-8.8115],[-51.7795,-8.7252],[-51.7712,-8.6065],[-51.8057,-8.5447],[-51.7644,-8.4317],[-51.7817,-8.3797],[-51.8558,-8.4263],[-51.9379,-8.4408],[-52.0251,-8.4066],[-52.0327,-8.3373],[-52.0779,-8.3136],[-52.0724,-8.2151],[-52.1188,-8.1798],[-52.1637,-8.0335],[-52.1665,-7.883],[-52.1456,-7.8136],[-52.0382,-7.7291],[-51.9623,-7.7709],[-51.8825,-7.7021],[-51.8671,-7.5303],[-51.7654,-7.3704],[-51.7495,-7.2738],[-51.6613,-7.1907],[-51.6573,-7.0865],[-51.6839,-7.0226],[-51.7248,-6.9692],[-51.6936,-6.9321],[-51.6942,-6.8518],[-51.5873,-6.748],[-51.5886,-6.7071],[-51.5061,-6.6463],[-51.3115,-6.5741],[-51.2369,-6.6208],[-51.1253,-6.6238],[-51.146,-6.5147],[-51.1835,-6.4672],[-51.1422,-6.4229],[-51.1523,-6.3502],[-51.199,-6.2868],[-51.1488,-6.2167],[-51.2457,-6.1724],[-51.2809,-6.1027],[-51.3933,-6.0162],[-51.3574,-5.9669],[-51.2637,-5.995],[-51.1776,-5.9658],[-51.1261,-5.9188],[-51.0864,-5.781],[-50.9462,-5.8037],[-50.8782,-5.6325],[-50.9528,-5.6143],[-50.9474,-5.5258],[-50.8743,-5.4915],[-50.8636,-5.4225],[-50.7869,-5.3997],[-50.7918,-5.315],[-50.7671,-5.2238],[-50.7202,-5.1747],[-50.8132,-5.1522],[-50.9302,-5.1506],[-51.4478,-5.1502],[-52.0511,-5.1514],[-52.0685,-5.243],[-52.1483,-5.3161],[-52.284,-5.2576],[-52.2953,-5.1944],[-52.3748,-5.2046],[-52.4501,-5.185],[-52.5273,-5.2299],[-52.6122,-5.2431],[-52.658,-5.2978],[-52.6442,-5.3966],[-52.6919,-5.5163],[-52.6902,-5.6537],[-52.7715,-5.7223],[-52.8322,-5.6899],[-52.9394,-5.744],[-52.9759,-5.8451],[-53.0591,-5.8861],[-53.1094,-5.872],[-53.1491,-5.9378],[-53.2183,-5.9428],[-53.271,-6.0198],[-53.369,-6.058],[-53.3712,-6.1177],[-53.3069,-6.1657],[-53.2602,-6.2893],[-53.2265,-6.295],[-53.1912,-6.4006],[-53.2146,-6.4695],[-53.2967,-6.4583],[-53.3739,-6.594],[-53.4419,-6.5616],[-53.4685,-6.6347],[-53.3949,-6.7176],[-53.2473,-6.7869],[-53.248,-6.8315],[-53.3116,-6.9161],[-53.2788,-6.9656],[-53.3174,-7.0275],[-53.2537,-7.1146],[-53.3154,-7.203],[-53.2349,-7.2985],[-53.1201,-7.3955],[-53.0924,-7.4776],[-53.1384,-7.5465],[-53.1001,-7.6821],[-53.0581,-7.6878],[-53.0347,-7.776],[-53.0376,-7.9305],[-52.9562,-8.0711],[-52.9253,-8.1626],[-52.9907,-8.3075],[-52.9412,-8.3467],[-52.9552,-8.4413],[-52.8883,-8.5833],[-52.9436,-8.6874],[-53.0063,-8.7048],[-53.0352,-8.7518],[-52.9926,-8.8508],[-53.0552,-8.954],[-53.0382,-9.0422],[-53.0848,-9.1161],[-52.9722,-9.2103],[-52.9226,-9.3804],[-52.9951,-9.4753],[-53.1125,-9.5524],[-53.1334,-9.6452]]]},"properties":{"CD_MUN":"1507300","NM_MUN":"São Félix do Xingu","SIGLA_UF":"PA"}},
{"type":"Feature","geometry":{"type":"Polygon","coordinates":[[[-47.6384,-1.3748],[-47.6384,-1.3747],[-47.6549,-1.2405],[-47.7066,-1.0573],[-47.778,-1.0607],[-47.8112,-1.0657],[-47.8383,-1.1305],[-47.8081,-1.2079],[-47.8455,-1.2866],[-47.6384,-1.3748]]]},"properties":{"CD_MUN":"1507409","NM_MUN":"São Francisco do Pará","SIGLA_UF":"PA"}},
{"type":"Feature","geometry":{"type":"Polygon","coordinates":[[[-48.6233,-5.8875],[-48.7312,-5.8601],[-48.8522,-5.9651],[-49.1991,-6.2642],[-49.1619,-6.2668],[-49.0552,-6.3496],[-49.0509,-6.3768],[-48.9408,-6.4062],[-48.96,-6.3125],[-48.8844,-6.3111],[-48.8562,-6.3506],[-48.7499,-6.3785],[-48.6261,-6.4785],[-48.5002,-6.3509],[-48.4171,-6.2986],[-48.4361,-6.2014],[-48.3913,-6.1467],[-48.4831,-6.0939],[-48.5306,-6.0345],[-48.5842,-5.9922],[-48.6609,-5.9838],[-48.6233,-5.8875]]]},"properties":{"CD_MUN":"1507458","NM_MUN":"São Geraldo do Araguaia","SIGLA_UF":"PA"}},
{"type":"Feature","geometry":{"type":"Polygon","coordinates":[[[-47.9519,-0.7768],[-48.0215,-0.7796],[-48.0197,-0.8616],[-47.9885,-0.9448],[-47.9195,-0.9731],[-47.901,-0.9315],[-47.9325,-0.9033],[-47.9243,-0.8284],[-47.9519,-0.7768]]]},"properties":{"CD_MUN":"1507466","NM_MUN":"São João da Ponta","SIGLA_UF":"PA"}},
{"type":"Feature","geometry":{"type":"Polygon","coordinates":[[[-47.3811,-0.8365],[-47.2941,-0.8429],[-47.2428,-0.9188],[-47.1338,-0.8999],[-47.0839,-0.832],[-47.0637,-0.7946],[-47.2182,-0.6327],[-47.2619,-0.6478],[-47.3494,-0.7093],[-47.3773,-0.8226],[-47.3811,-0.8365]]]},"properties":{"CD_MUN":"1507474","NM_MUN":"São João de Pirabas","SIGLA_UF":"PA"}},
{"type":"Feature","geometry":{"type":"Polygon","coordinates":[[[-48.9926,-5.2833],[-49.0153,-5.4601],[-48.9447,-5.5529],[-48.8528,-5.4804],[-48.7283,-5.4928],[-48.6577,-5.5357],[-48.5797,-5.5374],[-48.4617,-5.6009],[-48.3281,-5.4966],[-48.3935,-5.3942],[-48.5139,-5.4298],[-48.5967,-5.4225],[-48.7552,-5.3492],[-48.8632,-5.3413],[-48.9926,-5.2833]]]},"properties":{"CD_MUN":"1507508","NM_MUN":"São João do Araguaia","SIGLA_UF":"PA"}},
{"type":"Feature","geometry":{"type":"Polygon","coordinates":[[[-47.4186,-1.4954],[-47.6531,-1.4311],[-47.667,-1.4701],[-47.76,-1.4526],[-47.9441,-1.5786],[-47.8577,-1.6293],[-47.7741,-1.6718],[-47.6203,-1.6319],[-47.5513,-1.5986],[-47.5098,-1.6302],[-47.4258,-1.6344],[-47.3281,-1.6059],[-47.3245,-1.5643],[-47.3083,-1.4759],[-47.3626,-1.4632],[-47.4186,-1.4954]]]},"properties":{"CD_MUN":"1507607","NM_MUN":"São Miguel do Guamá","SIGLA_UF":"PA"}},
{"type":"Feature","geometry":{"type":"Polygon","coordinates":[[[-49.9321,-1.0956],[-49.9882,-1.1799],[-49.9751,-1.3006],[-49.8496,-1.3408],[-49.82,-1.3181],[-49.7239,-1.3707],[-49.7077,-1.4329],[-49.7106,-1.6017],[-49.6327,-1.6768],[-49.6078,-1.7604],[-49.5397,-1.7801],[-49.4159,-1.7189],[-49.4964,-1.6178],[-49.5198,-1.4557],[-49.5444,-1.3797],[-49.6006,-1.3682],[-49.5266,-1.188],[-49.6001,-1.2672],[-49.7637,-1.2618],[-49.8189,-1.2341],[-49.9321,-1.0956]]]},"properties":{"CD_MUN":"1507706","NM_MUN":"São Sebastião da Boa Vista","SIGLA_UF":"PA"}},
{"type":"Feature","geometry":{"type":"Polygon","coordinates":[[[-49.733,-6.7175],[-49.7344,-7.0163],[-49.4169,-6.9909],[-49.4448,-6.9271],[-49.3893,-6.8107],[-49.3407,-6.8288],[-49.3377,-6.7299],[-49.418,-6.699],[-49.5429,-6.7273],[-49.5852,-6.6587],[-49.6378,-6.637],[-49.7298,-6.7147],[-49.733,-6.7175]]]},"properties":{"CD_MUN":"1507755","NM_MUN":"Sapucaia","SIGLA_UF":"PA"}},
{"type":"Feature","geometry":{"type":"MultiPolygon","coordinates":[[[[-52.0511,-5.1514],[-51.4478,-5.1502],[-51.4126,-5.0755],[-51.4661,-4.9735],[-51.4208,-4.9134],[-51.312,-4.716],[-51.3163,-4.6665],[-51.3845,-4.5492],[-51.3224,-4.4116],[-51.3775,-4.2476],[-51.3705,-4.1955],[-51.4178,-4.081],[-51.3842,-4.0292],[-51.4352,-3.884],[-51.5007,-3.8612],[-51.5952,-3.7798],[-51.5482,-3.6982],[-51.5852,-3.5863],[-51.6597,-3.5716],[-51.714,-3.5048],[-51.802,-3.5045],[-51.8592,-3.5531],[-51.9581,-3.477],[-52.0362,-3.4975],[-52.1108,-3.5596],[-52.1681,-3.564],[-52.2238,-3.7001],[-52.3026,-3.7505],[-52.2768,-4.032],[-52.0672,-4.0747],[-52.0101,-4.1772],[-51.9288,-4.2125],[-51.8401,-4.2151],[-51.801,-4.3361],[-51.7048,-4.3284],[-51.6623,-4.4088],[-51.7728,-4.4739],[-51.8637,-4.4285],[-51.9573,-4.5779],[-52.08,-4.6778],[-52.0941,-4.8269],[-52.0429,-5.016],[-52.0728,-5.0966],[-52.0511,-5.1514]]],[[[-51.7483,-2.8455],[-51.8201,-2.6976],[-51.8545,-2.5525],[-51.9197,-2.4932],[-51.9574,-2.5221],[-52.0024,-2.6306],[-52.0549,-2.6862],[-52.0439,-2.7925],[-51.9934,-2.8665],[-51.9446,-2.8804],[-51.8499,-3.0187],[-51.8276,-3.082],[-51.7514,-3.1076],[-51.6786,-3.0106],[-51.6273,-3.001],[-51.7483,-2.8455]]]]},"properties":{"CD_MUN":"1507805","NM_MUN":"Senador José Porfírio","SIGLA_UF":"PA"}},
{"type":"Feature","geometry":{"type":"Polygon","coordinates":[[[-48.962,-0.6515],[-48.6929,-0.6576],[-48.5725,-0.6805],[-48.5061,-0.7509],[-48.4706,-0.6141],[-48.4737,-0.5267],[-48.4411,-0.4122],[-48.3746,-0.3031],[-48.4288,-0.2272],[-48.5037,-0.2425],[-48.6385,-0.2323],[-48.7437,-0.2499],[-48.8101,-0.2148],[-48.9179,-0.2296],[-48.9228,-0.2914],[-49.0066,-0.4453],[-48.962,-0.6515]]]},"properties":{"CD_MUN":"1507904","NM_MUN":"Soure","SIGLA_UF":"PA"}},
{"type":"Feature","geometry":{"type":"Polygon","coordinates":[[[-48.8282,-2.6015],[-48.835,-2.6386],[-48.9397,-2.7302],[-49.0322,-2.8577],[-49.0372,-2.9099],[-48.9915,-2.9843],[-48.9905,-3.0633],[-48.9119,-3.1513],[-48.967,-3.2169],[-48.9259,-3.407],[-48.8195,-3.3801],[-48.69,-3.2932],[-48.6329,-3.2296],[-48.5306,-3.1957],[-48.4939,-3.0977],[-48.5573,-2.9623],[-48.4549,-2.6886],[-48.4633,-2.6013],[-48.4954,-2.559],[-48.5674,-2.4832],[-48.6284,-2.4513],[-48.6941,-2.4677],[-48.7548,-2.4308],[-48.8246,-2.5356],[-48.8282,-2.6015]]]},"properties":{"CD_MUN":"1507953","NM_MUN":"Tailândia","SIGLA_UF":"PA"}},
{"type":"Feature","geometry":{"type":"Polygon","coordinates":[[[-47.8112,-1.0657],[-47.778,-1.0607],[-47.7687,-0.9726],[-47.8148,-0.922],[-47.901,-0.9315],[-47.9195,-0.9731],[-47.9431,-1.0388],[-47.8112,-1.0657]]]},"properties":{"CD_MUN":"1507961","NM_MUN":"Terra Alta","SIGLA_UF":"PA"}},
{"type":"Feature","geometry":{"type":"Polygon","coordinates":[[[-56.5856,-2.1765],[-56.5271,-2.1392],[-56.4139,-2.1759],[-56.2284,-2.0562],[-56.0987,-2.0269],[-56.0892,-1.9783],[-56.122,-1.9303],[-56.1766,-1.9636],[-56.2347,-1.8998],[-56.3447,-1.9107],[-56.3755,-1.8661],[-56.5508,-1.7657],[-56.561,-1.6774],[-56.6984,-1.6314],[-56.749,-1.6519],[-56.727,-1.7272],[-56.6736,-1.758],[-56.6595,-1.8452],[-56.5983,-1.8767],[-56.5994,-1.9537],[-56.6445,-2.0406],[-56.6194,-2.0701],[-56.6248,-2.1661],[-56.5856,-2.1765]]]},"properties":{"CD_MUN":"1507979","NM_MUN":"Terra Santa","SIGLA_UF":"PA"}},
{"type":"Feature","geometry":{"type":"Polygon","coordinates":[[[-48.4954,-2.559],[-48.4633,-2.6013],[-48.4549,-2.6886],[-48.5573,-2.9623],[-48.4939,-3.0977],[-48.5306,-3.1957],[-48.4484,-3.2376],[-48.3324,-3.1975],[-48.3053,-3.1008],[-48.2481,-3.0733],[-48.1798,-2.9489],[-48.091,-2.8999],[-48.0737,-2.7751],[-48.0391,-2.7114],[-48.0474,-2.6483],[-47.932,-2.5431],[-47.952,-2.5171],[-48.0468,-2.4734],[-48.0553,-2.36],[-47.9671,-2.2218],[-47.9886,-2.0966],[-48.0538,-2.0845],[-48.1639,-2.1266],[-48.257,-2.2102],[-48.3298,-2.1777],[-48.379,-2.2607],[-48.4415,-2.2952],[-48.4585,-2.3902],[-48.4982,-2.4532],[-48.4954,-2.559]]]},"properties":{"CD_MUN":"1508001","NM_MUN":"Tomé-Açu","SIGLA_UF":"PA"}},
{"type":"Feature","geometry":{"type":"Polygon","coordinates":[[[-47.1876,-1.3939],[-47.1531,-1.3652],[-47.1341,-1.3129],[-46.9974,-1.3085],[-46.8571,-1.0899],[-46.8355,-0.9347],[-46.796,-0.8705],[-46.8837,-0.8076],[-46.9426,-0.8593],[-47.0056,-0.9191],[-47.002,-1.0116],[-46.9785,-1.1042],[-47.0539,-1.1568],[-47.0576,-1.196],[-47.1874,-1.3894],[-47.1876,-1.3939]]]},"properties":{"CD_MUN":"1508035","NM_MUN":"Tracuateua","SIGLA_UF":"PA"}},
{"type":"Feature","geometry":{"type":"Polygon","coordinates":[[[-55.4828,-4.7357],[-55.5281,-4.6956],[-55.7106,-4.6732],[-55.7594,-4.6294],[-55.8818,-4.5954],[-55.9739,-4.5366],[-56.0915,-4.6206],[-56.0242,-4.7863],[-56.1618,-4.8301],[-56.1822,-4.7107],[-56.1739,-4.6033],[-56.2609,-4.5671],[-56.2845,-4.6056],[-56.3878,-4.6787],[-56.44,-4.7619],[-56.4517,-4.9021],[-56.4912,-4.9724],[-56.4441,-5.0413],[-56.4842,-5.1209],[-56.5409,-5.1487],[-56.5601,-5.2041],[-56.619,-5.2211],[-56.664,-5.2895],[-56.6034,-5.3801],[-56.613,-5.4648],[-56.5949,-5.5448],[-56.4493,-5.6441],[-56.3682,-5.5857],[-56.2883,-5.6122],[-56.1206,-5.6193],[-56.0571,-5.6518],[-55.9377,-5.586],[-55.9426,-5.4753],[-55.974,-5.3945],[-55.9307,-5.368],[-55.8609,-5.4046],[-55.8223,-5.4612],[-55.7495,-5.4886],[-55.7041,-5.5824],[-55.596,-5.5141],[-55.2799,-5.5156],[-55.3487,-5.383],[-55.4162,-5.4198],[-55.4749,-5.3829],[-55.5035,-5.2977],[-55.5823,-5.2967],[-55.6239,-5.2523],[-55.5935,-5.1962],[-55.4502,-5.1779],[-55.3573,-5.0536],[-55.4283,-4.9332],[-55.446,-4.8418],[-55.5291,-4.7971],[-55.4828,-4.7357]]]},"properties":{"CD_MUN":"1508050","NM_MUN":"Trairão","SIGLA_UF":"PA"}},
{"type":"Feature","geometry":{"type":"Polygon","coordinates":[[[-51.1253,-6.6238],[-51.2369,-6.6208],[-51.3115,-6.5741],[-51.5061,-6.6463],[-51.5886,-6.7071],[-51.5873,-6.748],[-51.6942,-6.8518],[-51.6936,-6.9321],[-51.7248,-6.9692],[-51.6839,-7.0226],[-51.4471,-7.0073],[-51.3879,-7.0479],[-51.3335,-7.0441],[-51.2655,-6.9721],[-51.2067,-6.9617],[-51.1026,-6.8783],[-51.1034,-6.7363],[-51.0753,-6.6792],[-51.1253,-6.6238]]]},"properties":{"CD_MUN":"1508084","NM_MUN":"Tucumã","SIGLA_UF":"PA"}},
{"type":"Feature","geometry":{"type":"Polygon","coordinates":[[[-49.9655,-3.661],[-49.998,-3.7138],[-49.958,-3.7877],[-50.0178,-3.905],[-50.1211,-3.9848],[-50.1085,-4.078],[-49.9825,-4.0531],[-49.9311,-4.0718],[-49.8483,-3.9678],[-49.8064,-4.0712],[-49.6069,-4.0729],[-49.6149,-3.8731],[-49.6414,-3.8349],[-49.6604,-3.6848],[-49.5976,-3.5131],[-49.6621,-3.5359],[-49.6745,-3.5857],[-49.7418,-3.5927],[-49.8725,-3.665],[-49.9655,-3.661]]]},"properties":{"CD_MUN":"1508100","NM_MUN":"Tucuruí","SIGLA_UF":"PA"}},
{"type":"Feature","geometry":{"type":"Polygon","coordinates":[[[-47.3472,-4.1087],[-47.2405,-4.0004],[-47.1952,-3.9856],[-47.0852,-3.8566],[-47.0392,-3.6728],[-47.0383,-3.5643],[-47.0939,-3.6219],[-47.1469,-3.6195],[-47.2236,-3.5224],[-47.2079,-3.4489],[-47.3526,-3.4729],[-47.4936,-3.5444],[-47.6599,-3.5839],[-47.7368,-3.6992],[-47.8252,-3.6833],[-47.8824,-3.7318],[-47.9587,-3.7343],[-48.0324,-3.8222],[-47.9774,-3.919],[-47.8523,-4.0467],[-47.7831,-4.0602],[-47.7212,-4.0292],[-47.6794,-4.0686],[-47.5691,-4.0929],[-47.4638,-4.1556],[-47.3472,-4.1087]]]},"properties":{"CD_MUN":"1508126","NM_MUN":"Ulianópolis","SIGLA_UF":"PA"}},
{"type":"Feature","geometry":{"type":"Polygon","coordinates":[[[-53.179,-3.6737],[-53.1566,-3.665],[-53.224,-3.5965],[-53.264,-3.4961],[-53.4987,-3.5159],[-53.5089,-3.2784],[-53.5863,-3.1746],[-53.6648,-3.0418],[-53.7149,-3.0157],[-53.7945,-3.0204],[-53.834,-2.9709],[-53.8554,-2.8875],[-54.103,-2.8865],[-54.0888,-2.961],[-54.046,-2.9988],[-54.0507,-3.0825],[-54.1099,-3.1704],[-54.2079,-3.2091],[-54.2489,-3.2665],[-54.2558,-3.3553],[-54.286,-3.4024],[-54.258,-3.449],[-54.2693,-3.5678],[-54.224,-3.6433],[-54.2544,-3.6929],[-54.1101,-3.8256],[-54.1102,-3.974],[-54.1374,-4.0321],[-54.0858,-4.0993],[-54.1001,-4.2319],[-54.0238,-4.2669],[-53.9024,-4.1829],[-53.7578,-4.1186],[-53.5711,-4.0832],[-53.5063,-4.0555],[-53.5191,-3.9653],[-53.4364,-3.9764],[-53.4082,-3.9013],[-53.2364,-3.7898],[-53.2456,-3.7356],[-53.179,-3.6737]]]},"properties":{"CD_MUN":"1508159","NM_MUN":"Uruará","SIGLA_UF":"PA"}},
{"type":"Feature","geometry":{"type":"Polygon","coordinates":[[[-47.9431,-1.0388],[-48.0721,-1.065],[-48.0609,-0.799],[-48.1416,-0.7542],[-48.1716,-0.8164],[-48.1486,-0.8378],[-48.1756,-0.9499],[-48.2138,-1.0068],[-48.1115,-1.0154],[-48.0215,-1.1338],[-47.9431,-1.0388]]]},"properties":{"CD_MUN":"1508209","NM_MUN":"Vigia","SIGLA_UF":"PA"}},
{"type":"Feature","geometry":{"type":"Polygon","coordinates":[[[-46.5485,-1.3354],[-46.8183,-1.5476],[-46.7954,-1.5913],[-46.7931,-1.7163],[-46.8472,-1.7157],[-46.8329,-1.8649],[-46.8444,-1.8998],[-46.6055,-2.2231],[-46.5812,-1.9439],[-46.6091,-1.9165],[-46.6353,-1.7719],[-46.5322,-1.615],[-46.4462,-1.7028],[-46.3152,-1.7416],[-46.1553,-1.6754],[-46.1336,-1.5818],[-46.1761,-1.4774],[-46.1146,-1.3519],[-46.1616,-1.2819],[-46.0982,-1.1961],[-46.0634,-1.1062],[-46.0946,-1.0206],[-46.1413,-1.0582],[-46.2154,-1.0263],[-46.1757,-0.9428],[-46.2007,-0.8869],[-46.2648,-0.9134],[-46.2877,-0.9994],[-46.3374,-1.0215],[-46.3432,-1.1032],[-46.385,-1.2122],[-46.5485,-1.3354]]]},"properties":{"CD_MUN":"1508308","NM_MUN":"Viseu","SIGLA_UF":"PA"}},
{"type":"Feature","geometry":{"type":"Polygon","coordinates":[[[-51.9581,-3.477],[-51.8592,-3.5531],[-51.802,-3.5045],[-51.7241,-3.4872],[-51.7506,-3.4248],[-51.7341,-3.3203],[-51.702,-3.2492],[-51.632,-3.2529],[-51.6088,-3.1522],[-51.7514,-3.1076],[-51.8276,-3.082],[-51.8499,-3.0187],[-51.9446,-2.8804],[-51.9934,-2.8665],[-52.0439,-2.7925],[-52.2341,-2.81],[-52.2765,-2.8302],[-52.3237,-2.9063],[-52.3175,-2.9723],[-52.3593,-3.0755],[-52.2594,-2.9897],[-52.2201,-3.0659],[-52.1629,-3.1166],[-52.1159,-3.2201],[-52.0587,-3.2666],[-51.9512,-3.4138],[-51.9581,-3.477]]]},"properties":{"CD_MUN":"1508357","NM_MUN":"Vitória do Xingu","SIGLA_UF":"PA"}},
{"type":"Feature","geometry":{"type":"Polygon","coordinates":[[[-50.3764,-7.2528],[-49.988,-7.1846],[-49.1935,-7.0407],[-49.2095,-6.9254],[-49.0834,-6.8433],[-49.1247,-6.8219],[-49.4113,-6.4453],[-49.6378,-6.637],[-49.5852,-6.6587],[-49.5429,-6.7273],[-49.418,-6.699],[-49.3377,-6.7299],[-49.3407,-6.8288],[-49.3893,-6.8107],[-49.4448,-6.9271],[-49.4169,-6.9909],[-49.7344,-7.0163],[-49.733,-6.7175],[-50.3764,-7.2528]]]},"properties":{"CD_MUN":"1508407","NM_MUN":"Xinguara","SIGLA_UF":"PA"}}
]}