municipality_code,municipality,year,female_population_2022,all_female_records,violencia_domestica_lesao,lesao_corporal,violencia_sexual,estupro,estupro_vulneravel,homicidio_mulher,feminicidio,tentativa_feminicidio,selected_vaw_records,rate_all_female_records_per_100k_women,rate_violencia_domestica_lesao_per_100k_women,rate_lesao_corporal_per_100k_women,rate_violencia_sexual_per_100k_women,rate_estupro_per_100k_women,rate_estupro_vulneravel_per_100k_women,rate_homicidio_mulher_per_100k_women,rate_feminicidio_per_100k_women,rate_tentativa_feminicidio_per_100k_women,rate_selected_vaw_records_per_100k_women
1500107,Abaetetuba,2022,78891,1195,168,276,77,11,66,3,0,0,245,1514.7481968792383,212.95204776210215,349.84979275202494,97.60302189096348,13.943288841566213,83.65973304939727,3.8027151386089666,0.0,0.0,310.55506965306563
1500131,Abel Figueiredo,2022,3023,50,14,22,6,1,5,1,1,0,21,1653.9861065167051,463.11610982467744,727.7538868673503,198.47833278200463,33.079722130334105,165.39861065167054,33.079722130334105,33.079722130334105,0.0,694.6741647370162
1500206,Acará,2022,28472,243,63,84,29,8,21,1,0,0,92,853.4700758640066,221.2700196684462,295.02669289126163,101.85445349817364,28.097780275358247,73.75667322281541,3.512222534419781,0.0,0.0,323.12447316661985
1500305,Afuá,2022,18057,161,25,39,14,2,12,0,0,0,39,891.6209780140665,138.4504624245445,215.98272138228944,77.53225895774492,11.076036993963559,66.45622196378136,0.0,0.0,0.0,215.98272138228944
1500347,Água Azul do Norte,2022,8384,50,9,15,10,3,7,0,0,0,19,596.3740458015268,107.34732824427482,178.91221374045801,119.27480916030535,35.782442748091604,83.49236641221374,0.0,0.0,0.0,226.62213740458014
1500404,Alenquer,2022,33688,276,24,35,18,3,15,0,0,0,42,819.2828306815484,71.24198527665638,103.89456186179055,53.431488957492284,8.905248159582047,44.52624079791023,0.0,0.0,0.0,124.67347423414867
1500503,Almeirim,2022,16633,214,45,66,15,4,11,1,1,0,61,1286.5989298382733,270.5465039379547,396.80153910900015,90.18216797931822,24.048578127818192,66.13358985150003,6.012144531954548,6.012144531954548,0.0,366.74081644922745
1500602,Altamira,2022,63337,992,190,260,72,15,57,13,1,0,263,1566.2251132829153,299.9826325844293,410.502549852377,113.677629189889,23.68283941456021,89.9947897753288,20.52512749261885,1.5788559609706805,0.0,415.239117735289
1500701,Anajás,2022,13503,131,16,42,18,6,12,3,1,0,35,970.1547804191661,118.49218692142487,311.04199066874025,133.30371028660298,44.434570095534326,88.86914019106865,22.217285047767163,7.405761682589055,0.0,259.2016588906169
1500800,Ananindeua,2022,251474,6903,643,906,201,50,151,4,1,0,845,2745.015389264894,255.69243738915358,360.2758138018245,79.92874014808689,19.88277118111614,60.04596896697074,1.590621694489291,0.39765542362232276,0.0,336.0188329608627
1500859,Anapu,2022,15245,199,43,57,28,8,20,3,1,0,72,1305.3460150869137,282.0596917021974,373.8930796982617,183.66677599212855,52.47622171203674,131.19055428009182,19.678583142013775,6.5595277140045924,0.0,472.28599540833056
1500909,Augusto Corrêa,2022,21776,225,26,34,12,0,12,0,0,0,38,1033.2476120499632,119.39750183688464,156.1351947097722,55.106539309331374,0.0,55.106539309331374,0.0,0.0,0.0,174.50404114621603
1500958,Aurora do Pará,2022,11695,101,19,32,15,1,14,2,0,0,34,863.6169303120993,162.46259085079092,273.62120564343735,128.25994014536127,8.550662676357417,119.70927746900385,17.101325352714834,0.0,0.0,290.7225309961522
1501006,Aveiro,2022,8704,30,5,7,7,1,6,0,0,0,12,344.66911764705884,57.44485294117647,80.42279411764706,80.42279411764706,11.488970588235293,68.93382352941177,0.0,0.0,0.0,137.86764705882354
1501105,Bagre,2022,15639,127,19,25,11,0,11,0,0,0,30,812.0723831447024,121.4911439350342,159.85676833557133,70.33697806765137,0.0,70.33697806765137,0.0,0.0,0.0,191.82812200268557
1501204,Baião,2022,25724,274,50,71,19,0,19,0,0,0,69,1065.1531643601306,194.37101539418444,276.0068418597419,73.86098584979008,0.0,73.86098584979008,0.0,0.0,0.0,268.23200124397454
1501253,Bannach,2022,1867,3,2,3,0,0,0,0,0,0,2,160.68559185859667,107.12372790573112,160.68559185859667,0.0,0.0,0.0,0.0,0.0,0.0,107.12372790573112
1501303,Barcarena,2022,63256,1205,179,221,79,14,65,2,1,0,259,1904.9576324775514,282.9771088908562,349.3739724294928,124.88933856076895,22.13228784621222,102.75705071455673,3.161755406601745,1.5808777033008725,0.0,409.44732515492603
1501402,Belém,2022,692626,22588,1875,2787,548,123,425,38,4,0,2427,3261.2116784527293,270.70886741184995,402.38166052097375,79.11917831557003,17.75850170221736,61.36067661335266,5.486366379546825,0.5775122504786132,0.0,350.4055579778986
1501451,Belterra,2022,8935,80,26,32,8,1,7,1,1,0,35,895.3553441522105,290.99048684946837,358.1421376608842,89.53553441522105,11.191941801902631,78.3435926133184,11.191941801902631,11.191941801902631,0.0,391.717963066592
1501501,Benevides,2022,32316,695,78,120,39,6,33,1,1,0,118,2150.6374551305853,241.36650575566284,371.3330857779428,120.68325287783142,18.56665428889714,102.11659858893427,3.0944423814828568,3.0944423814828568,0.0,365.1442010149771
1501576,Bom Jesus do Tocantins,2022,8036,92,26,37,16,1,15,1,1,0,43,1144.8481831757094,323.5440517670483,460.4280736684918,199.1040318566451,12.444001991040318,186.66002986560477,12.444001991040318,12.444001991040318,0.0,535.0920856147337
1501600,Bonito,2022,6145,52,14,16,8,1,7,0,0,0,22,846.2164361269324,227.8275020341741,260.3742880390561,130.18714401952806,16.273393002441008,113.91375101708705,0.0,0.0,0.0,358.01464605370217
1501709,Bragança,2022,61501,953,122,169,48,5,43,1,0,0,170,1549.568299702444,198.37075819905368,274.79227980032846,78.0475114225785,8.129949106518593,69.9175623160599,1.6259898213037187,0.0,0.0,276.41826962163213
1501725,Brasil Novo,2022,12083,97,21,39,13,2,11,0,0,0,34,802.7807663659688,173.79789787304477,322.76752462136886,107.58917487378962,16.552180749813786,91.03699412397583,0.0,0.0,0.0,281.3870727468344
1501758,Brejo Grande do Araguaia,2022,3344,26,13,15,2,2,0,0,0,0,15,777.511961722488,388.755980861244,448.5645933014354,59.80861244019138,59.80861244019138,0.0,0.0,0.0,0.0,448.5645933014354
1501782,Breu Branco,2022,22612,205,45,56,23,2,21,1,0,0,68,906.5982664072175,199.00937555280382,247.65611179904477,101.71590306032195,8.84486113568017,92.87104192464179,4.422430567840085,0.0,0.0,300.7252786131258
1501808,Breves,2022,51690,710,114,160,52,12,40,1,0,0,166,1373.5732249951634,220.54556006964597,309.53762816792414,100.59972915457534,23.21532211259431,77.38440704198104,1.934610176049526,0.0,0.0,321.14528922422136
1501907,Bujaru,2022,12030,121,19,27,20,2,18,0,0,0,39,1005.8187863674148,157.93848711554446,224.43890274314217,166.25103906899417,16.62510390689942,149.62593516209478,0.0,0.0,0.0,324.18952618453864
1501956,Cachoeira do Piriá,2022,9279,45,17,21,8,2,6,1,0,0,25,484.9660523763337,183.2093975643927,226.31749110895572,86.21618708912598,21.554046772281495,64.66214031684449,10.777023386140748,0.0,0.0,269.4255846535187
1502004,Cachoeira do Arari,2022,11855,159,35,57,21,1,20,0,0,0,56,1341.2062420919444,295.2340784479123,480.8097849008857,177.14044706874736,8.435259384226065,168.7051876845213,0.0,0.0,0.0,472.3745255166597
1502103,Cametá,2022,65344,771,121,197,57,11,46,1,1,0,179,1179.909402546523,185.17384916748287,301.48139079333987,87.23065621939274,16.833986287952985,70.39666993143976,1.530362389813908,1.530362389813908,0.0,273.9348677766895
1502152,Canaã dos Carajás,2022,37692,507,130,184,35,7,28,3,0,0,165,1345.1130213307863,344.9007747002016,488.16725034490076,92.85790088082352,18.571580176164705,74.28632070465882,7.959248646927731,0.0,0.0,437.75867558102516
1502202,Capanema,2022,36044,412,66,80,17,3,14,1,0,0,83,1143.0473865275774,183.1095327932527,221.9509488403063,47.16457662856509,8.323160581511486,38.8414160470536,2.774386860503829,0.0,0.0,230.27410942181777
1502301,Capitão Poço,2022,27835,165,40,56,23,5,18,1,0,0,63,592.7788755164362,143.70396982216633,201.18555775103286,82.62978264774564,17.96299622777079,64.66678641997485,3.592599245554158,0.0,0.0,226.33375246991199
1502400,Castanhal,2022,99750,2789,330,397,111,13,98,4,1,0,442,2795.9899749373435,330.82706766917295,397.9949874686717,111.2781954887218,13.032581453634084,98.24561403508773,4.010025062656641,1.0025062656641603,0.0,443.10776942355886
1502509,Chaves,2022,9639,40,4,15,10,1,9,0,0,0,14,414.98080713766984,41.49808071376699,155.6178026766262,103.74520178441746,10.374520178441747,93.37068160597573,0.0,0.0,0.0,145.24328249818447
1502608,Colares,2022,6422,57,15,21,10,4,6,0,0,0,25,887.5739644970414,233.57209592027405,327.0009342883837,155.71473061351605,62.28589224540642,93.42883836810962,0.0,0.0,0.0,389.2868265337901
1502707,Conceição do Araguaia,2022,22127,376,97,119,26,4,22,2,0,0,123,1699.281420888507,438.3784516653862,537.8044922492882,117.50350250824785,18.077461924345823,99.42604058390202,9.038730962172911,0.0,0.0,555.881954173634
1502756,Concórdia do Pará,2022,13331,206,33,57,20,6,14,0,0,0,53,1545.2704223239068,247.5433200810142,427.5748255944791,150.02625459455405,45.00787637836621,105.01837821618783,0.0,0.0,0.0,397.5695746755682
1502764,Cumaru do Norte,2022,6330,68,36,46,3,2,1,3,0,0,39,1074.2496050552922,568.7203791469194,726.698262243286,47.39336492890995,31.5955766192733,15.79778830963665,47.39336492890995,0.0,0.0,616.1137440758295
1502772,Curionópolis,2022,9754,99,23,35,6,1,5,0,0,0,29,1014.9682181669058,235.80069714988724,358.8271478367849,61.513225343448845,10.25220422390814,51.2610211195407,0.0,0.0,0.0,297.31392249333607
1502806,Curralinho,2022,16040,174,20,50,15,6,9,0,0,0,35,1084.788029925187,124.68827930174564,311.7206982543641,93.51620947630923,37.406483790523694,56.10972568578554,0.0,0.0,0.0,218.20448877805484
1502855,Curuá,2022,6779,47,4,8,4,0,4,0,0,0,8,693.3175984658503,59.005753060923446,118.01150612184689,59.005753060923446,0.0,59.005753060923446,0.0,0.0,0.0,118.01150612184689
1502905,Curuçá,2022,20517,270,57,90,13,3,10,1,1,0,71,1315.9818686942535,277.8183945021202,438.6606228980845,63.362089974167766,14.622020763269482,48.74006921089828,4.874006921089828,4.874006921089828,0.0,346.05449139737783
1502939,Dom Eliseu,2022,29577,150,24,36,21,1,20,1,0,0,45,507.1508266558475,81.14413226493559,121.71619839740337,71.00111573181864,3.3810055110389827,67.62011022077965,3.3810055110389827,0.0,0.0,152.14524799675425
1502954,Eldorado do Carajás,2022,13749,130,26,37,26,2,24,2,2,0,54,945.523310786239,189.1046621572478,269.1104807622372,189.1046621572478,14.546512473634447,174.55814968361335,14.546512473634447,14.546512473634447,0.0,392.75583678813
1503002,Faro,2022,4245,61,22,35,15,3,12,0,0,0,37,1436.98468786808,518.2567726737337,824.4994110718492,353.35689045936397,70.67137809187278,282.6855123674911,0.0,0.0,0.0,871.6136631330978
1503044,Floresta do Araguaia,2022,8400,61,15,21,17,1,16,0,0,0,32,726.1904761904761,178.57142857142856,250.0,202.38095238095235,11.904761904761905,190.47619047619048,0.0,0.0,0.0,380.95238095238096
1503077,Garrafão do Norte,2022,12009,83,18,25,10,2,8,1,1,0,29,691.1483054375884,149.88758431176618,208.17720043300858,83.27088017320344,16.654176034640685,66.61670413856274,8.327088017320342,8.327088017320342,0.0,241.48555250228992
1503093,Goianésia do Pará,2022,12837,120,18,29,23,1,22,1,0,0,41,934.797849964945,140.21967749474175,225.90948040819504,179.1695879099478,7.789982083041209,171.3796058269066,7.789982083041209,0.0,0.0,319.3892654046896
1503101,Gurupá,2022,15079,81,20,32,2,0,2,0,0,0,22,537.1708999270509,132.63479010544467,212.21566416871144,13.263479010544465,0.0,13.263479010544465,0.0,0.0,0.0,145.8982691159891
1503200,Igarapé-Açu,2022,18030,203,34,47,19,6,13,0,0,0,53,1125.9012756516915,188.57459789240156,260.67665002773157,105.37992235163617,33.277870216306155,72.10205213533001,0.0,0.0,0.0,293.9545202440377
1503309,Igarapé-Miri,2022,31557,335,53,68,25,6,19,1,0,0,78,1061.5711252653928,167.9500586240771,215.48309408372154,79.22172576607409,19.01321418385778,60.20851158221631,3.1688690306429637,0.0,0.0,247.17178439015117
1503408,Inhangapi,2022,5096,52,11,14,19,3,16,0,0,0,30,1020.408163265306,215.85557299843012,274.72527472527474,372.8414442700157,58.86970172684458,313.97174254317116,0.0,0.0,0.0,588.6970172684458
1503457,Ipixuna do Pará,2022,14692,167,47,57,10,1,9,0,0,0,57,1136.6730193302476,319.9019874761775,387.96624013068333,68.06425265450585,6.806425265450586,61.25782738905527,0.0,0.0,0.0,387.96624013068333
1503507,Irituia,2022,15044,102,24,30,14,1,13,2,1,0,39,678.0111672427546,159.53203935123636,199.41504918904548,93.06035628822121,6.647168306301516,86.4131879819197,13.294336612603033,6.647168306301516,0.0,259.2395639457591
1503606,Itaituba,2022,61026,1118,199,281,88,22,66,6,1,0,288,1832.0060302166291,326.09051879526754,460.4594762887949,144.20083243207813,36.05020810801953,108.1506243240586,9.831874938550783,1.6386458230917968,0.0,471.9299970504375
1503705,Itupiranga,2022,23706,236,57,76,25,4,21,1,0,0,82,995.5285581709272,240.44545684636802,320.593942461824,105.45853370454738,16.873365392727578,88.5851683118198,4.2183413481818945,0.0,0.0,345.9039905509154
1503754,Jacareacanga,2022,11482,65,9,14,10,3,7,0,0,0,19,566.1034662950706,78.38355687162515,121.92997735586135,87.0928409684724,26.12785229054172,60.96498867793068,0.0,0.0,0.0,165.47639784009755
1503804,Jacundá,2022,19203,287,57,70,32,5,27,2,0,0,89,1494.558141956986,296.8286205280425,364.5263760870697,166.64062906837472,26.037598291933552,140.6030307764412,10.41503931677342,0.0,0.0,463.4692495964173
1503903,Juruti,2022,24727,471,104,145,35,9,26,0,0,0,139,1904.8004205928744,420.59287418611234,586.4035265094836,141.54567881263395,36.39746026610588,105.14821854652808,0.0,0.0,0.0,562.1385529987464
1504000,Limoeiro do Ajuru,2022,14278,64,13,21,8,0,8,0,0,0,21,448.24205070738196,91.04916654993696,147.07942288835972,56.030256338422745,0.0,56.030256338422745,0.0,0.0,0.0,147.07942288835972
1504059,Mãe do Rio,2022,17466,154,28,32,25,4,21,7,0,0,53,881.7130424825376,160.31146226955227,183.21309973663116,143.1352341692431,22.901637467078896,120.23359670216422,40.077865567388066,0.0,0.0,303.44669643879536
1504109,Magalhães Barata,2022,3964,29,6,6,6,0,6,0,0,0,12,731.5842583249243,151.36226034308777,151.36226034308777,151.36226034308777,0.0,151.36226034308777,0.0,0.0,0.0,302.72452068617554
1504208,Marabá,2022,133761,2158,428,559,102,21,81,11,4,0,534,1613.3252592310164,319.9736844072637,417.90955510201024,76.25541076995538,15.699643393814341,60.555767376141034,8.223622730093226,2.990408265488446,0.0,399.21950344270755
1504307,Maracanã,2022,12679,136,28,46,13,3,10,2,1,0,42,1072.639798091332,220.8376054893919,362.80463758971524,102.53174540578911,23.661172016720563,78.87057338906854,15.774114677813706,7.887057338906853,0.0,331.25640823408787
1504406,Marapanim,2022,12926,213,21,32,13,3,10,0,0,0,34,1647.8415596472225,162.46325235958534,247.5630512146062,100.57248955593379,23.209036051369335,77.36345350456445,0.0,0.0,0.0,263.0357419155191
1504422,Marituba,2022,57093,1217,139,194,44,8,36,2,1,0,184,2131.609829576305,243.4624209622896,339.79647242218834,77.06724116791901,14.012225666894365,63.05501550102464,3.503056416723591,1.7515282083617956,0.0,322.28119033857035
1504455,Medicilândia,2022,12769,113,32,47,20,2,18,0,0,0,52,884.9557522123894,250.60693867961467,368.0789411856841,156.62933667475917,15.662933667475917,140.96640300728325,0.0,0.0,0.0,407.2362753543739
1504505,Melgaço,2022,13313,123,33,52,10,3,7,0,0,0,43,923.9089611657779,247.87801397130627,390.595658379028,75.11454968827462,22.534364906482384,52.580184781792234,0.0,0.0,0.0,322.99256365958087
1504604,Mocajuba,2022,13398,225,29,50,12,2,10,1,0,0,41,1679.3551276309895,216.45021645021646,373.19002836244215,89.56560680698611,14.927601134497685,74.63800567248843,7.4638005672488426,0.0,0.0,306.01582325720256
1504703,Moju,2022,40213,393,85,99,53,6,47,3,2,0,140,977.2958993360356,211.3744311541044,246.18904334419216,131.79817471961803,14.920548081466192,116.87762663815185,7.460274040733096,4.973516027155397,0.0,348.1461219008778
1504752,Mojuí dos Campos,2022,11270,55,11,16,16,2,14,0,0,0,27,488.0212954747117,97.60425909494232,141.9698314108252,141.9698314108252,17.74622892635315,124.22360248447205,0.0,0.0,0.0,239.57409050576754
1504802,Monte Alegre,2022,29661,223,59,73,18,4,14,0,0,0,77,751.8290010451434,198.91439937965677,246.1144263511008,60.68574896328512,13.485721991841139,47.20002697144398,0.0,0.0,0.0,259.6001483429419
1504901,Muaná,2022,22371,243,53,77,31,8,23,0,0,0,84,1086.2277055115999,236.91386169594563,344.1956103884493,138.57225872781726,35.76058289750123,102.81167583031605,0.0,0.0,0.0,375.4861204237629
1504950,Nova Esperança do Piriá,2022,9962,72,10,15,10,0,10,0,0,0,20,722.7464364585425,100.38144950813091,150.57217426219634,100.38144950813091,0.0,100.38144950813091,0.0,0.0,0.0,200.76289901626183
1504976,Nova Ipixuna,2022,6661,52,13,21,9,1,8,0,0,0,22,780.6635640294251,195.16589100735627,315.2679777811139,135.1148476204774,15.012760846719713,120.1020867737577,0.0,0.0,0.0,330.28073862783367
1505007,Nova Timboteua,2022,6303,49,14,17,11,1,10,0,0,0,25,777.4075836903062,222.11645248294462,269.7128351578613,174.52006980802793,15.865460891638904,158.654608916389,0.0,0.0,0.0,396.63652229097255
1505031,Novo Progresso,2022,16151,275,71,92,27,5,22,1,0,0,98,1702.6809485480774,439.60126307968545,569.6241718779023,167.17231131199307,30.957835428146865,136.2144758838462,6.191567085629373,0.0,0.0,606.7735743916785
1505064,Novo Repartimento,2022,29423,147,31,44,22,0,22,4,2,0,55,499.6091493049655,105.35975257451653,149.54287462189444,74.77143731094722,0.0,74.77143731094722,13.594806783808586,6.797403391904293,0.0,186.92859327736804
1505106,Óbidos,2022,25485,247,51,71,24,6,18,1,1,0,76,969.19756719639,200.11771630370805,278.59525210908373,94.17304296645085,23.543260741612713,70.62978222483814,3.9238767902687854,3.9238767902687854,0.0,298.2146360604277
1505205,Oeiras do Pará,2022,16201,285,53,83,25,2,23,0,0,0,78,1759.150669711746,327.1402999814826,512.3140546879823,154.31146225541633,12.344916980433306,141.96654527498302,0.0,0.0,0.0,481.45176223689896
1505304,Oriximiná,2022,33838,633,103,151,26,5,21,2,1,0,130,1870.6779360482296,304.3915125007388,446.243867840889,76.83669247591466,14.776287014598973,62.06040546131568,5.910514805839588,2.955257402919794,0.0,384.18346237957326
1505403,Ourém,2022,8808,66,16,26,9,3,6,0,0,0,25,749.3188010899182,181.65304268846504,295.18619436875565,102.17983651226157,34.05994550408719,68.11989100817438,0.0,0.0,0.0,283.8328792007266
1505437,Ourilândia do Norte,2022,15925,141,23,31,17,4,13,3,0,0,40,885.4003139717425,144.4270015698587,194.66248037676607,106.75039246467817,25.117739403453687,81.63265306122449,18.838304552590266,0.0,0.0,251.1773940345369
1505486,Pacajá,2022,19465,156,36,47,36,8,28,2,1,0,73,801.4384793218597,184.94734138196765,241.45902902645776,184.94734138196765,41.099409195992806,143.84793218597483,10.274852298998201,5.137426149499101,0.0,375.03210891343434
1505494,Palestina do Pará,2022,3347,29,10,12,3,1,2,1,1,0,14,866.4475649835674,298.7750224081267,358.53002688975204,89.63250672243801,29.877502240812667,59.755004481625335,29.877502240812667,29.877502240812667,0.0,418.2850313713774
1505502,Paragominas,2022,53089,770,116,151,51,11,40,4,3,0,170,1450.394620354499,218.50100774171676,284.4280359396485,96.06509823127202,20.719923147921413,75.3451750833506,7.53451750833506,5.650888131251295,0.0,320.2169941042401
1505536,Parauapebas,2022,133914,2457,403,521,191,48,143,5,0,0,594,1834.759621846857,300.9394088743522,389.05566258942304,142.62885135236047,35.843899816300016,106.78495153606045,3.7337395641979176,0.0,0.0,443.56826022671265
1505551,Pau D'Arco,2022,3376,30,12,20,2,0,2,0,0,0,14,888.6255924170616,355.4502369668246,592.4170616113744,59.241706161137444,0.0,59.241706161137444,0.0,0.0,0.0,414.69194312796213
1505601,Peixe-Boi,2022,4083,27,11,13,4,0,4,0,0,0,15,661.2784717119764,269.409747734509,318.3933382316924,97.96718099436688,0.0,97.96718099436688,0.0,0.0,0.0,367.37692872887584
1505635,Piçarra,2022,6098,33,12,19,5,1,4,0,0,0,17,541.1610364053788,196.78583142013775,311.5775664152181,81.99409642505739,16.398819285011477,65.59527714004591,0.0,0.0,0.0,278.7799278451951
1505650,Placas,2022,8813,70,19,22,8,0,8,0,0,0,27,794.2811755361398,215.5906047883808,249.63122659707253,90.77499148984454,0.0,90.77499148984454,0.0,0.0,0.0,306.3655962782253
1505700,Ponta de Pedras,2022,12142,252,44,84,22,3,19,0,0,0,66,2075.4406193378354,362.37852083676495,691.8135397792786,181.18926041838247,24.70762642068852,156.48163399769396,0.0,0.0,0.0,543.5677812551473
1505809,Portel,2022,29876,318,42,72,42,10,32,0,0,0,84,1064.3995180077654,140.58106841611996,240.99611728477709,140.58106841611996,33.47168295621904,107.10938545990092,0.0,0.0,0.0,281.1621368322399
1505908,Porto de Moz,2022,19479,239,39,65,27,5,22,1,0,0,66,1226.9623697315058,200.2156168181118,333.69269469685304,138.61081164330818,25.66866882283485,112.94214282047332,5.13373376456697,0.0,0.0,338.82642846142
1506005,Prainha,2022,17110,120,22,27,16,3,13,0,0,0,38,701.344243132671,128.57977790765634,157.80245470485096,93.5125657510228,17.533606078316772,75.97895967270603,0.0,0.0,0.0,222.09234365867914
1506104,Primavera,2022,5369,57,12,18,8,2,6,0,0,0,20,1061.650214192587,223.50530825107094,335.25796237660643,149.0035388340473,37.250884708511826,111.75265412553547,0.0,0.0,0.0,372.5088470851183
1506112,Quatipuru,2022,5676,65,20,25,5,1,4,0,0,0,25,1145.1726568005638,352.3608174770966,440.4510218463707,88.09020436927415,17.618040873854827,70.47216349541931,0.0,0.0,0.0,440.4510218463707
1506138,Redenção,2022,43371,914,141,176,41,8,33,5,0,0,182,2107.398953217588,325.1020266998686,405.80111134168,94.53321343755043,18.44550506098545,76.08770837656499,11.528440663115907,0.0,0.0,419.63524013741903
1506161,Rio Maria,2022,9063,94,40,47,6,0,6,0,0,0,46,1037.184155356946,441.3549597263599,518.592077678473,66.20324395895399,0.0,66.20324395895399,0.0,0.0,0.0,507.5582036853139
1506187,Rondon do Pará,2022,25787,246,57,71,27,2,25,1,1,0,85,953.9690541745841,221.04161011362316,275.33253189591653,104.70392058013728,7.755845968899057,96.94807461123821,3.8779229844495284,3.8779229844495284,0.0,329.62345367820996
1506195,Rurópolis,2022,17398,92,19,23,15,2,13,0,0,0,34,528.7964133808483,109.20795493734913,132.19910334521208,86.21680652948615,11.495574203931486,74.72123232555467,0.0,0.0,0.0,195.42476146683526
1506203,Salinópolis,2022,22189,537,76,107,29,6,23,2,0,0,105,2420.118076524404,342.5120555230069,482.2209202758124,130.69538960746317,27.04042543602686,103.65496417143629,9.013475145342287,0.0,0.0,473.20744513047003
1506302,Salvaterra,2022,12078,255,43,83,14,2,12,0,0,0,57,2111.276701440636,356.01920847822487,687.1998675277364,115.91323066732903,16.559032952475576,99.35419771485346,0.0,0.0,0.0,471.93243914555393
1506351,Santa Bárbara do Pará,2022,10602,152,20,32,15,1,14,1,0,0,35,1433.6917562724013,188.64365214110546,301.82984342576873,141.48273910582907,9.432182607055273,132.05055649877383,9.432182607055273,0.0,0.0,330.12639124693453
1506401,Santa Cruz do Arari,2022,3557,55,21,42,1,0,1,0,0,0,22,1546.2468372223784,590.3851560303626,1180.7703120607252,28.1135788585887,0.0,28.1135788585887,0.0,0.0,0.0,618.4987348889514
1506500,Santa Izabel do Pará,2022,33377,533,68,81,33,11,22,3,2,0,103,1596.9080504539054,203.73310962638942,242.68208646672858,98.87047967163016,32.95682655721005,65.9136531144201,8.98822542469365,5.9921502831291,0.0,308.59573958114873
1506559,Santa Luzia do Pará,2022,10130,57,19,24,5,0,5,0,0,0,24,562.685093780849,187.56169792694965,236.92003948667323,49.35834155972359,0.0,49.35834155972359,0.0,0.0,0.0,236.92003948667323
1506583,Santa Maria das Barreiras,2022,7778,36,12,15,5,1,4,2,1,0,18,462.84391874517877,154.28130624839292,192.8516328104911,64.28387760349705,12.856775520699408,51.42710208279763,25.713551041398816,12.856775520699408,0.0,231.42195937258938
1506609,Santa Maria do Pará,2022,12477,117,27,36,12,1,11,0,0,0,39,937.7254147631643,216.3981726376533,288.5308968502044,96.17696561673479,8.014747134727898,88.16221848200689,0.0,0.0,0.0,312.57513825438804
1506708,Santana do Araguaia,2022,15740,260,87,114,24,6,18,4,2,0,113,1651.8424396442185,552.7318932655655,724.2693773824651,152.47776365946632,38.11944091486658,114.35832274459975,25.412960609911053,12.706480304955527,0.0,717.9161372299873
1506807,Santarém,2022,168862,2443,361,512,133,30,103,4,3,0,497,1446.74349468797,213.78403666899598,303.20616835048736,78.76253982541957,17.76598642678637,60.9965533986332,2.3687981902381825,1.776598642678637,0.0,294.32317513709415
1506906,Santarém Novo,2022,2911,25,4,9,2,0,2,0,0,0,6,858.8114050154586,137.4098248024734,309.1721058055651,68.7049124012367,0.0,68.7049124012367,0.0,0.0,0.0,206.11473720371006
1507003,Santo Antônio do Tauá,2022,13701,169,27,33,29,7,22,1,0,0,56,1233.4866068170206,197.06590759798556,240.858331508649,211.66338223487335,51.09116122910736,160.572221005766,7.2987373184439095,0.0,0.0,408.72928983285885
1507102,São Caetano de Odivelas,2022,8193,108,24,45,13,4,9,0,0,0,37,1318.1984621017943,292.9329915781765,549.2493592090809,158.6720371048456,48.82216526302942,109.84987184181618,0.0,0.0,0.0,451.60502868302206
1507151,São Domingos do Araguaia,2022,10376,106,35,40,7,2,5,1,0,0,42,1021.5882806476484,337.31688511950654,385.50501156515037,67.46337702390132,19.275250578257516,48.188126445643796,9.637625289128758,0.0,0.0,404.7802621434078
1507201,São Domingos do Capim,2022,14584,93,23,28,12,3,9,0,0,0,35,637.6851343938563,157.70707624794295,191.99122325836532,82.28195282501372,20.57048820625343,61.71146461876029,0.0,0.0,0.0,239.98902907295667
1507300,São Félix do Xingu,2022,30588,321,82,94,44,1,43,4,0,0,126,1049.4311494703804,268.07898522296324,307.31005623120177,143.84726036354127,3.26925591735321,140.57800444618806,13.07702366941284,0.0,0.0,411.9262455865045
1507409,São Francisco do Pará,2022,7348,59,10,16,3,1,2,0,0,0,13,802.9395753946652,136.09145345672292,217.74632553075668,40.827436037016874,13.609145345672292,27.218290691344585,0.0,0.0,0.0,176.91888949373978
1507458,São Geraldo do Araguaia,2022,12013,112,29,46,16,1,15,2,1,0,46,932.3233164072254,241.4051444268709,382.9185049529676,133.18904520103223,8.324315325064514,124.8647298759677,16.64863065012903,8.324315325064514,0.0,382.9185049529676
1507466,São João da Ponta,2022,2143,18,1,4,5,0,5,0,0,0,6,839.9440037330844,46.66355576294914,186.65422305179655,233.31777881474568,0.0,233.31777881474568,0.0,0.0,0.0,279.98133457769484
1507474,São João de Pirabas,2022,10031,131,20,32,9,1,8,0,0,0,29,1305.9515501943972,199.38191606021334,319.01106569634135,89.721862227096,9.969095803010667,79.75276642408534,0.0,0.0,0.0,289.10377828730935
1507508,São João do Araguaia,2022,6374,44,9,12,9,2,7,0,0,0,18,690.3043614684657,141.19861939127708,188.2648258550361,141.19861939127708,31.377470975839344,109.82114841543772,0.0,0.0,0.0,282.39723878255415
1507607,São Miguel do Guamá,2022,26713,449,91,120,26,6,20,0,0,0,117,1680.8295586418599,340.65810653988694,449.2194811514993,97.33088758282484,22.460974057574965,74.86991352524988,0.0,0.0,0.0,437.98899412271174
1507706,São Sebastião da Boa Vista,2022,12314,123,16,24,12,3,9,0,0,0,28,998.8630826701315,129.933409127822,194.90011369173297,97.45005684586648,24.36251421146662,73.08754263439987,0.0,0.0,0.0,227.38346597368846
1507755,Sapucaia,2022,2879,54,6,17,4,1,3,1,0,0,10,1875.65126780132,208.40569642236886,590.4828065300452,138.9371309482459,34.73428273706148,104.20284821118443,34.73428273706148,0.0,0.0,347.34282737061477
1507805,Senador José Porfírio,2022,10381,84,22,32,15,2,13,0,0,0,37,809.1706001348618,211.92563336865427,308.2554667180426,144.49475002408244,19.265966669877663,125.22878335420481,0.0,0.0,0.0,356.42038339273677
1507904,Soure,2022,12264,353,78,114,33,5,28,1,0,0,111,2878.3431180691455,636.0078277886497,929.5499021526418,269.08023483365946,40.769732550554465,228.31050228310502,8.153946510110893,0.0,0.0,905.0880626223092
1507953,Tailândia,2022,35923,515,91,122,52,9,43,5,3,0,146,1433.621913537288,253.3196002561033,339.61528825543525,144.7540572892019,25.053586838515717,119.7004704506862,13.918659354730952,8.351195612838572,0.0,406.42485315814383
1507961,Terra Alta,2022,5103,51,13,17,1,0,1,0,0,0,14,999.4121105232217,254.75210660395845,333.1373701744072,19.59631589261219,0.0,19.59631589261219,0.0,0.0,0.0,274.3484224965706
1507979,Terra Santa,2022,9263,115,15,32,14,4,10,1,0,0,29,1241.4984346324084,161.93457843031413,345.4604339846702,151.13893986829322,43.182554248083775,107.95638562020945,10.795638562020944,0.0,0.0,313.0735182986074
1508001,Tomé-Açu,2022,33173,537,110,157,70,9,61,2,1,0,181,1618.786362403159,331.5949718144274,473.2764597715009,211.0149820637265,27.130497693907692,183.8844843698188,6.028999487535043,3.0144997437675216,0.0,545.6244536219215
1508035,Tracuateua,2022,13891,117,23,30,13,0,13,0,0,0,36,842.2719746598518,165.57483262544093,215.96717298970557,93.58577496220575,0.0,93.58577496220575,0.0,0.0,0.0,259.16060758764667
1508050,Trairão,2022,7222,75,12,21,16,2,14,0,0,0,28,1038.4934921074494,166.1589587371919,290.77817779008586,221.5452783162559,27.693159789531986,193.8521185267239,0.0,0.0,0.0,387.7042370534478
1508084,Tucumã,2022,19793,233,11,14,14,0,14,4,1,0,26,1177.1838528772798,55.57520335472137,70.73207699691811,70.73207699691811,0.0,70.73207699691811,20.209164856262316,5.052291214065579,0.0,131.35957156570504
1508100,Tucuruí,2022,46135,1022,136,213,66,8,58,3,2,0,204,2215.2378888045955,294.7870380405332,461.6885228134822,143.05841551967052,17.340414002384307,125.71800151728623,6.502655250894116,4.335103500596077,0.0,442.18055706079986
1508126,Ulianópolis,2022,18972,135,28,38,19,5,14,0,0,0,47,711.5749525616698,147.58591608686487,200.29517183217374,100.14758591608687,26.354627872654437,73.79295804343244,0.0,0.0,0.0,247.73350200295172
1508159,Uruará,2022,20746,212,52,62,13,3,10,4,0,0,65,1021.8837366239275,250.650727851152,298.8527908994505,62.662681962788,14.460618914489539,48.20206304829846,19.280825219319386,0.0,0.0,313.31340981394004
1508209,Vigia,2022,25137,247,36,59,26,3,23,1,0,0,62,982.6152683295542,143.2151808091658,234.713768548355,103.43318613995305,11.934598400763814,91.49858773918925,3.9781994669212715,0.0,0.0,246.64836694911884
1508308,Viseu,2022,28220,164,36,53,15,2,13,1,0,0,51,581.1481218993621,127.56909992912828,187.81006378454998,53.15379163713678,7.087172218284904,46.06661941885188,3.543586109142452,0.0,0.0,180.72289156626508
1508357,Vitória do Xingu,2022,7576,169,46,58,26,3,23,1,0,0,72,2230.728616684266,607.180570221753,765.5755015839493,343.1890179514255,39.598732840549104,303.5902851108765,13.199577613516366,0.0,0.0,950.3695881731784
1508407,Xinguara,2022,26303,324,72,92,30,6,24,1,0,0,102,1231.798654145915,273.7330342546478,349.76998821427213,114.05543093943656,22.811086187887312,91.24434475154925,3.801847697981219,0.0,0.0,387.7884651940843
1500107,Abaetetuba,2023,78891,1067,223,338,99,17,82,2,0,0,322,1352.4990176319225,282.6684919699332,428.4392389499436,125.4895995740959,21.548719118784145,103.94088045531176,2.535143425739311,0.0,0.0,408.1580915440291
1500131,Abel Figueiredo,2023,3023,38,15,23,1,1,0,2,0,0,16,1257.029440952696,496.19583195501156,760.8336089976845,33.079722130334105,33.079722130334105,0.0,66.15944426066821,0.0,0.0,529.2755540853457
1500206,Acará,2023,28472,235,61,97,43,3,40,1,0,0,104,825.3722955886484,214.24557459960664,340.68558583871874,151.0255689800506,10.536667603259342,140.48890137679123,3.512222534419781,0.0,0.0,365.2711435796572
1500305,Afuá,2023,18057,161,21,44,20,3,17,4,2,0,43,891.6209780140665,116.29838843661739,243.67281386719833,110.7603699396356,16.61405549094534,94.14631444869026,22.152073987927118,11.076036993963559,0.0,238.13479537021652
1500347,Água Azul do Norte,2023,8384,56,14,18,8,3,5,0,0,0,22,667.9389312977099,166.98473282442748,214.69465648854964,95.41984732824427,35.782442748091604,59.637404580152676,0.0,0.0,0.0,262.40458015267177
1500404,Alenquer,2023,33688,277,28,55,27,5,22,0,0,0,55,822.2512467347424,83.11564948943244,163.26288292567085,80.14723343623842,14.842080265970079,65.30515317026835,0.0,0.0,0.0,163.26288292567085
1500503,Almeirim,2023,16633,198,41,68,14,2,12,1,1,0,56,1190.4046173270006,246.49792581013648,408.8258281729093,84.17002344736368,12.024289063909096,72.14573438345458,6.012144531954548,6.012144531954548,0.0,336.6800937894547
1500602,Altamira,2023,63337,861,230,320,81,17,64,7,1,0,312,1359.3949823957562,363.1368710232565,505.23390751061777,127.88733283862514,26.84055133650157,101.04678150212355,11.051991726794766,1.5788559609706805,0.0,492.60305982285234
1500701,Anajás,2023,13503,155,40,68,21,4,17,0,0,0,61,1147.8930608013034,296.2304673035622,503.5917944160557,155.52099533437013,29.62304673035622,125.89794860401392,0.0,0.0,0.0,451.75146263793226
1500800,Ananindeua,2023,251474,6917,603,991,253,60,193,13,4,0,860,2750.5825651956065,239.78622044426064,394.0765248097219,100.60682217644768,23.859325417339367,76.7474967591083,5.169520507090196,1.590621694489291,0.0,341.9836643151976
1500859,Anapu,2023,15245,167,35,44,28,4,24,1,1,0,64,1095.4411282387669,229.58346999016072,288.61921941620204,183.66677599212855,26.23811085601837,157.4286651361102,6.5595277140045924,6.5595277140045924,0.0,419.8097736962939
1500909,Augusto Corrêa,2023,21776,209,44,56,22,1,21,0,0,0,66,959.7722263041882,202.0573108008817,257.1638501102131,101.02865540044085,4.592211609110947,96.4364437913299,0.0,0.0,0.0,303.08596620132255
1500958,Aurora do Pará,2023,11695,88,12,20,17,5,12,2,0,0,29,752.4583155194528,102.607952116289,171.01325352714835,145.3612654980761,42.75331338178709,102.607952116289,17.101325352714834,0.0,0.0,247.96921761436514
1501006,Aveiro,2023,8704,34,10,11,14,1,13,0,0,0,24,390.625,114.88970588235294,126.37867647058825,160.84558823529412,11.488970588235293,149.3566176470588,0.0,0.0,0.0,275.7352941176471
1501105,Bagre,2023,15639,166,28,43,35,4,31,0,0,0,63,1061.4489417481936,179.0395805358399,274.95364153718265,223.79947566979988,25.577082933691415,198.22239273610845,0.0,0.0,0.0,402.8390562056398
1501204,Baião,2023,25724,267,51,78,21,5,16,0,0,0,72,1037.9412222049448,198.2584357020681,303.2187840149277,81.63582646555746,19.437101539418443,62.198724926139015,0.0,0.0,0.0,279.8942621676256
1501253,Bannach,2023,1867,18,12,13,1,0,1,0,0,0,13,964.11355115158,642.7423674343867,696.3042313872522,53.56186395286556,0.0,53.56186395286556,0.0,0.0,0.0,696.3042313872522
1501303,Barcarena,2023,63256,1037,186,259,82,16,66,5,1,0,269,1639.3701783230051,294.0432528139623,409.44732515492603,129.63197167067156,25.29404325281396,104.3379284178576,7.904388516504364,1.5808777033008725,0.0,425.25610218793474
1501402,Belém,2023,692626,21523,1876,3128,638,145,493,24,6,0,2520,3107.4490417627985,270.85324547446965,451.6145798742756,92.11320395133882,20.93481907984973,71.17838487148909,3.4650735028716793,0.8662683757179198,0.0,363.83271780152637
1501451,Belterra,2023,8935,95,15,30,13,1,12,0,0,0,28,1063.2344711807498,167.87912702853944,335.7582540570789,145.49524342473418,11.191941801902631,134.30330162283155,0.0,0.0,0.0,313.3743704532736
1501501,Benevides,2023,32316,606,82,118,31,2,29,1,0,0,113,1875.2320831786112,253.74427528159424,365.1442010149771,95.92771382596857,6.1888847629657135,89.73882906300284,3.0944423814828568,0.0,0.0,349.6719891075628
1501576,Bom Jesus do Tocantins,2023,8036,94,25,31,15,0,15,0,0,0,40,1169.73618715779,311.10004977600795,385.7640617222499,186.66002986560477,0.0,186.66002986560477,0.0,0.0,0.0,497.7600796416127
1501600,Bonito,2023,6145,44,12,16,6,2,4,0,0,0,18,716.0292921074043,195.2807160292921,260.3742880390561,97.64035801464605,32.546786004882016,65.09357200976403,0.0,0.0,0.0,292.9210740439382
1501709,Bragança,2023,61501,895,115,190,63,6,57,1,0,0,178,1455.260890066828,186.98882944992764,308.93806604770657,102.43735874213428,9.755938927822312,92.68141981431197,1.6259898213037187,0.0,0.0,289.4261881920619
1501725,Brasil Novo,2023,12083,121,41,58,23,5,18,0,0,0,64,1001.4069353637342,339.31970537118264,480.01324174459984,190.35007862285855,41.380451874534465,148.9696267483241,0.0,0.0,0.0,529.6697839940412
1501758,Brejo Grande do Araguaia,2023,3344,24,8,12,1,0,1,0,0,0,9,717.7033492822967,239.23444976076553,358.85167464114835,29.90430622009569,0.0,29.90430622009569,0.0,0.0,0.0,269.1387559808613
1501782,Breu Branco,2023,22612,191,58,76,19,1,18,1,0,0,77,844.6842384574562,256.5009729347249,336.10472315584644,84.02618078896161,4.422430567840085,79.60375022112153,4.422430567840085,0.0,0.0,340.5271537236865
1501808,Breves,2023,51690,654,98,176,85,17,68,1,1,0,184,1265.23505513639,189.59179725285355,340.4913909847166,164.4418649642097,32.888372992841944,131.55349197136778,1.934610176049526,1.934610176049526,0.0,355.9682723931128
1501907,Bujaru,2023,12030,89,18,29,18,5,13,0,0,0,36,739.8171238570241,149.62593516209478,241.06400665004156,149.62593516209478,41.562759767248544,108.06317539484621,0.0,0.0,0.0,299.25187032418955
1501956,Cachoeira do Piriá,2023,9279,45,10,16,10,2,8,0,0,0,20,484.9660523763337,107.77023386140748,172.43237417825196,107.77023386140748,21.554046772281495,86.21618708912598,0.0,0.0,0.0,215.54046772281495
1502004,Cachoeira do Arari,2023,11855,170,41,67,28,0,28,1,0,0,69,1433.994095318431,345.84563475326866,565.1623787431464,236.18726275832984,0.0,236.18726275832984,8.435259384226065,0.0,0.0,582.0328975115985
1502103,Cametá,2023,65344,739,146,237,81,12,69,4,2,0,229,1130.937806072478,223.43290891283056,362.6958863858962,123.95935357492655,18.364348677766895,105.59500489715964,6.121449559255632,3.060724779627816,0.0,350.4529872673849
1502152,Canaã dos Carajás,2023,37692,566,161,212,52,8,44,3,0,0,213,1501.6449113870317,427.14634405178816,562.4535710495595,137.96030988008067,21.224663058473947,116.73564682160671,7.959248646927731,0.0,0.0,565.1066539318689
1502202,Capanema,2023,36044,429,84,116,33,4,29,2,1,0,118,1190.2119631561425,233.0484962823216,321.8288758184441,91.55476639662635,11.097547442015316,80.45721895461102,5.548773721007658,2.774386860503829,0.0,327.3776495394518
1502301,Capitão Poço,2023,27835,156,41,57,27,3,24,0,0,0,68,560.4454823064488,147.2965690677205,204.77815699658703,97.00017962996228,10.777797736662475,86.2223818932998,0.0,0.0,0.0,244.29674869768277
1502400,Castanhal,2023,99750,2457,277,388,135,31,104,3,0,0,412,2463.157894736842,277.69423558897245,388.97243107769424,135.33834586466165,31.077694235588975,104.26065162907267,3.007518796992481,0.0,0.0,413.0325814536341
1502509,Chaves,2023,9639,76,22,33,29,7,22,0,0,0,51,788.4635335615727,228.23944392571846,342.35916588857765,300.8610851748107,72.62164124909224,228.23944392571846,0.0,0.0,0.0,529.1005291005291
1502608,Colares,2023,6422,61,15,20,5,3,2,0,0,0,20,949.8598567424477,233.57209592027405,311.4294612270321,77.85736530675803,46.71441918405481,31.14294612270321,0.0,0.0,0.0,311.4294612270321
1502707,Conceição do Araguaia,2023,22127,347,82,130,29,3,26,2,0,0,111,1568.219821937,370.58796944908937,587.5175125412392,131.06159895150722,13.558096443259366,117.50350250824785,9.038730962172911,0.0,0.0,501.6495684005966
1502756,Concórdia do Pará,2023,13331,200,51,70,17,4,13,2,0,0,68,1500.2625459455405,382.5669492161128,525.0918910809391,127.52231640537094,30.00525091891081,97.51706548646013,15.002625459455405,0.0,0.0,510.0892656214838
1502764,Cumaru do Norte,2023,6330,47,18,25,7,2,5,1,0,0,25,742.4960505529226,284.3601895734597,394.9447077409163,110.58451816745657,31.5955766192733,78.98894154818325,15.79778830963665,0.0,0.0,394.9447077409163
1502772,Curionópolis,2023,9754,121,37,50,12,5,7,2,1,0,50,1240.5167110928849,379.33155628460116,512.6102111954069,123.02645068689769,51.2610211195407,71.76542956735697,20.50440844781628,10.25220422390814,0.0,512.6102111954069
1502806,Curralinho,2023,16040,186,39,66,19,8,11,0,0,0,58,1159.6009975062345,243.142144638404,411.47132169576065,118.45386533665834,49.87531172069825,68.5785536159601,0.0,0.0,0.0,361.5960099750624
1502855,Curuá,2023,6779,49,19,27,3,2,1,0,0,0,22,722.8204749963121,280.2773270393863,398.28883316123324,44.25431479569258,29.502876530461723,14.751438265230862,0.0,0.0,0.0,324.5316418350789
1502905,Curuçá,2023,20517,219,22,37,23,5,18,2,0,0,45,1067.4075157186724,107.22815226397623,180.33825608032365,112.10215918506606,24.37003460544914,87.73212457961691,9.748013842179656,0.0,0.0,219.33031144904226
1502939,Dom Eliseu,2023,29577,164,25,49,26,2,24,2,0,0,51,554.4849038103932,84.52513777597458,165.66927004091016,87.90614328701355,6.7620110220779654,81.14413226493559,6.7620110220779654,0.0,0.0,172.43128106298815
1502954,Eldorado do Carajás,2023,13749,111,29,38,18,6,12,1,1,0,48,807.3314422867118,210.92443086769947,276.38373699905446,130.91861226271,43.63953742090334,87.27907484180668,7.2732562368172236,7.2732562368172236,0.0,349.1162993672267
1503002,Faro,2023,4245,58,23,37,7,2,5,0,0,0,30,1366.3133097762075,541.813898704358,871.6136631330978,164.89988221436985,47.11425206124853,117.7856301531213,0.0,0.0,0.0,706.7137809187279
1503044,Floresta do Araguaia,2023,8400,96,26,39,19,5,14,2,0,0,45,1142.857142857143,309.5238095238095,464.2857142857143,226.19047619047618,59.52380952380953,166.66666666666669,23.80952380952381,0.0,0.0,535.7142857142857
1503077,Garrafão do Norte,2023,12009,89,26,31,15,2,13,2,2,0,43,741.1108335415105,216.50428845032891,258.13972853693065,124.90632025980516,16.654176034640685,108.25214422516446,16.654176034640685,16.654176034640685,0.0,358.0647847447748
1503093,Goianésia do Pará,2023,12837,133,26,37,23,2,21,1,0,0,49,1036.0676170444808,202.53953415907142,288.2293370725247,179.1695879099478,15.579964166082418,163.5896237438654,7.789982083041209,0.0,0.0,381.70912206901926
1503101,Gurupá,2023,15079,124,28,50,24,1,23,0,0,0,52,822.3356986537568,185.68870614762253,331.58697526361163,159.1617481265336,6.6317395052722325,152.53000862126135,0.0,0.0,0.0,344.8504542741561
1503200,Igarapé-Açu,2023,18030,246,44,71,19,4,15,0,0,0,63,1364.3926788685524,244.03771491957846,393.78813089295613,105.37992235163617,22.18524681087077,83.19467554076539,0.0,0.0,0.0,349.4176372712147
1503309,Igarapé-Miri,2023,31557,242,73,100,20,5,15,2,0,0,93,766.8663054155971,231.32743923693633,316.88690306429635,63.37738061285927,15.844345153214817,47.53303545964445,6.337738061285927,0.0,0.0,294.7048198497956
1503408,Inhangapi,2023,5096,40,10,15,7,0,7,0,0,0,17,784.9293563579278,196.23233908948194,294.3485086342229,137.36263736263737,0.0,137.36263736263737,0.0,0.0,0.0,333.59497645211934
1503457,Ipixuna do Pará,2023,14692,183,46,72,18,2,16,2,1,0,65,1245.5758235774572,313.09556221072694,490.0626191124422,122.51565477811054,13.612850530901172,108.90280424720937,13.612850530901172,6.806425265450586,0.0,442.417642254288
1503507,Irituia,2023,15044,105,24,31,14,4,10,1,0,0,38,697.952672161659,159.53203935123636,206.062217495347,93.06035628822121,26.588673225206065,66.47168306301515,6.647168306301516,0.0,0.0,252.59239563945758
1503606,Itaituba,2023,61026,1074,219,320,116,20,96,4,1,0,336,1759.9056140005898,358.8634352571035,524.366663389375,190.08291547864843,32.77291646183594,157.30999901681253,6.554583292367187,1.6386458230917968,0.0,550.5849965588437
1503705,Itupiranga,2023,23706,237,69,97,29,5,24,0,0,0,98,999.7468995191092,291.06555302455075,409.1791107736438,122.33189909727496,21.091706740909473,101.24019235636548,0.0,0.0,0.0,413.3974521218257
1503754,Jacareacanga,2023,11482,91,20,34,9,0,9,1,0,0,29,792.5448528130988,174.1856819369448,296.11565929280613,78.38355687162515,0.0,78.38355687162515,8.70928409684724,0.0,0.0,252.56923880856993
1503804,Jacundá,2023,19203,196,51,71,25,1,24,2,2,0,78,1020.6738530437952,265.58350257772224,369.73389574545644,130.18799145966776,5.20751965838671,124.98047180128104,10.41503931677342,10.41503931677342,0.0,406.1865333541634
1503903,Juruti,2023,24727,450,76,128,39,6,33,3,0,0,115,1819.8730133052936,307.3563311360052,517.6527682290613,157.72232781979213,24.264973510737253,133.4573543090549,12.132486755368626,0.0,0.0,465.0786589557973
1504000,Limoeiro do Ajuru,2023,14278,99,25,43,19,2,17,0,0,0,44,693.3744221879815,175.0945510575711,301.1626278190223,133.07185880375403,14.007564084605686,119.06429471914835,0.0,0.0,0.0,308.1664098613251
1504059,Mãe do Rio,2023,17466,140,27,33,24,1,23,1,0,0,51,801.5573113477615,154.58605290278254,188.9385091034009,137.4098248024734,5.725409366769724,131.68441543570364,5.725409366769724,0.0,0.0,291.9958777052559
1504109,Magalhães Barata,2023,3964,45,7,15,7,0,7,0,0,0,14,1135.2169525731583,176.5893037336024,378.4056508577195,176.5893037336024,0.0,176.5893037336024,0.0,0.0,0.0,353.1786074672048
1504208,Marabá,2023,133761,2227,354,519,137,27,110,6,3,0,494,1664.9098018106922,264.65113149572744,388.00547244712584,102.42148309297927,20.18525579204701,82.23622730093226,4.485612398232669,2.2428061991163344,0.0,369.31542078782303
1504307,Maracanã,2023,12679,138,30,41,28,2,26,0,0,0,58,1088.413912769146,236.61172016720562,323.369350895181,220.8376054893919,15.774114677813706,205.06349081157822,0.0,0.0,0.0,457.44932565659747
1504406,Marapanim,2023,12926,233,33,53,19,4,15,2,0,0,52,1802.5684666563516,255.29939656506266,410.02630357419156,146.99056165867245,30.945381401825774,116.04518025684666,15.472690700912887,0.0,0.0,402.28995822373514
1504422,Marituba,2023,57093,1151,140,202,36,5,31,6,1,0,177,2016.008967824427,245.2139491706514,353.8086980890827,63.05501550102464,8.757641041808979,54.29737445921567,10.509169250170775,1.7515282083617956,0.0,310.0204928800378
1504455,Medicilândia,2023,12769,116,29,41,29,3,26,4,2,0,60,908.4501527136033,227.11253817840083,321.0901401832563,227.11253817840083,23.494400501213878,203.61813767718695,31.325867334951834,15.662933667475917,0.0,469.8880100242776
1504505,Melgaço,2023,13313,136,33,64,12,3,9,1,0,0,45,1021.5578757605348,247.87801397130627,480.7331180049576,90.13745962592954,22.534364906482384,67.60309471944716,7.511454968827462,0.0,0.0,338.01547359723577
1504604,Mocajuba,2023,13398,167,29,63,10,1,9,0,0,0,39,1246.4546947305566,216.45021645021646,470.21943573667716,74.63800567248843,7.4638005672488426,67.17420510523958,0.0,0.0,0.0,291.0882221227049
1504703,Moju,2023,40213,420,85,119,53,8,45,0,0,0,138,1044.4383657026335,211.3744311541044,295.92420361574614,131.79817471961803,19.89406410862159,111.90411061099644,0.0,0.0,0.0,343.17260587372243
1504752,Mojuí dos Campos,2023,11270,38,7,11,10,2,8,0,0,0,17,337.17834960070985,62.11180124223603,97.60425909494232,88.73114463176576,17.74622892635315,70.9849157054126,0.0,0.0,0.0,150.84294587400177
1504802,Monte Alegre,2023,29661,222,66,87,28,1,27,0,0,0,94,748.4575705471831,222.51441286537877,293.31445332254475,94.40005394288796,3.3714304979602847,91.02862344492767,0.0,0.0,0.0,316.91446680826675
1504901,Muaná,2023,22371,234,56,99,36,8,28,0,0,0,92,1045.997049751911,250.32408028250862,442.5372133565777,160.92262303875552,35.76058289750123,125.16204014125431,0.0,0.0,0.0,411.2467033212642
1504950,Nova Esperança do Piriá,2023,9962,73,17,25,20,5,15,0,0,0,37,732.7845814093555,170.64846416382252,250.95362377032725,200.76289901626183,50.19072475406546,150.57217426219634,0.0,0.0,0.0,371.4113631800843
1504976,Nova Ipixuna,2023,6661,62,14,19,12,2,10,1,0,0,26,930.7911724966222,210.17865185407598,285.24245608767455,180.15313016063655,30.025521693439426,150.12760846719712,15.012760846719713,0.0,0.0,390.33178201471253
1505007,Nova Timboteua,2023,6303,44,13,19,5,1,4,0,0,0,18,698.0802792321117,206.25099159130573,301.44375694113916,79.3273044581945,15.865460891638904,63.461843566555615,0.0,0.0,0.0,285.57829604950024
1505031,Novo Progresso,2023,16151,231,61,84,32,6,26,1,0,0,93,1430.251996780385,377.6855922233917,520.0916351928673,198.13014674013993,37.14940251377624,160.9807442263637,6.191567085629373,0.0,0.0,575.8157389635317
1505064,Novo Repartimento,2023,29423,217,57,74,47,6,41,1,1,0,105,737.5182680216158,193.72599666927235,251.50392550045885,159.73897970975088,20.39221017571288,139.346769534038,3.3987016959521466,3.3987016959521466,0.0,356.8636780749753
1505106,Óbidos,2023,25485,255,54,89,30,2,28,0,0,0,84,1000.5885815185403,211.8893466745144,349.22503433392194,117.71630370806356,7.847753580537571,109.86855012752599,0.0,0.0,0.0,329.605650382578
1505205,Oeiras do Pará,2023,16201,258,43,82,23,2,21,1,1,0,67,1592.4942904758966,265.4157150793161,506.1415961977656,141.96654527498302,12.344916980433306,129.6216282945497,6.172458490216653,6.172458490216653,0.0,413.5547188445158
1505304,Oriximiná,2023,33838,509,87,125,37,6,31,2,0,0,124,1504.2260180861754,257.1073940540221,369.4071753649743,109.34452390803239,17.731544417518766,91.61297949051362,5.910514805839588,0.0,0.0,366.4519179620545
1505403,Ourém,2023,8808,77,15,25,4,1,3,0,0,0,19,874.2052679382381,170.29972752043597,283.8328792007266,45.41326067211626,11.353315168029065,34.05994550408719,0.0,0.0,0.0,215.71298819255225
1505437,Ourilândia do Norte,2023,15925,175,36,44,24,3,21,2,1,0,61,1098.901098901099,226.05965463108322,276.29513343799056,150.70643642072213,18.838304552590266,131.86813186813185,12.558869701726843,6.279434850863422,0.0,383.04552590266877
1505486,Pacajá,2023,19465,153,42,62,31,5,26,3,1,0,74,786.0262008733624,215.77189827896225,318.52042126894423,159.26021063447212,25.687130747495505,133.57307988697661,15.412278448497302,5.137426149499101,0.0,380.16953506293345
1505494,Palestina do Pará,2023,3347,37,14,16,4,1,3,0,0,0,18,1105.4675829100688,418.2850313713774,478.0400358530027,119.51000896325067,29.877502240812667,89.63250672243801,0.0,0.0,0.0,537.795040334628
1505502,Paragominas,2023,53089,858,171,227,79,14,65,5,2,0,252,1616.1540055378703,322.1006234813238,427.58386859801465,148.80672078961743,26.37081127917271,122.43590951044473,9.418146885418825,3.76725875416753,0.0,474.67460302510875
1505536,Parauapebas,2023,133914,1996,373,547,191,38,153,6,2,0,566,1490.508834027809,278.53697148916467,408.4711083232522,142.62885135236047,28.376420687904176,114.25243066445628,4.480487477037502,1.4934958256791673,0.0,422.65931866720433
1505551,Pau D'Arco,2023,3376,34,8,15,5,0,5,0,0,0,13,1007.1090047393365,236.96682464454977,444.3127962085308,148.1042654028436,0.0,148.1042654028436,0.0,0.0,0.0,385.07109004739334
1505601,Peixe-Boi,2023,4083,44,10,12,4,0,4,0,0,0,14,1077.638990938036,244.91795248591723,293.9015429831006,97.96718099436688,0.0,97.96718099436688,0.0,0.0,0.0,342.8851334802841
1505635,Piçarra,2023,6098,34,17,23,6,0,6,0,0,0,23,557.5598556903902,278.7799278451951,377.172843555264,98.39291571006888,0.0,98.39291571006888,0.0,0.0,0.0,377.172843555264
1505650,Placas,2023,8813,94,24,29,18,2,16,0,0,0,42,1066.6061500056735,272.32497446953363,329.0593441506865,204.24373085215024,22.693747872461135,181.54998297968908,0.0,0.0,0.0,476.5687053216839
1505700,Ponta de Pedras,2023,12142,211,43,77,23,2,21,1,0,0,66,1737.7697249217592,354.1426453632021,634.1624114643387,189.42513589194533,16.471750947125678,172.95338494481965,8.235875473562839,0.0,0.0,543.5677812551473
1505809,Portel,2023,29876,385,58,93,40,9,31,2,0,0,98,1288.659793814433,194.13576114607042,311.28665149283705,133.88673182487616,30.124514660597136,103.76221716427902,6.6943365912438075,0.0,0.0,328.0224929709466
1505908,Porto de Moz,2023,19479,225,42,65,19,4,15,2,1,0,62,1155.0900970275682,215.61681811181273,333.69269469685304,97.54094152677241,20.53493505826788,77.00600646850454,10.26746752913394,5.13373376456697,0.0,318.2914934031521
1506005,Prainha,2023,17110,127,27,49,13,6,7,2,1,0,41,742.2559906487434,157.80245470485096,286.38223261250727,75.97895967270603,35.067212156633545,40.91174751607247,11.68907071887785,5.844535359438925,0.0,239.6259497369959
1506104,Primavera,2023,5369,58,22,27,7,1,6,0,0,0,29,1080.2756565468428,409.7597317936301,502.88694356490964,130.3780964797914,18.625442354255913,111.75265412553547,0.0,0.0,0.0,540.1378282734214
1506112,Quatipuru,2023,5676,72,18,28,5,2,3,0,0,0,23,1268.4989429175475,317.1247357293869,493.3051444679351,88.09020436927415,35.236081747709655,52.854122621564485,0.0,0.0,0.0,405.214940098661
1506138,Redenção,2023,43371,774,137,220,52,9,43,4,2,0,191,1784.6026146503425,315.87927416937583,507.2513891770999,119.89578289640544,20.751193193608636,99.14458970279681,9.222752530492725,4.611376265246363,0.0,440.38643333102766
1506161,Rio Maria,2023,9063,75,15,21,9,0,9,2,0,0,24,827.540549486925,165.50810989738497,231.71135385633897,99.30486593843098,0.0,99.30486593843098,22.067747986317997,0.0,0.0,264.81297583581596
1506187,Rondon do Pará,2023,25787,213,44,64,22,1,21,1,0,0,66,825.9975956877497,170.62861131577927,248.18707100476982,85.31430565788963,3.8779229844495284,81.43638267344011,3.8779229844495284,0.0,0.0,255.9429169736689
1506195,Rurópolis,2023,17398,97,35,37,17,1,16,0,0,0,52,557.5353488906771,201.172548568801,212.6681227727325,97.71238073341763,5.747787101965743,91.96459363145189,0.0,0.0,0.0,298.88492930221867
1506203,Salinópolis,2023,22189,558,93,132,54,8,46,1,0,0,147,2514.759565550498,419.12659425841633,594.889359592591,243.36382892424174,36.05390058136915,207.30992834287258,4.506737572671144,0.0,0.0,662.4904231826581
1506302,Salvaterra,2023,12078,273,51,88,34,7,27,0,0,0,85,2260.307998012916,422.25534028812723,728.5974499089253,281.50356019208476,57.956615333664516,223.54694485842026,0.0,0.0,0.0,703.758900480212
1506351,Santa Bárbara do Pará,2023,10602,157,22,31,19,5,14,2,1,0,42,1480.8526693076776,207.508017355216,292.39766081871346,179.21146953405017,47.160913035276366,132.05055649877383,18.864365214110546,9.432182607055273,0.0,396.15166949632146
1506401,Santa Cruz do Arari,2023,3557,50,11,31,0,0,0,0,0,0,11,1405.678942929435,309.2493674444757,871.5209446162496,0.0,0.0,0.0,0.0,0.0,0.0,309.2493674444757
1506500,Santa Izabel do Pará,2023,33377,527,56,99,42,9,33,3,0,0,98,1578.9315996045182,167.78020792761484,296.6114390148905,125.83515594571112,26.964676274080954,98.87047967163016,8.98822542469365,0.0,0.0,293.6153638733259
1506559,Santa Luzia do Pará,2023,10130,60,14,20,8,1,7,0,0,0,22,592.3000987166831,138.20335636722606,197.43336623889437,78.97334649555775,9.871668311944719,69.10167818361303,0.0,0.0,0.0,217.17670286278383
1506583,Santa Maria das Barreiras,2023,7778,56,18,28,9,1,8,0,0,0,27,719.9794291591669,231.42195937258938,359.98971457958345,115.71097968629469,12.856775520699408,102.85420416559526,0.0,0.0,0.0,347.13293905888406
1506609,Santa Maria do Pará,2023,12477,96,16,27,10,1,9,0,0,0,26,769.4157249338783,128.23595415564637,216.3981726376533,80.147471347279,8.014747134727898,72.1327242125511,0.0,0.0,0.0,208.3834255029254
1506708,Santana do Araguaia,2023,15740,282,95,123,20,4,16,3,0,0,115,1791.6137229987296,603.5578144853876,781.448538754765,127.06480304955528,25.412960609911053,101.65184243964421,19.05972045743329,0.0,0.0,730.6226175349428
1506807,Santarém,2023,168862,2273,398,601,147,36,111,8,3,0,548,1346.0695716028472,235.69541992869918,355.91192808328697,87.05333349125321,21.319183712143644,65.73414977910957,4.737596380476365,1.776598642678637,0.0,324.52535206263104
1506906,Santarém Novo,2023,2911,42,17,19,6,2,4,1,0,0,23,1442.8031604259704,583.9917554105118,652.6966678117485,206.11473720371006,68.7049124012367,137.4098248024734,34.35245620061835,0.0,0.0,790.1064926142219
1507003,Santo Antônio do Tauá,2023,13701,226,52,72,25,5,20,0,0,0,77,1649.5146339683236,379.53434055908326,525.5090869279614,182.46843296109773,36.49368659221955,145.9747463688782,0.0,0.0,0.0,562.002773520181
1507102,São Caetano de Odivelas,2023,8193,116,24,37,22,2,20,0,0,0,46,1415.842792627853,292.9329915781765,451.60502868302206,268.52190894666177,24.41108263151471,244.11082631514708,0.0,0.0,0.0,561.4549005248382
1507151,São Domingos do Araguaia,2023,10376,69,27,37,3,2,1,1,0,0,30,664.9961449498844,260.2158828064765,356.5921356977641,28.912875867386276,19.275250578257516,9.637625289128758,9.637625289128758,0.0,0.0,289.12875867386276
1507201,São Domingos do Capim,2023,14584,94,17,27,20,2,18,0,0,0,37,644.5419637959408,116.5660998354361,185.13439385628084,137.13658804168952,13.713658804168952,123.42292923752058,0.0,0.0,0.0,253.7026878771256
1507300,São Félix do Xingu,2023,30588,398,83,113,76,17,59,3,1,0,160,1301.1638551065778,271.3482411403165,369.42591866091277,248.463449718844,55.57735059500458,192.88609912383941,9.80776775205963,3.26925591735321,0.0,523.0809467765137
1507409,São Francisco do Pará,2023,7348,73,14,18,3,0,3,0,0,0,17,993.4676102340773,190.5280348394121,244.96461622210126,40.827436037016874,0.0,40.827436037016874,0.0,0.0,0.0,231.35547087642897
1507458,São Geraldo do Araguaia,2023,12013,115,32,49,19,1,18,0,0,0,51,957.2962623824191,266.37809040206446,407.8914509281612,158.16199117622574,8.324315325064514,149.83767585116126,0.0,0.0,0.0,424.5400815782902
1507466,São João da Ponta,2023,2143,28,3,5,2,0,2,0,0,0,5,1306.5795613625758,139.99066728884742,233.31777881474568,93.32711152589827,0.0,93.32711152589827,0.0,0.0,0.0,233.31777881474568
1507474,São João de Pirabas,2023,10031,107,22,32,20,4,16,0,0,0,42,1066.6932509221415,219.32010766623466,319.01106569634135,199.38191606021334,39.87638321204267,159.50553284817067,0.0,0.0,0.0,418.70202372644803
1507508,São João do Araguaia,2023,6374,48,10,14,10,1,9,1,1,0,21,753.0593034201444,156.88735487919672,219.64229683087544,156.88735487919672,15.688735487919672,141.19861939127708,15.688735487919672,15.688735487919672,0.0,329.46344524631314
1507607,São Miguel do Guamá,2023,26713,441,106,132,41,6,35,2,2,0,149,1650.8815932317598,396.81054168382434,494.14142926664914,153.48332272676225,22.460974057574965,131.0223486691873,7.486991352524988,7.486991352524988,0.0,557.7808557631116
1507706,São Sebastião da Boa Vista,2023,12314,150,34,52,20,2,18,0,0,0,54,1218.1257105733312,276.1084943966217,422.2835796654215,162.4167614097775,16.24167614097775,146.17508526879973,0.0,0.0,0.0,438.5252558063992
1507755,Sapucaia,2023,2879,30,8,12,5,1,4,0,0,0,13,1042.0284821118444,277.8742618964918,416.8113928447377,173.67141368530739,34.73428273706148,138.9371309482459,0.0,0.0,0.0,451.54567558179923
1507805,Senador José Porfírio,2023,10381,108,28,36,25,6,19,0,0,0,53,1040.3622001733938,269.72353337828724,346.7874000577979,240.82458337347077,57.79790000963298,183.02668336383778,0.0,0.0,0.0,510.548116751758
1507904,Soure,2023,12264,334,90,141,17,9,8,1,1,0,108,2723.4181343770383,733.8551859099804,1149.706457925636,138.6170906718852,73.38551859099803,65.23157208088715,8.153946510110893,8.153946510110893,0.0,880.6262230919765
1507953,Tailândia,2023,35923,494,127,157,62,15,47,2,1,0,190,1375.163544247418,353.5339476101662,437.04590373855194,172.5913759986638,41.75597806419285,130.83539793447093,5.567463741892381,2.7837318709461907,0.0,528.9090554797763
1507961,Terra Alta,2023,5103,66,18,23,6,0,6,0,0,0,24,1293.3568489124045,352.7336860670194,450.71526553008033,117.57789535567314,0.0,117.57789535567314,0.0,0.0,0.0,470.31158142269254
1507979,Terra Santa,2023,9263,151,36,54,25,4,21,0,0,0,61,1630.1414228651627,388.64298823275396,582.9644823491309,269.89096405052356,43.182554248083775,226.7084098024398,0.0,0.0,0.0,658.5339522832775
1508001,Tomé-Açu,2023,33173,603,110,176,97,17,80,2,0,0,207,1817.7433454918155,331.5949718144274,530.5519549030838,292.4064751454496,51.24649564404787,241.15997950140172,6.028999487535043,0.0,0.0,624.001446959877
1508035,Tracuateua,2023,13891,127,24,39,7,1,6,0,0,0,31,914.2610323230869,172.77373839176445,280.75732488661725,50.39234036426463,7.198905766323519,43.19343459794111,0.0,0.0,0.0,223.16607875602907
1508050,Trairão,2023,7222,98,27,42,19,0,19,1,0,0,46,1356.9648296870673,373.85765715868183,581.5563555801717,263.0850180005539,0.0,263.0850180005539,13.846579894765993,0.0,0.0,636.9426751592357
1508084,Tucumã,2023,19793,160,22,29,30,3,27,3,1,0,53,808.3665942504927,111.15040670944273,146.51644520790177,151.56873642196737,15.156873642196736,136.41186277977062,15.156873642196736,5.052291214065579,0.0,267.77143434547565
1508100,Tucuruí,2023,46135,788,123,182,82,9,73,3,2,0,207,1708.0307792348544,266.6088652866587,394.494418554243,177.73924352443916,19.507965752682345,158.2312777717568,6.502655250894116,4.335103500596077,0.0,448.6832123116939
1508126,Ulianópolis,2023,18972,173,66,82,25,4,21,1,0,0,91,911.8701243938435,347.8810879190386,432.21589711153274,131.77313936327218,21.08370229812355,110.68943706514865,5.270925574530888,0.0,0.0,479.6542272823108
1508159,Uruará,2023,20746,227,55,75,24,8,16,3,1,0,80,1094.1868311963751,265.1113467656416,361.5154728622385,115.68495131591631,38.56165043863877,77.12330087727754,14.460618914489539,4.8202063048298465,0.0,385.6165043863877
1508209,Vigia,2023,25137,324,42,78,25,3,22,0,0,0,67,1288.936627282492,167.0843776106934,310.2995584198592,99.45498667303178,11.934598400763814,87.52038827226798,0.0,0.0,0.0,266.5393642837252
1508308,Viseu,2023,28220,230,31,52,39,4,35,3,0,0,70,815.0248051027639,109.85116938341602,184.26647767540751,138.19985825655564,14.174344436569807,124.02551381998582,10.630758327427356,0.0,0.0,248.05102763997164
1508357,Vitória do Xingu,2023,7576,155,30,47,27,0,27,0,0,0,57,2045.934530095037,395.987328405491,620.3801478352692,356.3885955649419,0.0,356.3885955649419,0.0,0.0,0.0,752.375923970433
1508407,Xinguara,2023,26303,325,110,137,25,2,23,3,1,0,136,1235.6005018438962,418.2032467779341,520.853134623427,95.04619244953048,7.603695395962438,87.44249705356803,11.405543093943656,3.801847697981219,0.0,517.0512869254458
1500107,Abaetetuba,2024,78891,1112,179,325,122,17,105,1,0,0,301,1409.539744711057,226.89533660366834,411.96080668263807,154.643748970098,21.548719118784145,133.09502985131385,1.2675717128696555,0.0,0.0,381.53908557376633
1500131,Abel Figueiredo,2024,3023,36,11,14,7,2,5,1,0,0,18,1190.8699966920278,363.87694343367514,463.11610982467744,231.55805491233872,66.15944426066821,165.39861065167054,33.079722130334105,0.0,0.0,595.4349983460139
1500206,Acará,2024,28472,230,38,62,47,6,41,0,0,0,85,807.8111829165496,133.46445630795168,217.75779713402642,165.0744591177297,21.073335206518685,144.001123911211,0.0,0.0,0.0,298.53891542568135
1500305,Afuá,2024,18057,165,38,46,19,1,18,0,0,0,57,913.7730520019937,210.44470288530763,254.74885086116186,105.22235144265382,5.538018496981779,99.68433294567204,0.0,0.0,0.0,315.66705432796147
1500347,Água Azul do Norte,2024,8384,63,15,22,12,0,12,1,0,0,27,751.4312977099237,178.91221374045801,262.40458015267177,143.12977099236642,0.0,143.12977099236642,11.927480916030534,0.0,0.0,322.04198473282446
1500404,Alenquer,2024,33688,265,52,84,25,2,23,1,1,0,78,786.6302540964142,154.3576347660888,249.34694846829734,74.2104013298504,5.936832106388032,68.27356922346236,2.968416053194016,2.968416053194016,0.0,231.53645214913323
1500503,Almeirim,2024,16633,172,33,57,27,0,27,1,0,0,60,1034.0888594961823,198.40076955450007,342.69223832140926,162.32790236277282,0.0,162.32790236277282,6.012144531954548,0.0,0.0,360.7286719172729
1500602,Altamira,2024,63337,803,204,291,65,11,54,4,0,0,269,1267.8213366594566,322.08661603801886,459.4470846424681,102.62563746309425,17.367415570677487,85.25822189241676,6.315423843882722,0.0,0.0,424.7122535011131
1500701,Anajás,2024,13503,177,33,61,23,4,19,0,0,0,56,1310.8198178182627,244.3901355254388,451.75146263793226,170.33251869954825,29.62304673035622,140.709471969192,0.0,0.0,0.0,414.722654224987
1500800,Ananindeua,2024,251474,5802,460,836,207,43,164,4,1,0,668,2307.1967678567166,182.9214948662685,332.43993414826184,82.31467268982081,17.09918321575988,65.21548947406093,1.590621694489291,0.39765542362232276,0.0,265.6338229797116
1500859,Anapu,2024,15245,162,41,54,23,4,19,1,1,0,65,1062.6434896687438,268.94063627418825,354.2144965562479,150.8691374221056,26.23811085601837,124.63102656608724,6.5595277140045924,6.5595277140045924,0.0,426.3693014102984
1500909,Augusto Corrêa,2024,21776,182,33,44,24,2,22,0,0,0,57,835.7825128581926,151.54298310066127,202.0573108008817,110.21307861866275,9.184423218221895,101.02865540044085,0.0,0.0,0.0,261.756061719324
1500958,Aurora do Pará,2024,11695,77,18,34,7,1,6,1,1,0,26,658.4010260795211,153.9119281744335,290.7225309961522,59.854638734501926,8.550662676357417,51.3039760581445,8.550662676357417,8.550662676357417,0.0,222.31722958529286
1501006,Aveiro,2024,8704,29,6,8,5,0,5,1,1,0,12,333.18014705882354,68.93382352941177,91.91176470588235,57.44485294117647,0.0,57.44485294117647,11.488970588235293,11.488970588235293,0.0,137.86764705882354
1501105,Bagre,2024,15639,153,16,33,26,2,24,0,0,0,42,978.3234222136965,102.30833173476566,211.01093420295416,166.25103906899417,12.788541466845707,153.4624976021485,0.0,0.0,0.0,268.5593708037598
1501204,Baião,2024,25724,220,50,82,15,2,13,1,0,0,65,855.2324677344114,194.37101539418444,318.7684652464624,58.31130461825532,7.774840615767377,50.536464002487946,3.8874203078836884,0.0,0.0,252.68232001243976
1501253,Bannach,2024,1867,8,0,3,3,0,3,0,0,0,3,428.49491162292446,0.0,160.68559185859667,160.68559185859667,0.0,160.68559185859667,0.0,0.0,0.0,160.68559185859667
1501303,Barcarena,2024,63256,1019,171,241,117,20,97,1,1,0,289,1610.9143796635892,270.3300872644492,380.9915264955103,184.9626912862021,31.617554066017455,153.34513722018465,1.5808777033008725,1.5808777033008725,0.0,456.8736562539522
1501402,Belém,2024,692626,20400,1483,2612,624,146,478,20,2,1,2110,2945.3124774409275,214.11266686494588,377.11549956253447,90.09191107466367,21.079197142469386,69.01271393219429,2.8875612523930667,0.2887561252393066,0.1443780626196533,304.6377121274685
1501451,Belterra,2024,8935,100,18,30,13,2,11,1,1,0,32,1119.194180190263,201.45495243424736,335.7582540570789,145.49524342473418,22.383883603805263,123.11135982092893,11.191941801902631,11.191941801902631,0.0,358.1421376608842
1501501,Benevides,2024,32316,525,65,108,55,8,47,0,0,0,120,1624.5822502784997,201.13875479638568,334.19977720014856,170.19433098155713,24.755539051862854,145.43879192969428,0.0,0.0,0.0,371.3330857779428
1501576,Bom Jesus do Tocantins,2024,8036,82,23,28,10,1,9,0,0,0,33,1020.408163265306,286.21204579392736,348.4320557491289,124.44001991040318,12.444001991040318,111.99601791936286,0.0,0.0,0.0,410.6520657043305
1501600,Bonito,2024,6145,41,8,13,3,2,1,0,0,0,11,667.2091131000814,130.18714401952806,211.5541090317331,48.82017900732303,32.546786004882016,16.273393002441008,0.0,0.0,0.0,179.00732302685108
1501709,Bragança,2024,61501,826,105,174,54,4,50,1,1,0,160,1343.0675923968715,170.72893123689045,282.922228906847,87.80345035040081,6.503959285214875,81.29949106518593,1.6259898213037187,1.6259898213037187,0.0,260.158371408595
1501725,Brasil Novo,2024,12083,87,24,30,21,4,17,1,0,0,45,720.0198626168998,198.62616899776543,248.2827112472068,173.79789787304477,33.10436149962757,140.6935363734172,8.276090374906893,0.0,0.0,372.42406687081024
1501758,Brejo Grande do Araguaia,2024,3344,31,12,19,5,0,5,0,0,0,17,927.0334928229665,358.85167464114835,568.1818181818182,149.52153110047846,0.0,149.52153110047846,0.0,0.0,0.0,508.37320574162675
1501782,Breu Branco,2024,22612,198,33,55,36,7,29,1,0,0,69,875.6412524323367,145.9402087387228,243.23368123120468,159.20750044224306,30.957013974880596,128.25048646736246,4.422430567840085,0.0,0.0,305.1477091809659
1501808,Breves,2024,51690,730,122,191,83,16,67,3,1,0,206,1412.265428516154,236.02244147804217,369.5105436254595,160.57264461211068,30.953762816792416,129.61888179531823,5.803830528148578,1.934610176049526,0.0,398.5296962662024
1501907,Bujaru,2024,12030,115,29,46,19,3,16,0,0,0,48,955.9434746467166,241.06400665004156,382.3773898586866,157.93848711554446,24.937655860349125,133.00083125519535,0.0,0.0,0.0,399.002493765586
1501956,Cachoeira do Piriá,2024,9279,49,13,18,10,3,7,0,0,0,23,528.0741459208966,140.1013040198297,193.98642095053347,107.77023386140748,32.33107015842224,75.43916370298524,0.0,0.0,0.0,247.8715378812372
1502004,Cachoeira do Arari,2024,11855,137,33,72,14,2,12,0,0,0,47,1155.630535638971,278.36355967946014,607.3386756642767,118.09363137916492,16.87051876845213,101.22311261071277,0.0,0.0,0.0,396.457191058625
1502103,Cametá,2024,65344,666,116,207,74,14,60,0,0,0,190,1019.2213516160626,177.52203721841332,316.785014691479,113.24681684622918,21.42507345739471,91.82174338883448,0.0,0.0,0.0,290.7688540646425
1502152,Canaã dos Carajás,2024,37692,690,164,228,51,7,44,3,1,0,216,1830.6271887933779,435.10559269871595,604.9028971665075,135.3072269977714,18.571580176164705,116.73564682160671,7.959248646927731,2.6530828823092434,0.0,573.0659025787966
1502202,Capanema,2024,36044,470,91,120,38,3,35,1,0,0,129,1303.9618244367994,252.46920430584842,332.92642326045944,105.4267006991455,8.323160581511486,97.10354011763401,2.774386860503829,0.0,0.0,357.8959050049939
1502301,Capitão Poço,2024,27835,177,46,77,19,1,18,1,0,0,65,635.8900664630861,165.25956529549129,276.6301419076702,68.25938566552901,3.592599245554158,64.66678641997485,3.592599245554158,0.0,0.0,233.51895096102032
1502400,Castanhal,2024,99750,2234,279,395,112,33,79,2,0,0,391,2239.5989974937343,279.69924812030075,395.98997493734333,112.28070175438596,33.0827067669173,79.19799498746866,2.0050125313283207,0.0,0.0,391.9799498746867
1502509,Chaves,2024,9639,64,19,36,12,1,11,0,0,0,31,663.9692914202718,197.11588339039318,373.48272642390293,124.49424214130097,10.374520178441747,114.11972196285923,0.0,0.0,0.0,321.61012553169417
1502608,Colares,2024,6422,52,12,21,4,1,3,0,0,0,16,809.7165991902834,186.85767673621925,327.0009342883837,62.28589224540642,15.571473061351606,46.71441918405481,0.0,0.0,0.0,249.1435689816257
1502707,Conceição do Araguaia,2024,22127,260,75,102,19,3,16,3,0,0,94,1175.0350250824783,338.9524110814842,460.9752790708185,85.86794414064265,13.558096443259366,72.30984769738329,13.558096443259366,0.0,0.0,424.82035522212675
1502756,Concórdia do Pará,2024,13331,227,40,61,25,2,23,0,0,0,65,1702.7979896481884,300.0525091891081,457.5800765133899,187.53281824319257,15.002625459455405,172.53019278373714,0.0,0.0,0.0,487.58532743230063
1502764,Cumaru do Norte,2024,6330,71,24,42,6,1,5,0,1,0,31,1121.6429699842022,379.1469194312796,663.5071090047394,94.7867298578199,15.79778830963665,78.98894154818325,0.0,15.79778830963665,0.0,489.7314375987362
1502772,Curionópolis,2024,9754,113,23,34,15,3,12,0,0,0,38,1158.4990773016198,235.80069714988724,348.5749436128768,153.78306335862212,30.756612671724422,123.02645068689769,0.0,0.0,0.0,389.58376050850933
1502806,Curralinho,2024,16040,275,37,79,22,3,19,1,0,0,59,1714.4638403990025,230.67331670822944,492.5187032418952,137.1571072319202,18.703241895261847,118.45386533665834,6.234413965087281,0.0,0.0,367.8304239401496
1502855,Curuá,2024,6779,72,17,28,3,1,2,0,0,0,20,1062.103555096622,250.77445050892462,413.0402714264641,44.25431479569258,14.751438265230862,29.502876530461723,0.0,0.0,0.0,295.0287653046172
1502905,Curuçá,2024,20517,275,18,41,19,2,17,1,0,0,37,1340.3519032997026,87.73212457961691,199.83428376468294,92.60613150070674,9.748013842179656,82.85811765852708,4.874006921089828,0.0,0.0,180.33825608032365
1502939,Dom Eliseu,2024,29577,158,21,39,40,4,36,1,1,0,62,534.1988707441593,71.00111573181864,131.85921493052032,135.2402204415593,13.524022044155931,121.71619839740337,3.3810055110389827,3.3810055110389827,0.0,209.62234168441694
1502954,Eldorado do Carajás,2024,13749,129,32,46,19,4,15,1,0,0,51,938.2500545494217,232.74419957815115,334.56978689359227,138.19186849952723,29.093024947268894,109.09884355225834,7.2732562368172236,0.0,0.0,370.9360680776783
1503002,Faro,2024,4245,79,30,42,14,4,10,0,0,0,44,1861.0129564193167,706.7137809187279,989.3992932862191,329.7997644287397,94.22850412249706,235.5712603062426,0.0,0.0,0.0,1036.5135453474675
1503044,Floresta do Araguaia,2024,8400,74,22,32,16,1,15,5,3,0,41,880.9523809523808,261.90476190476187,380.95238095238096,190.47619047619048,11.904761904761905,178.57142857142856,59.52380952380953,35.714285714285715,0.0,488.0952380952381
1503077,Garrafão do Norte,2024,12009,88,28,35,17,1,16,1,0,0,45,732.7837455241902,233.1584644849696,291.448080606212,141.56049629444584,8.327088017320342,133.23340827712548,8.327088017320342,0.0,0.0,374.71896077941545
1503093,Goianésia do Pará,2024,12837,130,31,43,19,2,17,1,0,0,50,1012.6976707953572,241.48944457427746,334.96922957077203,148.00965957778297,15.579964166082418,132.42969541170055,7.789982083041209,0.0,0.0,389.49910415206045
1503101,Gurupá,2024,15079,115,28,48,13,2,11,0,0,0,41,762.6500431063067,185.68870614762253,318.3234962530672,86.21261356853903,13.263479010544465,72.94913455799455,0.0,0.0,0.0,271.90131971616154
1503200,Igarapé-Açu,2024,18030,241,39,69,20,2,18,0,0,0,59,1336.661120354964,216.30615640599004,382.6955074875208,110.92623405435387,11.092623405435384,99.83361064891847,0.0,0.0,0.0,327.2323904603439
1503309,Igarapé-Miri,2024,31557,259,62,79,30,7,23,0,0,0,92,820.7370789365275,196.4698798998637,250.3406534207941,95.0660709192889,22.182083214500746,72.88398770478815,0.0,0.0,0.0,291.5359508191526
1503408,Inhangapi,2024,5096,71,9,27,11,3,8,0,0,0,20,1393.2496075353217,176.60910518053376,529.8273155416013,215.85557299843012,58.86970172684458,156.98587127158558,0.0,0.0,0.0,392.4646781789639
1503457,Ipixuna do Pará,2024,14692,184,44,70,22,4,18,1,0,0,66,1252.3822488429078,299.48271167982574,476.449768581541,149.74135583991287,27.225701061802344,122.51565477811054,6.806425265450586,0.0,0.0,449.22406751973864
1503507,Irituia,2024,15044,79,13,22,11,4,7,1,0,0,24,525.1262961978197,86.4131879819197,146.23770273863335,73.11885136931667,26.588673225206065,46.53017814411061,6.647168306301516,0.0,0.0,159.53203935123636
1503606,Itaituba,2024,61026,1187,215,314,85,16,69,2,1,0,301,1945.072592009963,352.30885196473633,514.5347884508243,139.28489496280275,26.21833316946875,113.06656179333397,3.2772916461835937,1.6386458230917968,0.0,493.2323927506308
1503705,Itupiranga,2024,23706,247,55,71,11,3,8,0,0,0,66,1041.930313000928,232.0087741500042,299.50223572091454,46.40175483000084,12.655024044545685,33.746730785455156,0.0,0.0,0.0,278.41052898000504
1503754,Jacareacanga,2024,11482,89,29,43,8,1,7,1,0,0,37,775.1262846194043,252.56923880856993,374.4992161644313,69.67427277477792,8.70928409684724,60.96498867793068,8.70928409684724,0.0,0.0,322.2435115833478
1503804,Jacundá,2024,19203,191,51,73,19,1,18,2,1,0,71,994.6362547518618,265.58350257772224,380.14893506222984,98.94287350934749,5.20751965838671,93.73535385096079,10.41503931677342,5.20751965838671,0.0,369.73389574545644
1503903,Juruti,2024,24727,397,71,109,33,5,28,0,0,0,104,1605.532413960448,287.13551987705745,440.81368544506006,133.4573543090549,20.22081125894771,113.23654305010716,0.0,0.0,0.0,420.59287418611234
1504000,Limoeiro do Ajuru,2024,14278,123,31,54,10,1,9,0,0,0,41,861.4651912032498,217.11724331138814,378.20423028435357,70.03782042302844,7.003782042302843,63.03403838072559,0.0,0.0,0.0,287.15506373441656
1504059,Mãe do Rio,2024,17466,116,17,28,18,3,15,1,1,0,36,664.147486545288,97.33195923508531,160.31146226955227,103.05736860185503,17.176228100309174,85.88114050154586,5.725409366769724,5.725409366769724,0.0,206.11473720371006
1504109,Magalhães Barata,2024,3964,38,7,12,7,1,6,0,0,0,14,958.627648839556,176.5893037336024,302.72452068617554,176.5893037336024,25.22704339051463,151.36226034308777,0.0,0.0,0.0,353.1786074672048
1504208,Marabá,2024,133761,2084,367,531,155,37,118,10,2,0,524,1558.0027063194802,274.36995835856493,396.97669724359116,115.87832028767727,27.661276455768125,88.21704383190915,7.476020663721115,1.495204132744223,0.0,391.74348277898633
1504307,Maracanã,2024,12679,167,33,61,15,3,12,1,0,0,48,1317.1385755974445,260.2728921839262,481.11049767331804,118.30586008360281,23.661172016720563,94.64468806688225,7.887057338906853,0.0,0.0,378.578752267529
1504406,Marapanim,2024,12926,194,28,49,18,3,15,1,1,0,47,1500.8509979885503,216.61766981278043,379.0809221723658,139.254216308216,23.209036051369335,116.04518025684666,7.7363453504564434,7.7363453504564434,0.0,363.6082314714529
1504422,Marituba,2024,57093,1033,112,172,55,13,42,1,1,0,168,1809.328639237735,196.17115933652113,301.26285183822887,96.33405145989876,22.769866708703344,73.56418475119541,1.7515282083617956,1.7515282083617956,0.0,294.25673900478165
1504455,Medicilândia,2024,12769,105,25,36,27,1,26,0,0,0,52,822.3040175424858,195.78667084344897,281.9328060145665,211.44960451092487,7.8314668337379585,203.61813767718695,0.0,0.0,0.0,407.2362753543739
1504505,Melgaço,2024,13313,124,24,57,9,2,7,1,0,0,33,931.4204161346053,180.27491925185907,428.1529332231653,67.60309471944716,15.022909937654925,52.580184781792234,7.511454968827462,0.0,0.0,247.87801397130627
1504604,Mocajuba,2024,13398,189,50,88,11,2,9,1,0,0,61,1410.6583072100314,373.19002836244215,656.8144499178982,82.10180623973727,14.927601134497685,67.17420510523958,7.4638005672488426,0.0,0.0,455.2918346021794
1504703,Moju,2024,40213,392,73,109,73,8,65,1,0,0,146,974.809141322458,181.533334991172,271.0566234799692,181.533334991172,19.89406410862159,161.63927088255042,2.4867580135776985,0.0,0.0,363.066669982344
1504752,Mojuí dos Campos,2024,11270,52,17,22,9,2,7,1,0,0,26,461.40195208518185,150.84294587400177,195.20851818988464,79.85803016858918,17.74622892635315,62.11180124223603,8.873114463176575,0.0,0.0,230.70097604259092
1504802,Monte Alegre,2024,29661,247,55,83,22,5,17,0,0,0,77,832.7433329961904,185.42867738781567,279.8287313307036,74.17147095512625,16.857152489801422,57.31431846532483,0.0,0.0,0.0,259.6001483429419
1504901,Muaná,2024,22371,254,69,111,30,8,22,1,0,0,99,1135.398506995664,308.43502749094813,496.17808770282954,134.10218586562962,35.76058289750123,98.34160296812838,4.470072862187654,0.0,0.0,442.5372133565777
1504950,Nova Esperança do Piriá,2024,9962,49,16,23,9,3,6,0,0,0,25,491.86910258984136,160.61031921300943,230.87733386870107,90.34330455731781,30.11443485243927,60.22886970487854,0.0,0.0,0.0,250.95362377032725
1504976,Nova Ipixuna,2024,6661,57,10,20,13,2,11,1,0,0,23,855.7273682630235,150.12760846719712,300.25521693439424,195.16589100735627,30.025521693439426,165.14036931391684,15.012760846719713,0.0,0.0,345.29349947455336
1505007,Nova Timboteua,2024,6303,46,10,20,2,0,2,0,0,0,12,729.8112010153895,158.654608916389,317.309217832778,31.730921783277807,0.0,31.730921783277807,0.0,0.0,0.0,190.38553069966682
1505031,Novo Progresso,2024,16151,249,77,110,32,3,29,0,0,0,109,1541.700204321714,476.7506655934617,681.0723794192311,198.13014674013993,18.57470125688812,179.55544548325182,0.0,0.0,0.0,674.8808123336016
1505064,Novo Repartimento,2024,29423,195,51,67,35,3,32,3,1,0,87,662.7468307106685,173.33378649355947,227.7130136287938,118.95455935832511,10.19610508785644,108.75845427046869,10.19610508785644,3.3987016959521466,0.0,295.6870475478367
1505106,Óbidos,2024,25485,226,36,65,17,7,10,1,0,0,53,886.7961546007455,141.25956444967628,255.0519913674711,66.70590543456936,27.467137531881498,39.238767902687854,3.9238767902687854,0.0,0.0,207.96546988424564
1505205,Oeiras do Pará,2024,16201,379,65,110,33,6,27,2,1,0,99,2339.3617677921116,401.20980186408246,678.9704339238318,203.69113017714955,37.03475094129992,166.65637923584964,12.344916980433306,6.172458490216653,0.0,611.0733905314487
1505304,Oriximiná,2024,33838,439,54,108,36,5,31,1,0,0,90,1297.3579998817897,159.58389975766892,319.16779951533783,106.3892665051126,14.776287014598973,91.61297949051362,2.955257402919794,0.0,0.0,265.9731662627815
1505403,Ourém,2024,8808,81,18,32,7,1,6,1,0,0,25,919.6185286103542,204.35967302452315,363.30608537693007,79.47320617620345,11.353315168029065,68.11989100817438,11.353315168029065,0.0,0.0,283.8328792007266
1505437,Ourilândia do Norte,2024,15925,134,26,42,28,3,25,2,1,0,55,841.4442700156985,163.26530612244898,263.7362637362637,175.82417582417582,18.838304552590266,156.98587127158558,12.558869701726843,6.279434850863422,0.0,345.3689167974882
1505486,Pacajá,2024,19465,126,36,48,23,5,18,1,0,0,59,647.3156948368867,184.94734138196765,246.59645517595683,118.16080143847933,25.687130747495505,92.47367069098382,5.137426149499101,0.0,0.0,303.1081428204469
1505494,Palestina do Pará,2024,3347,28,10,15,2,0,2,0,0,0,12,836.5700627427548,298.7750224081267,448.16253361219,59.755004481625335,0.0,59.755004481625335,0.0,0.0,0.0,358.53002688975204
1505502,Paragominas,2024,53089,831,141,198,77,12,65,5,2,0,220,1565.2960123566088,265.59174216881087,372.9586166625855,145.0394620354499,22.60355252500518,122.43590951044473,9.418146885418825,3.76725875416753,0.0,414.3984629584283
1505536,Parauapebas,2024,133914,1937,352,506,99,21,78,3,3,0,454,1446.4507071702733,262.85526531953343,377.8544438968293,73.92804337111878,15.681706169631257,58.24633720148753,2.240243738518751,2.240243738518751,0.0,339.02355242917093
1505551,Pau D'Arco,2024,3376,25,4,10,2,0,2,0,0,0,6,740.5213270142181,118.48341232227489,296.2085308056872,59.241706161137444,0.0,59.241706161137444,0.0,0.0,0.0,177.7251184834123
1505601,Peixe-Boi,2024,4083,37,8,12,6,1,5,0,0,0,14,906.1964241978937,195.93436198873377,293.9015429831006,146.9507714915503,24.49179524859172,122.45897624295861,0.0,0.0,0.0,342.8851334802841
1505635,Piçarra,2024,6098,23,12,17,2,0,2,0,0,0,14,377.172843555264,196.78583142013775,278.7799278451951,32.797638570022954,0.0,32.797638570022954,0.0,0.0,0.0,229.58346999016072
1505650,Placas,2024,8813,76,25,39,11,0,11,1,1,0,37,862.3624191535232,283.67184840576425,442.5280835129922,124.81561329853626,0.0,124.81561329853626,11.346873936230567,11.346873936230567,0.0,419.834335640531
1505700,Ponta de Pedras,2024,12142,193,50,84,16,5,11,0,0,0,66,1589.5239663976283,411.79377367814203,691.8135397792786,131.77400757700542,41.1793773678142,90.59463020919124,0.0,0.0,0.0,543.5677812551473
1505809,Portel,2024,29876,378,48,95,57,3,54,1,2,0,107,1265.2296157450796,160.66407818985138,317.9809880840809,190.7885928504485,10.041504886865711,180.74708796358283,3.3471682956219038,6.6943365912438075,0.0,358.1470076315437
1505908,Porto de Moz,2024,19479,184,38,67,14,3,11,1,0,0,52,944.6070126803223,195.08188305354483,343.96016222598695,71.87227270393757,15.401201293700908,56.47107141023666,5.13373376456697,0.0,0.0,266.9541557574824
1506005,Prainha,2024,17110,189,46,83,18,3,15,0,0,0,64,1104.6171829339569,268.84862653419054,485.09643483343075,105.20163646990065,17.533606078316772,87.66803039158387,0.0,0.0,0.0,374.0502630040912
1506104,Primavera,2024,5369,46,10,18,4,0,4,0,0,0,14,856.770348295772,186.25442354255915,335.25796237660643,74.50176941702365,0.0,74.50176941702365,0.0,0.0,0.0,260.7561929595828
1506112,Quatipuru,2024,5676,75,16,24,7,3,4,1,0,0,23,1321.353065539112,281.88865398167724,422.8329809725159,123.32628611698378,52.854122621564485,70.47216349541931,17.618040873854827,0.0,0.0,405.214940098661
1506138,Redenção,2024,43371,671,140,217,61,11,50,7,2,0,203,1547.1167369901548,322.7963385672454,500.33432477923037,140.64697609001408,25.362569458855,115.28440663115906,16.13981692836227,4.611376265246363,0.0,468.0546909225058
1506161,Rio Maria,2024,9063,104,26,36,3,1,2,3,1,0,30,1147.522895288536,286.880723822134,397.2194637537239,33.101621979476995,11.033873993158998,22.067747986317997,33.101621979476995,11.033873993158998,0.0,331.01621979476994
1506187,Rondon do Pará,2024,25787,210,59,80,18,5,13,0,0,0,77,814.363826734401,228.79745608252222,310.23383875596227,69.80261372009151,19.38961492224764,50.41299879784387,0.0,0.0,0.0,298.60006980261375
1506195,Rurópolis,2024,17398,105,37,48,13,3,10,0,0,0,50,603.5176457064031,212.6681227727325,275.89378089435564,74.72123232555467,17.243361305897228,57.477871019657435,0.0,0.0,0.0,287.3893550982871
1506203,Salinópolis,2024,22189,510,80,130,50,7,43,1,0,0,130,2298.436162062283,360.53900581369146,585.8758844472486,225.33687863355718,31.547163008698003,193.78971562485916,4.506737572671144,0.0,0.0,585.8758844472486
1506302,Salvaterra,2024,12078,216,38,76,32,8,24,0,0,0,70,1788.375558867362,314.6216260970359,629.2432521940718,264.9445272396092,66.2361318099023,198.7083954297069,0.0,0.0,0.0,579.5661533366451
1506351,Santa Bárbara do Pará,2024,10602,133,16,30,11,1,10,1,0,0,27,1254.4802867383512,150.91492171288436,282.96547821165814,103.754008677608,9.432182607055273,94.32182607055273,9.432182607055273,0.0,0.0,254.6689303904924
1506401,Santa Cruz do Arari,2024,3557,57,11,39,4,1,3,0,0,0,15,1602.4739949395557,309.2493674444757,1096.4295754849593,112.4543154343548,28.1135788585887,84.34073657576609,0.0,0.0,0.0,421.7036828788305
1506500,Santa Izabel do Pará,2024,33377,556,74,127,32,7,25,2,0,0,106,1665.81777870989,221.70956047577673,380.5015429786979,95.8744045300656,20.972525990951855,74.90187853911377,5.9921502831291,0.0,0.0,317.58396500584234
1506559,Santa Luzia do Pará,2024,10130,79,15,23,12,0,12,1,0,0,27,779.8617966436327,148.07502467917078,227.04837117472854,118.46001974333662,0.0,118.46001974333662,9.871668311944719,0.0,0.0,266.53504442250744
1506583,Santa Maria das Barreiras,2024,7778,52,9,19,10,2,8,0,0,0,19,668.5523270763692,115.71097968629469,244.27873489328874,128.5677552069941,25.713551041398816,102.85420416559526,0.0,0.0,0.0,244.27873489328874
1506609,Santa Maria do Pará,2024,12477,108,18,31,6,2,4,0,0,0,24,865.5926905506132,144.2654484251022,248.45716117656485,48.088482808367395,16.029494269455796,32.05898853891159,0.0,0.0,0.0,192.35393123346958
1506708,Santana do Araguaia,2024,15740,204,76,97,33,5,28,0,0,0,109,1296.0609911054637,482.84625158831005,616.264294790343,209.6569250317662,31.76620076238882,177.8907242693774,0.0,0.0,0.0,692.5031766200763
1506807,Santarém,2024,168862,2128,312,522,157,24,133,3,2,0,471,1260.200637206713,184.76625883857824,309.1281638260828,92.97532896684866,14.212789141429097,78.76253982541957,1.776598642678637,1.1843990951190912,0.0,278.92598690054604
1506906,Santarém Novo,2024,2911,29,2,4,9,2,7,0,0,0,11,996.221229817932,68.7049124012367,137.4098248024734,309.1721058055651,68.7049124012367,240.46719340432844,0.0,0.0,0.0,377.8770182068018
1507003,Santo Antônio do Tauá,2024,13701,216,36,69,24,5,19,0,0,0,60,1576.5272607838845,262.7545434639807,503.61287497262975,175.16969564265383,36.49368659221955,138.6760090504343,0.0,0.0,0.0,437.92423910663456
1507102,São Caetano de Odivelas,2024,8193,93,17,27,17,1,16,0,0,0,34,1135.115342365434,207.494202367875,329.5496155254486,207.494202367875,12.205541315757355,195.28866105211767,0.0,0.0,0.0,414.98840473575
1507151,São Domingos do Araguaia,2024,10376,77,28,36,9,1,8,0,0,0,37,742.0971472629144,269.85350809560526,346.9545104086353,86.73862760215883,9.637625289128758,77.10100231303007,0.0,0.0,0.0,356.5921356977641
1507201,São Domingos do Capim,2024,14584,120,15,27,25,2,23,1,1,0,41,822.8195282501372,102.85244103126715,185.13439385628084,171.4207350521119,13.713658804168952,157.70707624794295,6.856829402084476,6.856829402084476,0.0,281.1300054854635
1507300,São Félix do Xingu,2024,30588,364,91,138,53,3,50,2,2,0,146,1190.0091539165685,297.5022884791421,451.15731659474307,173.27056361972015,9.80776775205963,163.4627958676605,6.53851183470642,6.53851183470642,0.0,477.31136393356877
1507409,São Francisco do Pará,2024,7348,89,9,20,10,4,6,0,0,0,19,1211.2139357648339,122.48230811105063,272.18290691344583,136.09145345672292,54.43658138268917,81.65487207403375,0.0,0.0,0.0,258.57376156777354
1507458,São Geraldo do Araguaia,2024,12013,105,32,43,23,8,15,2,1,0,56,874.0531091317739,266.37809040206446,357.94555897777406,191.4592524764838,66.59452260051611,124.8647298759677,16.64863065012903,8.324315325064514,0.0,466.1616582036127
1507466,São João da Ponta,2024,2143,28,6,12,4,1,3,0,0,0,10,1306.5795613625758,279.98133457769484,559.9626691553897,186.65422305179655,46.66355576294914,139.99066728884742,0.0,0.0,0.0,466.63555762949136
1507474,São João de Pirabas,2024,10031,127,26,37,19,2,17,0,0,0,45,1266.0751669823546,259.19649087827736,368.8565447113947,189.41282025720267,19.938191606021334,169.47462865118135,0.0,0.0,0.0,448.60931113548
1507508,São João do Araguaia,2024,6374,49,14,19,13,0,13,1,0,0,27,768.748038908064,219.64229683087544,298.0859742704738,203.95356134295574,0.0,203.95356134295574,15.688735487919672,0.0,0.0,423.5958581738312
1507607,São Miguel do Guamá,2024,26713,366,59,89,29,5,24,0,0,0,88,1370.119417512073,220.86624489948713,333.1711151873619,108.56137461161234,18.71747838131247,89.84389623029986,0.0,0.0,0.0,329.42761951109946
1507706,São Sebastião da Boa Vista,2024,12314,154,32,48,22,2,20,1,0,0,54,1250.6090628552868,259.866818255644,389.80022738346594,178.65843755075525,16.24167614097775,162.4167614097775,8.120838070488874,0.0,0.0,438.5252558063992
1507755,Sapucaia,2024,2879,48,12,23,2,0,2,0,0,0,14,1667.245571378951,416.8113928447377,798.888502952414,69.46856547412295,0.0,69.46856547412295,0.0,0.0,0.0,486.2799583188607
1507805,Senador José Porfírio,2024,10381,96,20,37,17,2,15,0,0,0,37,924.7664001541277,192.65966669877662,356.42038339273677,163.76071669396012,19.265966669877663,144.49475002408244,0.0,0.0,0.0,356.42038339273677
1507904,Soure,2024,12264,331,84,127,22,8,14,0,0,0,106,2698.9562948467055,684.931506849315,1035.5512067840834,179.38682322243966,65.23157208088715,114.15525114155251,0.0,0.0,0.0,864.3183300717546
1507953,Tailândia,2024,35923,516,104,149,49,16,33,4,0,0,153,1436.4056454082342,289.5081145784038,414.77604877098236,136.40286167636333,44.53970993513905,91.86315174122429,11.134927483784763,0.0,0.0,425.91097625476715
1507961,Terra Alta,2024,5103,91,27,36,8,2,6,1,0,0,35,1783.264746227709,529.1005291005291,705.4673721340388,156.7705271408975,39.19263178522438,117.57789535567314,19.59631589261219,0.0,0.0,685.8710562414266
1507979,Terra Santa,2024,9263,172,34,68,16,0,16,0,0,0,50,1856.8498326676022,367.0517111087121,734.1034222174242,172.7302169923351,0.0,172.7302169923351,0.0,0.0,0.0,539.7819281010471
1508001,Tomé-Açu,2024,33173,637,136,196,78,12,66,4,1,0,215,1920.2363367799114,409.97196515238295,590.8419497784344,235.1309800138667,36.17399692521026,198.95698308865644,12.057998975070086,3.0144997437675216,0.0,648.1174449100172
1508035,Tracuateua,2024,13891,114,28,35,11,3,8,0,0,0,39,820.6752573608811,201.56936145705853,251.96170182132317,79.1879634295587,21.596717298970557,57.591246130588154,0.0,0.0,0.0,280.75732488661725
1508050,Trairão,2024,7222,87,22,29,12,1,11,2,0,0,34,1204.6524508446412,304.62475768485183,401.55081694821376,166.1589587371919,13.846579894765993,152.31237884242591,27.693159789531986,0.0,0.0,470.78371642204377
1508084,Tucumã,2024,19793,178,31,45,27,2,25,2,0,0,58,899.307836103673,156.62102763603292,227.35310463295107,136.41186277977062,10.104582428131158,126.30728035163948,10.104582428131158,0.0,0.0,293.03289041580354
1508100,Tucuruí,2024,46135,755,132,200,66,18,48,1,0,0,198,1636.5015714750189,286.11683103934104,433.5103500596077,143.05841551967052,39.01593150536469,104.04248401430586,2.1675517502980384,0.0,0.0,429.1752465590116
1508126,Ulianópolis,2024,18972,118,38,53,12,3,9,3,0,0,50,621.9692177946447,200.29517183217374,279.359055450137,63.25110689437065,15.812776723592663,47.43833017077799,15.812776723592663,0.0,0.0,263.54627872654436
1508159,Uruará,2024,20746,205,54,70,29,5,24,7,3,0,86,988.1422924901186,260.29114046081173,337.41444133808926,139.78598284006557,24.10103152414923,115.68495131591631,33.741444133808926,14.460618914489539,0.0,414.53774221536685
1508209,Vigia,2024,25137,270,42,68,36,6,30,1,1,0,79,1074.1138560687432,167.0843776106934,270.51756375064645,143.2151808091658,23.86919680152763,119.34598400763815,3.9781994669212715,3.9781994669212715,0.0,314.2777578867805
1508308,Viseu,2024,28220,212,35,52,27,3,24,0,1,0,63,751.2402551381999,124.02551381998582,184.26647767540751,95.67682494684621,10.630758327427356,85.04606661941885,0.0,3.543586109142452,0.0,223.2459248759745
1508357,Vitória do Xingu,2024,7576,181,31,44,21,5,16,1,1,0,53,2389.1235480464625,409.1869060190074,580.7814149947202,277.1911298838437,65.99788806758184,211.19324181626186,13.199577613516366,13.199577613516366,0.0,699.5776135163675
1508407,Xinguara,2024,26303,269,79,108,26,3,23,3,1,0,106,1022.6970307569479,300.3459681405163,410.59955138197165,98.8480401475117,11.405543093943656,87.44249705356803,11.405543093943656,3.801847697981219,0.0,402.99585598600913
1500107,Abaetetuba,2025,78891,962,195,322,138,20,118,0,0,0,333,1219.4039877806088,247.17648400958285,408.1580915440291,174.92489637601247,25.351434257393112,149.57346211861937,0.0,0.0,0.0,422.1013803855953
1500131,Abel Figueiredo,2025,3023,42,11,16,7,2,5,0,0,0,18,1389.3483294740324,363.87694343367514,529.2755540853457,231.55805491233872,66.15944426066821,165.39861065167054,0.0,0.0,0.0,595.4349983460139
1500206,Acará,2025,28472,186,40,72,35,2,33,1,1,0,76,653.2733914020791,140.48890137679123,252.88002247822422,122.92778870469233,7.024445068839562,115.90334363585278,3.512222534419781,3.512222534419781,0.0,266.92891261590336
1500305,Afuá,2025,18057,151,42,56,19,2,17,0,0,0,61,836.2407930442488,232.59677687323477,310.12903583097966,105.22235144265382,11.076036993963559,94.14631444869026,0.0,0.0,0.0,337.8191283158886
1500347,Água Azul do Norte,2025,8384,69,16,26,14,0,14,1,1,0,31,822.9961832061068,190.83969465648855,310.1145038167939,166.98473282442748,0.0,166.98473282442748,11.927480916030534,11.927480916030534,0.0,369.7519083969466
1500404,Alenquer,2025,33688,253,46,71,37,5,32,0,2,0,85,751.0092614580859,136.54713844692472,210.7575397767751,109.83139396817857,14.842080265970079,94.9893137022085,0.0,5.936832106388032,0.0,252.31536452149135
1500503,Almeirim,2025,16633,150,37,63,21,2,19,0,0,0,58,901.8216797931822,222.44934768231826,378.7651055131366,126.2550351710455,12.024289063909096,114.23074610713643,0.0,0.0,0.0,348.7043828533638
1500602,Altamira,2025,63337,813,196,264,73,11,62,4,2,0,271,1283.6098962691633,309.4557683502534,416.8179736962597,115.25648515085969,17.367415570677487,97.88906958018221,6.315423843882722,3.157711921941361,0.0,427.86996542305445
1500701,Anajás,2025,13503,157,24,45,24,3,21,1,0,0,48,1162.7045841664815,177.7382803821373,333.25927571650743,177.7382803821373,22.217285047767163,155.52099533437013,7.405761682589055,0.0,0.0,355.4765607642746
1500800,Ananindeua,2025,251474,5157,472,796,202,36,166,4,2,0,676,2050.7090196203185,187.69335994973636,316.5337172033689,80.32639557170921,14.315595250403621,66.01080032130558,1.590621694489291,0.7953108472446455,0.0,268.8150663686902
1500859,Anapu,2025,15245,156,42,50,25,2,23,2,1,0,68,1023.2863233847162,275.50016398819287,327.97638570022957,163.98819285011479,13.119055428009185,150.8691374221056,13.119055428009185,6.5595277140045924,0.0,446.0478845523122
1500909,Augusto Corrêa,2025,21776,168,36,52,34,4,30,0,0,0,70,771.4915503306393,165.3196179279941,238.7950036737693,156.1351947097722,18.36884643644379,137.76634827332845,0.0,0.0,0.0,321.45481263776634
1500958,Aurora do Pará,2025,11695,60,8,15,15,1,14,2,0,0,23,513.0397605814451,68.40530141085934,128.25994014536127,128.25994014536127,8.550662676357417,119.70927746900385,17.101325352714834,0.0,0.0,196.6652415562206
1501006,Aveiro,2025,8704,36,10,14,9,0,9,0,0,0,19,413.6029411764706,114.88970588235294,160.84558823529412,103.40073529411765,0.0,103.40073529411765,0.0,0.0,0.0,218.29044117647058
1501105,Bagre,2025,15639,194,21,40,25,1,24,0,1,0,47,1240.4885222840335,134.2796854018799,255.77082933691412,159.85676833557133,6.394270733422854,153.4624976021485,0.0,6.394270733422854,0.0,300.53072447087413
1501204,Baião,2025,25724,163,39,61,30,7,23,1,1,0,70,633.6495101850412,151.60939200746384,237.132638780905,116.62260923651064,27.211942155185817,89.41066708132483,3.8874203078836884,3.8874203078836884,0.0,272.1194215518582
1501253,Bannach,2025,1867,6,2,4,1,0,1,0,0,0,3,321.37118371719333,107.12372790573112,214.24745581146223,53.56186395286556,0.0,53.56186395286556,0.0,0.0,0.0,160.68559185859667
1501303,Barcarena,2025,63256,783,165,225,81,12,69,2,0,0,246,1237.8272416845832,260.844821044644,355.69748324269636,128.0510939673707,18.97053243961047,109.08056152776021,3.161755406601745,0.0,0.0,388.89591501201465
1501402,Belém,2025,692626,19889,1454,2482,581,122,459,7,5,1,2041,2871.535287442285,209.92570304897595,358.34635142197953,83.88365438201858,17.614123639597707,66.26953074242087,1.0106464383375733,0.7218903130982667,0.1443780626196533,294.6756258067124
1501451,Belterra,2025,8935,65,14,18,11,2,9,0,0,0,25,727.476217123671,156.6871852266368,201.45495243424736,123.11135982092893,22.383883603805263,100.72747621712368,0.0,0.0,0.0,279.79854504756577
1501501,Benevides,2025,32316,477,65,92,57,6,51,2,1,0,123,1476.0490159673227,201.13875479638568,284.6886990964228,176.38321574452283,18.56665428889714,157.81656145562567,6.1888847629657135,3.0944423814828568,0.0,380.6164129223914
1501576,Bom Jesus do Tocantins,2025,8036,82,18,22,7,1,6,0,0,0,25,1020.408163265306,223.9920358387257,273.768043802887,87.10801393728222,12.444001991040318,74.66401194624191,0.0,0.0,0.0,311.10004977600795
1501600,Bonito,2025,6145,51,10,15,8,1,7,0,0,0,18,829.9430431244915,162.73393002441009,244.10089503661513,130.18714401952806,16.273393002441008,113.91375101708705,0.0,0.0,0.0,292.9210740439382
1501709,Bragança,2025,61501,739,100,152,52,8,44,0,0,0,152,1201.606477943448,162.59898213037187,247.15045283816525,84.55147070779337,13.00791857042975,71.54355213736362,0.0,0.0,0.0,247.15045283816525
1501725,Brasil Novo,2025,12083,108,30,44,34,0,34,1,0,0,64,893.8177604899445,248.2827112472068,364.1479764959033,281.3870727468344,0.0,281.3870727468344,8.276090374906893,0.0,0.0,529.6697839940412
1501758,Brejo Grande do Araguaia,2025,3344,40,14,18,6,0,6,2,1,0,21,1196.1722488038276,418.66028708133973,538.2775119617226,179.42583732057417,0.0,179.42583732057417,59.80861244019138,29.90430622009569,0.0,627.9904306220095
1501782,Breu Branco,2025,22612,217,69,87,20,4,16,0,0,0,89,959.6674332212984,305.1477091809659,384.7514594020874,88.44861135680169,17.68972227136034,70.75888908544135,0.0,0.0,0.0,393.59632053776755
1501808,Breves,2025,51690,714,117,177,88,16,72,0,0,0,205,1381.3116656993616,226.34939059779455,342.42600116076613,170.2456954923583,30.953762816792416,139.29193267556587,0.0,0.0,0.0,396.59508609015285
1501907,Bujaru,2025,12030,90,20,31,15,3,12,1,0,0,35,748.1296758104738,166.25103906899417,257.689110556941,124.68827930174564,24.937655860349125,99.7506234413965,8.31255195344971,0.0,0.0,290.93931837073984
1501956,Cachoeira do Piriá,2025,9279,53,20,23,20,2,18,1,0,0,40,571.1822394654596,215.54046772281495,247.8715378812372,215.54046772281495,21.554046772281495,193.98642095053347,10.777023386140748,0.0,0.0,431.0809354456299
1502004,Cachoeira do Arari,2025,11855,131,27,60,20,1,19,0,1,0,48,1105.0189793336144,227.75200337410377,506.1155630535639,168.7051876845213,8.435259384226065,160.26992830029525,0.0,8.435259384226065,0.0,404.8924504428511
1502103,Cametá,2025,65344,695,130,218,56,10,46,0,0,0,186,1063.601860920666,198.94711067580803,333.6190009794319,85.70029382957884,15.303623898139081,70.39666993143976,0.0,0.0,0.0,284.6474045053869
1502152,Canaã dos Carajás,2025,37692,659,170,216,79,11,68,3,0,0,249,1748.3816194417916,451.02408999257136,573.0659025787966,209.59354770243021,29.183911705401677,180.40963599702854,7.959248646927731,0.0,0.0,660.6176376950016
1502202,Capanema,2025,36044,371,68,100,22,3,19,4,0,0,90,1029.2975252469205,188.65830651426035,277.43868605038284,61.03651093108422,8.323160581511486,52.71335034957275,11.097547442015316,0.0,0.0,249.69481744534457
1502301,Capitão Poço,2025,27835,166,38,52,25,8,17,1,1,0,64,596.3714747619903,136.51877133105802,186.81516076881624,89.81498113885395,28.740793964433266,61.07418717442069,3.592599245554158,3.592599245554158,0.0,229.92635171546613
1502400,Castanhal,2025,99750,1586,273,383,102,17,85,1,1,0,376,1589.9749373433583,273.6842105263158,383.95989974937345,102.25563909774435,17.042606516290725,85.21303258145363,1.0025062656641603,1.0025062656641603,0.0,376.9423558897243
1502509,Chaves,2025,9639,47,9,17,14,0,14,0,1,0,24,487.6024483867621,93.37068160597573,176.3668430335097,145.24328249818447,0.0,145.24328249818447,0.0,10.374520178441747,0.0,248.98848428260195
1502608,Colares,2025,6422,46,7,13,13,2,11,0,0,0,20,716.2877608221737,109.00031142946122,202.42914979757086,202.42914979757086,31.14294612270321,171.28620367486764,0.0,0.0,0.0,311.4294612270321
1502707,Conceição do Araguaia,2025,22127,263,79,117,22,7,15,1,0,0,101,1188.5931215257378,357.02987300583,528.7657612871153,99.42604058390202,31.63555836760519,67.79048221629684,4.519365481086456,0.0,0.0,456.45591358973195
1502756,Concórdia do Pará,2025,13331,169,37,49,24,3,21,0,0,0,61,1267.7218513239818,277.548570999925,367.5643237566574,180.03150551346485,22.503938189183106,157.52756732428176,0.0,0.0,0.0,457.5800765133899
1502764,Cumaru do Norte,2025,6330,37,16,22,7,0,7,0,0,0,23,584.5181674565561,252.7646129541864,347.55134281200634,110.58451816745657,0.0,110.58451816745657,0.0,0.0,0.0,363.349131121643
1502772,Curionópolis,2025,9754,109,26,45,13,0,13,1,0,0,39,1117.490260405987,266.5573098216116,461.3491900758663,133.2786549108058,0.0,133.2786549108058,10.25220422390814,0.0,0.0,399.8359647324175
1502806,Curralinho,2025,16040,264,38,69,28,6,22,1,0,0,66,1645.8852867830426,236.90773067331668,430.1745635910225,174.5635910224439,37.406483790523694,137.1571072319202,6.234413965087281,0.0,0.0,411.47132169576065
1502855,Curuá,2025,6779,62,12,26,8,0,8,0,0,0,20,914.5891724443134,177.01725918277032,383.53739489600235,118.01150612184689,0.0,118.01150612184689,0.0,0.0,0.0,295.0287653046172
1502905,Curuçá,2025,20517,173,27,42,18,2,16,0,0,0,45,843.2031973485402,131.59818686942535,204.70829068577277,87.73212457961691,9.748013842179656,77.98411073743725,0.0,0.0,0.0,219.33031144904226
1502939,Dom Eliseu,2025,29577,182,32,47,32,5,27,2,0,0,64,615.3430030090949,108.19217635324745,158.9072590188322,108.19217635324745,16.905027555194913,91.28714879805254,6.7620110220779654,0.0,0.0,216.3843527064949
1502954,Eldorado do Carajás,2025,13749,143,49,70,25,2,23,0,0,0,74,1040.0756418648627,356.38955560404395,509.1279365772057,181.8314059204306,14.546512473634447,167.28489344679613,0.0,0.0,0.0,538.2209615244744
1503002,Faro,2025,4245,63,12,21,20,3,17,0,0,0,32,1484.0989399293287,282.6855123674911,494.69964664310953,471.1425206124852,70.67137809187278,400.4711425206125,0.0,0.0,0.0,753.8280329799765
1503044,Floresta do Araguaia,2025,8400,73,18,26,21,1,20,0,1,0,40,869.0476190476192,214.2857142857143,309.5238095238095,250.0,11.904761904761905,238.09523809523813,0.0,11.904761904761905,0.0,476.19047619047626
1503077,Garrafão do Norte,2025,12009,99,30,42,24,1,23,2,1,0,55,824.381713714714,249.8126405196103,349.7376967274544,199.85011241568824,8.327088017320342,191.52302439836788,16.654176034640685,8.327088017320342,0.0,457.98984095261886
1503093,Goianésia do Pará,2025,12837,96,24,40,21,3,18,1,1,0,46,747.8382799719561,186.95956999298903,311.5992833216484,163.5896237438654,23.36994624912363,140.21967749474175,7.789982083041209,7.789982083041209,0.0,358.3391758198956
1503101,Gurupá,2025,15079,118,25,44,7,3,4,0,2,0,34,782.5452616221236,165.79348763180582,291.7965382319782,46.42217653690563,19.8952185158167,26.52695802108893,0.0,13.263479010544465,0.0,225.4791431792559
1503200,Igarapé-Açu,2025,18030,201,48,79,16,3,13,0,1,0,65,1114.8086522462563,266.22296173044924,438.1586245146977,88.74098724348308,16.638935108153078,72.10205213533001,0.0,5.546311702717692,0.0,360.51026067665003
1503309,Igarapé-Miri,2025,31557,238,51,72,34,3,31,0,0,0,85,754.1908292930253,161.61232056279113,228.15857020629338,107.74154704186077,9.50660709192889,98.23493994993186,0.0,0.0,0.0,269.3538676046519
1503408,Inhangapi,2025,5096,58,10,22,10,0,10,0,0,0,20,1138.1475667189952,196.23233908948194,431.71114599686024,196.23233908948194,0.0,196.23233908948194,0.0,0.0,0.0,392.4646781789639
1503457,Ipixuna do Pará,2025,14692,189,52,74,28,5,23,0,0,0,80,1286.4143751701606,353.9341138034305,503.6754696433434,190.57990743261638,34.032126327252925,156.54778110536347,0.0,0.0,0.0,544.5140212360468
1503507,Irituia,2025,15044,113,22,35,14,4,10,0,0,0,36,751.1300186120712,146.23770273863335,232.65089072055304,93.06035628822121,26.588673225206065,66.47168306301515,0.0,0.0,0.0,239.29805902685456
1503606,Itaituba,2025,61026,900,241,316,101,20,81,1,6,0,348,1474.7812407826173,394.9136433651231,517.8120800970078,165.5032281322715,32.77291646183594,132.73031167043555,1.6386458230917968,9.831874938550783,0.0,570.2487464359453
1503705,Itupiranga,2025,23706,169,40,58,22,1,21,2,0,0,62,712.8996878427403,168.73365392727578,244.6637981945499,92.80350966000168,4.2183413481818945,88.5851683118198,8.436682696363789,0.0,0.0,261.5371635872775
1503754,Jacareacanga,2025,11482,84,30,38,14,3,11,1,0,0,44,731.5798641351681,261.27852290541716,330.9527956801951,121.92997735586135,26.12785229054172,95.80212506531963,8.70928409684724,0.0,0.0,383.2085002612785
1503804,Jacundá,2025,19203,173,53,74,23,3,20,1,0,0,76,900.9009009009009,275.99854189449565,385.35645472061657,119.77295214289434,15.62255897516013,104.15039316773421,5.20751965838671,0.0,0.0,395.77149403738997
1503903,Juruti,2025,24727,341,66,97,36,6,30,0,0,0,102,1379.0593278602337,266.9147086181098,392.28373842358553,145.58984106442352,24.264973510737253,121.32486755368625,0.0,0.0,0.0,412.50454968253325
1504000,Limoeiro do Ajuru,2025,14278,111,22,37,21,5,16,0,0,0,43,777.4198066956156,154.08320493066256,259.1399355652052,147.07942288835972,35.01891021151422,112.06051267684549,0.0,0.0,0.0,301.1626278190223
1504059,Mãe do Rio,2025,17466,135,25,37,15,1,14,1,0,0,40,772.9302645139128,143.1352341692431,211.8401465704798,85.88114050154586,5.725409366769724,80.15573113477613,5.725409366769724,0.0,0.0,229.01637467078896
1504109,Magalhães Barata,2025,3964,32,11,15,4,0,4,0,0,0,15,807.2653884964682,277.497477295661,378.4056508577195,100.90817356205852,0.0,100.90817356205852,0.0,0.0,0.0,378.4056508577195
1504208,Marabá,2025,133761,1845,384,545,129,21,108,6,0,0,513,1379.3258124565457,287.0791934868908,407.4431261728007,96.44066656200238,15.699643393814341,80.74102316818804,4.485612398232669,0.0,0.0,383.5198600488932
1504307,Maracanã,2025,12679,113,24,41,19,5,14,0,0,0,43,891.2374792964745,189.2893761337645,323.369350895181,149.85408943923022,39.43528669453427,110.41880274469595,0.0,0.0,0.0,339.1434655729947
1504406,Marapanim,2025,12926,186,23,46,24,3,21,0,0,0,47,1438.9602351848987,177.9359430604982,355.8718861209964,185.67228841095468,23.209036051369335,162.46325235958534,0.0,0.0,0.0,363.6082314714529
1504422,Marituba,2025,57093,1030,151,218,59,12,47,0,0,0,210,1804.0740546126494,264.48075946263117,381.8331494228715,103.34016429334595,21.01833850034155,82.3218257930044,0.0,0.0,0.0,367.8209237559771
1504455,Medicilândia,2025,12769,93,25,38,14,3,11,3,0,0,39,728.3264155376303,195.78667084344897,297.59573968204245,109.64053567233142,23.494400501213878,86.14613517111755,23.494400501213878,0.0,0.0,305.42720651578037
1504505,Melgaço,2025,13313,114,19,31,10,1,9,0,0,0,29,856.3058664463306,142.71764440772176,232.85510403365132,75.11454968827462,7.511454968827462,67.60309471944716,0.0,0.0,0.0,217.8321940959964
1504604,Mocajuba,2025,13398,167,44,81,17,3,14,0,0,0,61,1246.4546947305566,328.4072249589491,604.5678459471563,126.88460964323032,22.391401701746528,104.49320794148382,0.0,0.0,0.0,455.2918346021794
1504703,Moju,2025,40213,331,69,105,72,10,62,0,0,0,141,823.1169024942184,171.58630293686122,261.1095914256584,179.0465769775943,24.867580135776986,154.1789968418173,0.0,0.0,0.0,350.63287991445554
1504752,Mojuí dos Campos,2025,11270,46,19,23,8,0,8,1,0,0,27,408.16326530612247,168.58917480035493,204.08163265306123,70.9849157054126,0.0,70.9849157054126,8.873114463176575,0.0,0.0,239.57409050576754
1504802,Monte Alegre,2025,29661,302,81,114,53,10,43,0,1,0,135,1018.172010384006,273.08587033478307,384.34307676747244,178.6858163918951,33.714304979602844,144.97151141229224,0.0,3.3714304979602847,0.0,455.14311722463844
1504901,Muaná,2025,22371,269,64,98,31,3,28,0,0,0,95,1202.4495999284788,286.08466318000984,438.06714049439006,138.57225872781726,13.410218586562962,125.16204014125431,0.0,0.0,0.0,424.65692190782704
1504950,Nova Esperança do Piriá,2025,9962,80,32,32,21,2,19,1,0,0,53,803.0515960650473,321.22063842601887,321.22063842601887,210.8010439670749,20.07628990162618,190.7247540654487,10.03814495081309,0.0,0.0,532.0216823930938
1504976,Nova Ipixuna,2025,6661,45,12,15,8,2,6,0,0,0,20,675.574238102387,180.15313016063655,225.1914127007957,120.1020867737577,30.025521693439426,90.07656508031828,0.0,0.0,0.0,300.25521693439424
1505007,Nova Timboteua,2025,6303,41,13,16,5,1,4,1,0,0,18,650.4838965571951,206.25099159130573,253.84737426622246,79.3273044581945,15.865460891638904,63.461843566555615,15.865460891638904,0.0,0.0,285.57829604950024
1505031,Novo Progresso,2025,16151,238,66,93,30,7,23,5,3,2,101,1473.5929663797908,408.6434276515386,575.8157389635317,185.74701256888116,43.34096959940561,142.40604296947558,30.957835428146865,18.57470125688812,12.383134171258746,625.3482756485666
1505064,Novo Repartimento,2025,29423,203,63,80,27,1,26,4,2,0,92,689.9364442782858,214.11820684498522,271.8961356761717,91.76494579070796,3.3987016959521466,88.3662440947558,13.594806783808586,6.797403391904293,0.0,312.6805560275975
1505106,Óbidos,2025,25485,189,20,49,22,4,18,2,1,0,43,741.6127133608005,78.47753580537571,192.2699627231705,86.32528938591328,15.695507161075142,70.62978222483814,7.847753580537571,3.9238767902687854,0.0,168.7267019815578
1505205,Oeiras do Pará,2025,16201,318,73,108,45,8,37,0,0,0,118,1962.8417998888956,450.58946978581565,666.6255169433986,277.7606320597494,49.37966792173322,228.38096413801617,0.0,0.0,0.0,728.3501018455651
1505304,Oriximiná,2025,33838,425,56,90,38,7,31,0,0,0,94,1255.9843962409125,165.49441456350849,265.9731662627815,112.2997813109522,20.68680182043856,91.61297949051362,0.0,0.0,0.0,277.7941958744607
1505403,Ourém,2025,8808,70,19,27,14,2,12,0,0,0,33,794.7320617620345,215.71298819255225,306.53950953678475,158.9464123524069,22.70663033605813,136.23978201634876,0.0,0.0,0.0,374.6594005449591
1505437,Ourilândia do Norte,2025,15925,146,21,39,10,1,9,0,0,0,31,916.7974882260597,131.86813186813185,244.89795918367346,62.79434850863422,6.279434850863422,56.514913657770805,0.0,0.0,0.0,194.66248037676607
1505486,Pacajá,2025,19465,130,43,53,25,1,24,2,1,0,69,667.8653994348831,220.90932442846133,272.2835859234524,128.43565373747754,5.137426149499101,123.29822758797842,10.274852298998201,5.137426149499101,0.0,354.482404315438
1505494,Palestina do Pará,2025,3347,34,10,16,4,0,4,0,0,0,14,1015.8350761876306,298.7750224081267,478.0400358530027,119.51000896325067,0.0,119.51000896325067,0.0,0.0,0.0,418.2850313713774
1505502,Paragominas,2025,53089,653,129,188,85,10,75,3,2,0,216,1230.0099832356987,242.98818964380567,354.12232289174784,160.10849705212004,18.83629377083765,141.27220328128237,5.650888131251295,3.76725875416753,0.0,406.86394545009324
1505536,Parauapebas,2025,133914,1558,342,476,109,14,95,2,1,0,452,1163.433248204071,255.3877861911376,355.4520065116418,81.39552249951461,10.454470779754171,70.94105171976045,1.4934958256791673,0.7467479128395836,0.0,337.5300566034918
1505551,Pau D'Arco,2025,3376,23,7,10,3,0,3,0,0,0,10,681.2796208530806,207.34597156398107,296.2085308056872,88.86255924170615,0.0,88.86255924170615,0.0,0.0,0.0,296.2085308056872
1505601,Peixe-Boi,2025,4083,31,8,12,5,0,5,2,0,0,13,759.2456527063433,195.93436198873377,293.9015429831006,122.45897624295861,0.0,122.45897624295861,48.98359049718344,0.0,0.0,318.3933382316924
1505635,Piçarra,2025,6098,29,16,17,3,2,1,0,1,0,20,475.56575926533293,262.38110856018363,278.7799278451951,49.19645785503444,32.797638570022954,16.398819285011477,0.0,16.398819285011477,0.0,327.97638570022957
1505650,Placas,2025,8813,78,22,29,10,1,9,1,0,0,32,885.0561670259845,249.63122659707253,329.0593441506865,113.46873936230568,11.346873936230567,102.12186542607512,11.346873936230567,0.0,0.0,363.09996595937815
1505700,Ponta de Pedras,2025,12142,176,35,55,19,4,15,0,0,0,54,1449.5140833470598,288.2556415746994,452.97315104595623,156.48163399769396,32.943501894251355,123.5381321034426,0.0,0.0,0.0,444.7372755723934
1505809,Portel,2025,29876,335,38,87,40,6,34,0,0,0,78,1121.3013790333378,127.19239523363234,291.20364171910563,133.88673182487616,20.083009773731423,113.80372205114473,0.0,0.0,0.0,261.0791270585085
1505908,Porto de Moz,2025,19479,172,36,56,11,1,10,0,1,0,48,883.0022075055188,184.8144155244109,287.4890908157503,56.47107141023666,5.13373376456697,51.3373376456697,0.0,5.13373376456697,0.0,246.41922069921452
1506005,Prainha,2025,17110,158,33,61,23,2,21,0,0,0,56,923.4365867913501,192.86966686148452,356.5166569257744,134.42431326709527,11.68907071887785,122.73524254821741,0.0,0.0,0.0,327.29398012857973
1506104,Primavera,2025,5369,48,16,23,5,1,4,0,0,0,21,894.0212330042838,298.0070776680946,428.385174147886,93.12721177127958,18.625442354255913,74.50176941702365,0.0,0.0,0.0,391.13428943937424
1506112,Quatipuru,2025,5676,57,8,12,5,1,4,0,1,0,14,1004.2283298097251,140.94432699083862,211.41649048625794,88.09020436927415,17.618040873854827,70.47216349541931,0.0,17.618040873854827,0.0,246.65257223396756
1506138,Redenção,2025,43371,600,170,229,67,2,65,2,0,0,237,1383.4128795739089,391.9669825459408,528.0025823707085,154.48110488575315,4.611376265246363,149.86972862050678,4.611376265246363,0.0,0.0,546.448087431694
1506161,Rio Maria,2025,9063,100,31,39,11,0,11,0,1,0,43,1103.3873993158998,342.0500937879289,430.3210857332009,121.37261392474899,0.0,121.37261392474899,0.0,11.033873993158998,0.0,474.45658170583687
1506187,Rondon do Pará,2025,25787,201,65,82,27,3,24,0,0,0,92,779.4625198743553,252.06499398921937,317.9896847248613,104.70392058013728,11.633768953348586,93.07015162678869,0.0,0.0,0.0,356.76891456935664
1506195,Rurópolis,2025,17398,132,35,43,35,4,31,0,1,0,71,758.7078974594781,201.172548568801,247.15484538452696,201.172548568801,22.991148407862973,178.18140016093804,0.0,5.747787101965743,0.0,408.09288423956775
1506203,Salinópolis,2025,22189,435,83,121,43,4,39,0,0,0,126,1960.4308441119474,374.0592185317049,545.3152462932084,193.78971562485916,18.026950290684574,175.7627653341746,0.0,0.0,0.0,567.848934156564
1506302,Salvaterra,2025,12078,200,37,59,31,3,28,0,0,0,68,1655.9032952475575,306.34210962079817,488.49147209802953,256.6650107633714,24.838549428713364,231.82646133465806,0.0,0.0,0.0,563.0071203841695
1506351,Santa Bárbara do Pará,2025,10602,137,23,31,21,2,19,0,0,0,44,1292.2090171665725,216.94019996227127,292.39766081871346,198.07583474816073,18.864365214110546,179.21146953405017,0.0,0.0,0.0,415.016034710432
1506401,Santa Cruz do Arari,2025,3557,36,8,21,5,0,5,0,0,0,13,1012.0888389091932,224.9086308687096,590.3851560303626,140.5678942929435,0.0,140.5678942929435,0.0,0.0,0.0,365.4765251616531
1506500,Santa Izabel do Pará,2025,33377,461,77,105,36,6,30,0,0,0,113,1381.1906402612578,230.69778590047036,314.58788986427777,107.85870509632382,17.9764508493873,89.88225424693651,0.0,0.0,0.0,338.5564909967942
1506559,Santa Luzia do Pará,2025,10130,43,12,15,10,2,8,0,0,0,22,424.48173741362285,118.46001974333662,148.07502467917078,98.71668311944718,19.743336623889437,78.97334649555775,0.0,0.0,0.0,217.17670286278383
1506583,Santa Maria das Barreiras,2025,7778,43,19,25,6,2,4,0,0,0,25,552.8413473900745,244.27873489328874,321.4193880174852,77.14065312419646,25.713551041398816,51.42710208279763,0.0,0.0,0.0,321.4193880174852
1506609,Santa Maria do Pará,2025,12477,106,34,45,9,2,7,1,0,0,43,849.5631962811574,272.5014025807486,360.66362106275545,72.1327242125511,16.029494269455796,56.10322994309529,8.014747134727898,0.0,0.0,344.6341267932997
1506708,Santana do Araguaia,2025,15740,198,75,102,26,1,25,0,1,0,102,1257.9415501905971,476.4930114358323,648.0304955527318,165.18424396442185,6.353240152477763,158.8310038119441,0.0,6.353240152477763,0.0,648.0304955527318
1506807,Santarém,2025,168862,1823,331,508,183,41,142,2,2,0,516,1079.5797752010517,196.01805024220963,300.8373701602492,108.37251720339684,24.280181449941374,84.09233575345549,1.1843990951190912,1.1843990951190912,0.0,305.5749665407256
1506906,Santarém Novo,2025,2911,27,6,10,2,0,2,0,0,0,8,927.5163174166953,206.11473720371006,343.52456200618343,68.7049124012367,0.0,68.7049124012367,0.0,0.0,0.0,274.8196496049468
1507003,Santo Antônio do Tauá,2025,13701,191,57,76,16,4,12,0,0,0,73,1394.0588278227867,416.0280271513028,554.7040362017372,116.77979709510255,29.194949273775638,87.58484782132692,0.0,0.0,0.0,532.8078242464054
1507102,São Caetano de Odivelas,2025,8193,102,12,28,18,0,18,1,0,0,30,1244.9652142072503,146.46649578908824,341.7551568412059,219.69974368363236,0.0,219.69974368363236,12.205541315757355,0.0,0.0,366.16623947272063
1507151,São Domingos do Araguaia,2025,10376,77,28,36,10,0,10,0,0,0,38,742.0971472629144,269.85350809560526,346.9545104086353,96.37625289128759,0.0,96.37625289128759,0.0,0.0,0.0,366.22976098689287
1507201,São Domingos do Capim,2025,14584,108,22,41,20,1,19,0,0,0,42,740.5375754251234,150.85024684585846,281.1300054854635,137.13658804168952,6.856829402084476,130.27975863960506,0.0,0.0,0.0,287.986834887548
1507300,São Félix do Xingu,2025,30588,333,79,107,102,11,91,0,0,0,181,1088.662220478619,258.27121747090365,349.8103831567935,333.4641035700275,35.96181509088532,297.5022884791421,0.0,0.0,0.0,591.7353210409311
1507409,São Francisco do Pará,2025,7348,50,9,10,7,1,6,0,0,0,16,680.4572672836147,122.48230811105063,136.09145345672292,95.26401741970605,13.609145345672292,81.65487207403375,0.0,0.0,0.0,217.74632553075668
1507458,São Geraldo do Araguaia,2025,12013,97,39,56,8,2,6,2,0,0,47,807.4585865312578,324.648297677516,466.1616582036127,66.59452260051611,16.64863065012903,49.94589195038708,16.64863065012903,0.0,0.0,391.2428202780321
1507466,São João da Ponta,2025,2143,19,3,6,1,0,1,0,0,0,4,886.6075594960336,139.99066728884742,279.98133457769484,46.66355576294914,0.0,46.66355576294914,0.0,0.0,0.0,186.65422305179655
1507474,São João de Pirabas,2025,10031,87,10,17,13,3,10,1,0,0,23,867.3113348619281,99.69095803010667,169.47462865118135,129.59824543913868,29.907287409032005,99.69095803010667,9.969095803010667,0.0,0.0,229.28920346924534
1507508,São João do Araguaia,2025,6374,63,18,27,14,2,12,0,1,0,33,988.3903357389394,282.39723878255415,423.5958581738312,219.64229683087544,31.377470975839344,188.2648258550361,0.0,15.688735487919672,0.0,517.7282711013492
1507607,São Miguel do Guamá,2025,26713,329,66,99,39,3,36,1,0,0,105,1231.6100774903605,247.07071463332457,370.6060719499869,145.99633137423726,11.230487028787483,134.76584434544978,3.743495676262494,0.0,0.0,393.0670460075619
1507706,São Sebastião da Boa Vista,2025,12314,162,27,50,26,1,25,0,0,0,53,1315.5757674191977,219.2626279031996,406.04190352444374,211.14178983271074,8.120838070488874,203.02095176222187,0.0,0.0,0.0,430.4044177359104
1507755,Sapucaia,2025,2879,46,17,25,6,1,5,0,0,0,23,1597.777005904828,590.4828065300452,868.357068426537,208.40569642236886,34.73428273706148,173.67141368530739,0.0,0.0,0.0,798.888502952414
1507805,Senador José Porfírio,2025,10381,102,24,35,25,2,23,2,2,0,51,982.5643001637607,231.19160003853193,337.1544167228591,240.82458337347077,19.265966669877663,221.5586167035931,19.265966669877663,19.265966669877663,0.0,491.28215008188033
1507904,Soure,2025,12264,310,84,136,23,3,20,0,0,0,107,2527.723418134377,684.931506849315,1108.9367253750816,187.54076973255056,24.46183953033268,163.07893020221786,0.0,0.0,0.0,872.4722765818656
1507953,Tailândia,2025,35923,463,78,118,78,14,64,0,3,0,159,1288.8678562480861,217.13108593380286,328.4803607716505,217.13108593380286,38.97224619324667,178.1588397405562,0.0,8.351195612838572,0.0,442.6133674804443
1507961,Terra Alta,2025,5103,40,9,12,5,2,3,0,0,0,14,783.8526357044875,176.3668430335097,235.15579071134627,97.98157946306094,39.19263178522438,58.78894767783657,0.0,0.0,0.0,274.3484224965706
1507979,Terra Santa,2025,9263,130,33,53,13,3,10,0,0,0,46,1403.4330130627227,356.25607254669114,572.1688437871101,140.34330130627228,32.38691568606283,107.95638562020945,0.0,0.0,0.0,496.5993738529634
1508001,Tomé-Açu,2025,33173,499,107,155,84,11,73,2,0,0,191,1504.2353721399934,322.55147258312485,467.2474602839659,253.21797847647184,33.15949718144274,220.0584812950291,6.028999487535043,0.0,0.0,575.7694510595967
1508035,Tracuateua,2025,13891,89,21,26,10,1,9,0,0,0,31,640.7026132027931,151.1770210927939,187.1715499244115,71.98905766323519,7.198905766323519,64.79015189691167,0.0,0.0,0.0,223.16607875602907
1508050,Trairão,2025,7222,65,21,26,12,0,12,1,0,0,33,900.0276931597896,290.77817779008586,360.0110772639158,166.1589587371919,0.0,166.1589587371919,13.846579894765993,0.0,0.0,456.93713652727774
1508084,Tucumã,2025,19793,144,34,39,23,1,22,3,0,0,57,727.5299348254434,171.77790127822968,197.0393573485576,116.2026979235083,5.052291214065579,111.15040670944273,15.156873642196736,0.0,0.0,287.98059920173796
1508100,Tucuruí,2025,46135,681,145,226,73,11,62,2,1,0,219,1476.1027419529642,314.2950037932155,489.86669556735666,158.2312777717568,23.843069253278422,134.38820851847836,4.335103500596077,2.1675517502980384,0.0,474.6938333152704
1508126,Ulianópolis,2025,18972,135,53,61,25,3,22,0,0,0,78,711.5749525616698,279.359055450137,321.52646004638416,131.77313936327218,15.812776723592663,115.96036263967953,0.0,0.0,0.0,411.1321948134092
1508159,Uruará,2025,20746,181,57,73,35,1,34,1,1,0,93,872.4573411742022,274.7517593753013,351.8750602525788,168.70722066904463,4.8202063048298465,163.8870143642148,4.8202063048298465,4.8202063048298465,0.0,448.2791863491757
1508209,Vigia,2025,25137,253,51,76,29,1,28,0,0,0,80,1006.4844651310816,202.88817281298483,302.34315948601665,115.36778454071687,3.9781994669212715,111.38958507379559,0.0,0.0,0.0,318.2559573537017
1508308,Viseu,2025,28220,193,39,55,39,5,34,0,0,0,78,683.9121190644933,138.19985825655564,194.89723600283486,138.19985825655564,17.71793054571226,120.48192771084338,0.0,0.0,0.0,276.3997165131113
1508357,Vitória do Xingu,2025,7576,110,33,45,26,4,22,0,0,0,59,1451.9535374868005,435.5860612460401,593.9809926082365,343.1890179514255,52.798310454065465,290.3907074973601,0.0,0.0,0.0,778.7750791974656
1508407,Xinguara,2025,26303,309,136,172,35,2,33,0,2,0,173,1174.7709386761967,517.0512869254458,653.9178040527696,133.06466942934264,7.603695395962438,125.46097403338021,0.0,7.603695395962438,0.0,657.7196517507508
