CodMun,Uf,Cod Uf,Desc Mun,PopMun,Faixa_pop,Regiao,MASS01,MASS03,MASS04,MASS05,MASS051,MASS06,MASS07,MASS091,MASS092,MASS093,MASS094,MASS095,MASS096,MASS097,MASS098,MASS099,MASS0910,MASS0911,MASS0912,MASS0913,MASS10,MASS10a,MASS10b1,MASS10b2,MASS10b3,MASS10b4,MASS10b5,MASS10bb6,MASS10b7,MASS11,MASS11a,MASS1111,MASS1112,MASS12,MASS13,MASS1311,MASS1312,MASS1313,MASS16,MASS161a,MASS161b,MASS161c,MASS162,MASS17,MASS18,MASS191,MASS192,MASS193,MASS20,MASS2011,MASS2012,MASS2013,MASS2014,MASS2015,MASS2016,MASS2017,MASS2018,MASS2019,MASS211,MASS212,MASS213,MASS214,MASS215,MASS216,MASS217,MASS218,MASS22,MASS221,MASS23,MASS241,MASS242,MASS243,MASS244,MASS245,MASS246,MASS247,MASS248,MASS249,MASS2410,MASS2411,MASS2412,MASS2413,MASS24131,MASS2414,MASS2415,MASS2416,MASS2417,MASS2418,MASS2419,MASS251,MASS2511,MASS252,MASS253,MASS2531,MASS254,MASS2541,MASS255,MASS256,MASS2561,MASS257,MASS258,MASS259,MASS2510,MASS2511.1,MASS2512,MASS2513,MASS2514,MASS2515,MASS2516,MASS2517,MASS2518,MASS2519,MASS261,MASS262,MASS263,MASS264,MASS265,MASS266,MASS267,MASS268,MASS269,MASS2610,MASS2611,MASS2612,MASS2613,MASS2614,MASS2615,MASS27,MASS2711,MASS2712,MASS2713,MASS2714
1500107,PA,15,Abaetetuba,158188,6 - 100001 até 500000,1 - Norte,Secretaria municipal exclusiva,Feminino,58,Parda,Sim,Mestrado,Assistência social,Sim,Sim,Não,Sim,Sim,Não,Não,Sim,Sim,Sim,Sim,Não,Não,Sim,Sim,Sim,Sim,Sim,Não,Não,Sim,Não,Sim,1997,2022,-,Sim,Sim,Não,Sim,Não,Sim,97,1997,Ativo,Paritário,36,24,Sim,Não,-,Sim,Sim,Sim,Sim,Sim,Não,Não,Sim,Sim,Não,Sim,Sim,Sim,Sim,Não,Sim,Não,Sim,Sim,Secretaria municipal de assistência social,Sim,Sim,Sim,Sim,Sim,Sim,Sim,Sim,Sim,Não,Sim,Sim,Sim,Não,-,Sim,Não,Não,Não,Não,Não,Sim,9,Sim,Sim,2,Não,-,Não,Não,-,Não,Não,Não,Não,Não,Não,Não,Não,Não,Não,Não,Não,Sim,Não,Não,Sim,Sim,Sim,Não,Sim,Sim,Não,Não,Sim,Não,Não,Não,-,Sim,Sim,Sim,Sim,Não
1500131,PA,15,Abel Figueiredo,7030,2 - 5001 até 10000,1 - Norte,Secretaria municipal exclusiva,Feminino,28,Parda,Sim,Ensino superior completo,Enfermagem,Não,Não,Não,Não,Não,Não,Não,Não,Não,Sim,Não,Não,Não,Sim,Sim,Sim,Sim,Sim,Sim,Sim,Sim,Não,Sim,2022,-,Não foi atualizado,Sim,Não,-,-,-,Sim,245,2020,Ativo,Paritário,9,16,Não,Sim,-,Sim,Sim,Sim,Sim,Sim,Sim,Sim,Sim,Sim,Não,Sim,Sim,Sim,Sim,Sim,Sim,Não,Sim,Sim,Secretaria municipal de assistência social,Sim,Sim,Sim,Sim,Não,Não,Sim,Sim,Sim,Não,Sim,Sim,Não,Não,-,Sim,Não,Não,Não,Não,Não,Sim,1,Não,Não,-,Não,-,Não,Não,-,Não,Não,Não,Não,Não,Não,Não,Não,Não,Não,Não,Não,Não,Não,Não,Não,Não,Não,Não,Sim,Sim,Sim,Não,Não,Não,Não,Não,-,Sim,Sim,Sim,Sim,Sim
1500206,PA,15,Acará,59023,5 - 50001 até 100000,1 - Norte,Secretaria municipal exclusiva,Masculino,35,Parda,Sim,Ensino superior completo,Outra,Sim,Sim,Sim,Sim,Sim,Sim,Sim,Não,Não,Sim,Sim,Não,Não,Sim,Sim,Sim,Não,Sim,Não,Não,Sim,Não,Sim,2022,-,Não foi atualizado,Sim,Sim,Sim,Sim,Não,Sim,186,2007,Ativo,Paritário,15,16,Não,Sim,-,Sim,Sim,Sim,Sim,Sim,Não,Não,Sim,Sim,Não,Sim,Sim,Sim,Sim,Sim,Sim,Sim,Não,Sim,Secretaria municipal de assistência social,Sim,Sim,Sim,Sim,Sim,Sim,Sim,Não,Sim,Não,Não,Sim,Sim,Não,-,Não,Não,Não,Não,Não,Não,Sim,3,Não,Sim,1,Não,-,Não,Não,-,Não,Não,Não,Não,Não,Não,Não,Não,Não,Não,Não,Não,Sim,Não,Não,Sim,Sim,Não,Não,Não,Sim,Não,Não,Não,Não,Não,Não,-,Sim,Sim,Sim,Sim,Sim
1500305,PA,15,Afuá,37765,4 - 20001 até 50000,1 - Norte,Secretaria municipal em conjunto com outras políticas setoriais,Feminino,42,Parda,Não,Especialização,Assistência social,Não,Não,Não,Não,Sim,Não,Não,Não,Não,Sim,Sim,Não,Não,Sim,Sim,Sim,Sim,Sim,Não,Não,Sim,Não,Sim,2016,2023,-,Sim,Sim,Sim,Sim,Não,Sim,158,1997,Ativo,Paritário,12,18,Não,Sim,-,Sim,Sim,Sim,Sim,Sim,Não,Sim,Sim,Sim,Sim,Sim,Sim,Sim,Sim,Sim,Sim,Sim,Sim,Sim,Secretaria municipal de assistência social,Sim,Sim,Sim,Sim,Sim,Sim,Sim,Sim,Sim,Não,Sim,Não,Sim,Não,-,Não,Não,Não,Não,Não,Não,Sim,1,Sim,Sim,1,Não,-,Não,Não,-,Não,Não,Não,Não,Não,Não,Não,Não,Não,Não,Não,Sim,Sim,Não,Não,Não,Sim,Não,Sim,Não,Sim,Sim,Sim,Sim,Não,Não,Não,-,Sim,Sim,Sim,Sim,Sim
1500347,PA,15,Água Azul do Norte,18080,3 - 10001 até 20000,1 - Norte,Secretaria municipal exclusiva,Feminino,50,Branca,Não,Ensino superior completo,Administração,Sim,Sim,Sim,Sim,Sim,Não,Não,Não,Sim,Não,Sim,Não,Não,Sim,Sim,Sim,Sim,Sim,Sim,Sim,Sim,Não,Sim,2005,2022,-,Sim,Sim,Sim,Sim,Não,Sim,424,2015,Ativo,Paritário,8,16,Não,Sim,-,Sim,Sim,Sim,Sim,Sim,Não,Não,Sim,Sim,Sim,Sim,Sim,Sim,Não,Não,Não,Não,Não,Sim,Secretaria municipal de assistência social,Sim,Sim,Sim,Sim,Sim,Não,Sim,Não,Não,Sim,Não,Sim,Não,Não,-,Sim,Não,Sim,Não,Não,Não,Sim,2,Não,Sim,1,Sim,1,Não,Não,-,Sim,Não,Não,Não,Não,Não,Não,Não,Sim,Não,Não,Não,Não,Não,Não,Não,Não,Não,Não,Sim,Sim,Sim,Sim,Não,Sim,Não,Sim,-,Sim,Sim,Sim,Não,Sim
1500404,PA,15,Alenquer,69377,5 - 50001 até 100000,1 - Norte,Secretaria municipal exclusiva,Masculino,45,Parda,Sim,Ensino superior incompleto,-,Sim,Sim,Não,Sim,Sim,Não,Não,Não,Sim,Sim,Sim,Não,Não,Sim,Sim,Sim,Sim,Sim,Não,Sim,Sim,Sim,Sim,2015,2021,-,Sim,Sim,Sim,Sim,Não,Sim,19,1997,Ativo,Paritário,26,24,Sim,Não,-,Sim,Sim,Sim,Sim,Sim,Não,Não,Sim,Sim,Sim,Sim,Não,Sim,Não,Sim,Sim,Sim,Sim,Sim,Secretaria municipal de assistência social,Sim,Sim,Sim,Sim,Sim,Sim,Sim,Não,Sim,Não,Não,Sim,Sim,Não,-,Sim,Não,Não,Não,Não,Não,Sim,2,Sim,Sim,1,Não,-,Não,Não,-,Sim,Não,Não,Não,Não,Não,Não,Não,Não,Não,Não,Não,Sim,Não,Não,Sim,Sim,Sim,Não,Não,Sim,Sim,Sim,Não,Não,Não,Não,-,Sim,Sim,Sim,Sim,Sim
1500503,PA,15,Almeirim,34280,4 - 20001 até 50000,1 - Norte,Secretaria municipal exclusiva,Masculino,39,Parda,Sim,Ensino médio (2º Grau) completo,-,Não,Não,Não,Não,Sim,Não,Não,Não,Sim,Sim,Sim,Não,Não,Sim,Sim,Sim,Sim,Sim,Sim,Sim,Sim,Não,Sim,2021,2021,-,Sim,Sim,Sim,Sim,Não,Sim,515,1997,Ativo,Paritário,15,24,Sim,Não,-,Sim,Sim,Sim,Sim,Sim,Não,Não,Sim,Não,Sim,Sim,Sim,Sim,Sim,Sim,Sim,Não,Não,Sim,Secretaria municipal de assistência social,Sim,Sim,Sim,Sim,Sim,Sim,Sim,Não,Sim,Sim,Sim,Sim,Sim,Não,-,Não,Não,Não,Não,Não,Não,Sim,2,Sim,Sim,1,Não,-,Não,Não,-,Não,Não,Não,Não,Não,Não,Não,Não,Não,Não,Não,Não,Não,Sim,Não,Não,Sim,Não,Não,Sim,Sim,Não,Sim,Não,Não,Não,Não,-,Sim,Sim,Sim,Sim,Sim
1500602,PA,15,Altamira,126279,6 - 100001 até 500000,1 - Norte,Secretaria municipal exclusiva,Feminino,40,Parda,Não,Especialização,Assistência social,Sim,Sim,Sim,Sim,Não,Não,Não,Não,Sim,Não,Não,Não,Não,Sim,Sim,Sim,Não,Sim,Sim,Sim,Sim,Sim,Sim,2016,2022,-,Sim,Não,-,-,-,Sim,3213,2016,Ativo,Paritário,12,20,Sim,Não,-,Sim,Sim,Sim,Sim,Sim,Sim,Sim,Sim,Sim,Sim,Sim,Sim,Sim,Sim,Sim,Não,Sim,Sim,Sim,Secretaria municipal de assistência social,Sim,Sim,Não,Sim,Sim,Não,Sim,Não,Sim,Não,Não,Sim,Sim,Não,-,Sim,Não,Sim,Não,Não,Não,Sim,3,Sim,Sim,1,Não,-,Sim,Não,-,Sim,Não,Não,Não,Não,Não,Não,Não,Sim,Não,Não,Não,Sim,Sim,Sim,Não,Sim,Sim,Sim,Sim,Sim,Sim,Sim,Sim,Sim,Sim,Sim,-,Sim,Sim,Sim,Sim,Sim
1500701,PA,15,Anajás,28011,4 - 20001 até 50000,1 - Norte,Secretaria municipal em conjunto com outras políticas setoriais,Feminino,38,Parda,Não,Ensino superior completo,Assistência social,Não,Não,Não,Sim,Não,Não,Não,Não,Não,Não,Não,Sim,Não,Sim,Sim,Não,Não,Não,Não,Não,Não,Sim,Sim,2022,-,Não foi atualizado,Não,Não,-,-,-,Sim,250,2017,Ativo,Paritário,18,16,Sim,Não,-,Sim,Sim,Sim,Sim,Sim,Não,Não,Sim,Não,Sim,Sim,Sim,Sim,Não,Sim,Não,Sim,Sim,Sim,Secretaria municipal de assistência social,Sim,Sim,Sim,Sim,Sim,Sim,Sim,Sim,Sim,Não,Sim,Sim,Sim,Sim,Sim,Sim,Não,Sim,Não,Não,Não,Sim,1,Sim,Sim,1,Não,-,Não,Não,-,Não,Não,Não,Não,Não,Não,Não,Não,Não,Não,Não,Não,Sim,Não,Não,Não,Sim,Não,Não,Não,Não,Não,Não,Não,Não,Não,Não,-,Sim,Sim,Sim,Sim,Sim
1500800,PA,15,Ananindeua,478778,6 - 100001 até 500000,1 - Norte,Secretaria municipal em conjunto com outras políticas setoriais,Masculino,50,Branca,Sim,Ensino superior completo,Direito,Sim,Sim,Sim,Sim,Sim,Sim,Sim,Sim,Sim,Sim,Sim,Não,Não,Sim,Sim,Sim,Sim,Sim,Sim,Sim,Sim,Não,Sim,2021,2023,-,Sim,Sim,Sim,Sim,Não,Sim,1262,1997,Ativo,Paritário,12,36,Sim,Não,-,Sim,Sim,Sim,Sim,Sim,Sim,Sim,Não,Sim,Não,Sim,Sim,Sim,Sim,Sim,Sim,Sim,Não,Sim,Secretaria municipal de assistência social,Sim,Sim,Sim,Sim,Não,Sim,Sim,Sim,Sim,Sim,Sim,Sim,Não,Não,-,Sim,Não,Sim,Não,Não,Não,Sim,10,Não,Sim,2,Sim,1,Não,Não,-,Sim,Não,Não,Não,Não,Não,Não,Não,Sim,Não,Não,Não,Sim,Sim,Não,Sim,Sim,Não,Não,Sim,Sim,Não,Não,Sim,Sim,Sim,Sim,-,Sim,Sim,Sim,Sim,Sim
1500859,PA,15,Anapu,31850,4 - 20001 até 50000,1 - Norte,Secretaria municipal exclusiva,Feminino,51,Parda,Não,Especialização,Assistência social,Sim,Sim,Sim,Não,Sim,Não,Não,Não,Não,Não,Sim,Sim,Não,Sim,Sim,Sim,Sim,Sim,Sim,Sim,Sim,Não,Sim,2022,-,Não foi atualizado,Sim,Sim,Sim,Sim,Não,Sim,344,2022,Ativo,Paritário,10,12,Não,Sim,-,Sim,Sim,Sim,Sim,Sim,Não,Não,Sim,Sim,Sim,Sim,Sim,Sim,Sim,Sim,Sim,Sim,Sim,Sim,Secretaria municipal de assistência social,Sim,Sim,Não,Sim,Sim,Sim,Sim,Não,Sim,Não,Não,Sim,Não,Não,-,Sim,Não,Não,Não,Não,Não,Sim,1,Sim,Sim,1,Não,-,Não,Não,-,Sim,Não,Não,Não,Não,Não,Não,Não,Não,Não,Não,Não,Sim,Não,Não,Não,Sim,Não,Sim,Sim,Sim,Sim,Sim,Não,Não,Sim,Não,-,Sim,Sim,Sim,Não,Não
1500909,PA,15,Augusto Corrêa,44573,4 - 20001 até 50000,1 - Norte,Secretaria municipal exclusiva,Masculino,44,Parda,Não,Ensino médio (2º Grau) completo,-,Sim,Sim,Sim,Sim,Sim,Não,Não,Não,Sim,Sim,Sim,Não,Não,Sim,Sim,Sim,Sim,Sim,Não,Sim,Sim,Não,Sim,2013,2022,-,Sim,Sim,Sim,Não,Não,Sim,1321,1997,Ativo,Paritário,12,8,Não,Sim,-,Sim,Sim,Sim,Sim,Sim,Não,Não,Sim,Não,Não,Sim,Sim,Sim,Sim,Sim,Sim,Não,Sim,Sim,Secretaria municipal de assistência social,Sim,Sim,Não,Sim,Sim,Não,Sim,Sim,Sim,Não,Sim,Sim,Não,Sim,Não,Não,Não,Não,Não,Não,Não,Sim,2,Não,Sim,1,Não,-,Não,Não,-,Não,Não,Não,Não,Não,Não,Não,Não,Sim,Não,Não,Não,Sim,Não,Não,Não,Não,Não,Não,Não,Não,Não,Sim,Não,Não,Não,Não,-,Sim,Sim,Sim,Não,Sim
1500958,PA,15,Aurora do Pará,23774,4 - 20001 até 50000,1 - Norte,Secretaria municipal exclusiva,Feminino,Não informou,Parda,Não,Ensino superior completo,Pedagogia,Não,Não,Não,Não,Não,Não,Não,Não,Não,Não,Não,Não,Sim,Sim,Sim,Sim,Sim,Sim,Sim,Sim,Sim,Não,Sim,2013,2023,-,Sim,Sim,Sim,Não,Não,Não,-,-,-,-,-,-,-,-,-,-,-,-,-,-,-,-,-,-,-,-,-,-,-,-,-,-,-,Sim,Secretaria municipal de assistência social,Sim,Sim,Não,Sim,Sim,Sim,Sim,Sim,Sim,Não,Não,Sim,Não,Não,-,Sim,Não,Não,Não,Não,Não,Sim,1,Sim,Sim,1,Não,-,Não,Não,-,Sim,Não,Não,Não,Não,Não,Não,Não,Não,Não,Não,Não,Não,Sim,Sim,Sim,Sim,Sim,Sim,Sim,Sim,Sim,Sim,Sim,Não,Não,Sim,-,Sim,Sim,Sim,Sim,Sim
1501006,PA,15,Aveiro,18290,3 - 10001 até 20000,1 - Norte,Secretaria municipal exclusiva,Feminino,37,Parda,Sim,Ensino superior completo,Assistência social,Sim,Sim,Não,Sim,Não,Não,Sim,Sim,Não,Sim,Não,Não,Não,Sim,Sim,Sim,Sim,Sim,Não,Sim,Sim,Não,Sim,2017,2022,-,Sim,Sim,Sim,Sim,Não,Sim,383,1998,Ativo,Paritário,12,8,Sim,Não,-,Sim,Sim,Sim,Sim,Sim,Não,Sim,Sim,Sim,Não,Sim,Sim,Sim,Sim,Sim,Sim,Sim,Sim,Sim,Gabinete do prefeito,Sim,Sim,Sim,Sim,Sim,Sim,Sim,Sim,Sim,Não,Sim,Sim,Sim,Não,-,Não,Não,Não,Não,Não,Não,Sim,1,Sim,Sim,1,Não,-,Não,Não,-,Não,Não,Não,Não,Não,Não,Não,Não,Não,Não,Não,Não,Sim,Sim,Não,Não,Sim,Não,Não,Não,Sim,Não,Sim,Não,Não,Não,Não,-,Sim,Sim,Sim,Sim,Sim
1501105,PA,15,Bagre,31892,4 - 20001 até 50000,1 - Norte,Secretaria municipal exclusiva,Masculino,43,Preta,Sim,Ensino superior incompleto,-,Não,Sim,Sim,Não,Não,Não,Não,Não,Não,Não,Não,Não,Não,Sim,Sim,Sim,Sim,Sim,Não,Sim,Sim,Não,Sim,2022,-,Não foi atualizado,Sim,Sim,Sim,Sim,Não,Sim,8,2005,Ativo,Tem maior representação governamental,7,22,Não,Sim,-,Sim,Sim,Sim,Sim,Sim,Não,Não,Não,Não,Não,Sim,Sim,Sim,Sim,Sim,Sim,Sim,Sim,Sim,Secretaria municipal de assistência social,Sim,Sim,Sim,Sim,Sim,Sim,Sim,Sim,Sim,Não,Sim,Sim,Não,Não,-,Não,Não,Não,Não,Não,Não,Sim,1,Não,Sim,1,Não,-,Não,Não,-,Não,Não,Não,Não,Não,Não,Não,Não,Não,Não,Não,Não,Não,Não,Não,Sim,Sim,Não,Não,Não,Sim,Não,Sim,Não,Não,Não,Não,-,Sim,Sim,Sim,Não,Sim
1501204,PA,15,Baião,51641,5 - 50001 até 100000,1 - Norte,Secretaria municipal exclusiva,Masculino,56,Branca,Sim,Ensino médio (2º Grau) incompleto,-,Sim,Sim,Sim,Sim,Sim,Sim,Não,Sim,Sim,Sim,Não,Sim,Não,Sim,Sim,Sim,Sim,Sim,Sim,Sim,Sim,Não,Sim,2020,-,Não foi atualizado,Sim,Não,-,-,-,Sim,1236,1995,Ativo,Paritário,15,16,Não,Sim,-,Sim,Sim,Sim,Sim,Sim,Não,Não,Não,Não,Não,Sim,Sim,Sim,Sim,Sim,Sim,Não,Sim,Sim,Secretaria municipal de assistência social,Sim,Sim,Sim,Sim,Sim,Não,Sim,Sim,Sim,Não,Não,Sim,Não,Não,-,Não,Não,Não,Não,Não,Não,Sim,1,Não,Sim,1,Não,-,Não,Não,-,Não,Não,Não,Não,Não,Não,Não,Não,Não,Não,Não,Não,Sim,Não,Não,Sim,Sim,Não,Sim,Não,Sim,Não,Sim,Não,Não,Não,Não,-,Sim,Sim,Sim,Não,Sim
1501253,PA,15,Bannach,4031,1 - Até 5000,1 - Norte,Secretaria municipal exclusiva,Masculino,33,Branca,Não,Ensino superior completo,Psicologia,Sim,Não,Não,Não,Não,Não,Não,Não,Não,Não,Não,Sim,Não,Sim,Sim,Sim,Não,Sim,Não,Sim,Sim,Não,Sim,2022,-,Não foi atualizado,Sim,Sim,Sim,Sim,Não,Sim,10,1997,Ativo,Paritário,4,10,Não,Sim,-,Sim,Sim,Sim,Sim,Sim,Não,Não,Não,Não,Não,Sim,Sim,Sim,Não,Sim,Sim,Não,Não,Sim,Secretaria municipal de assistência social,Sim,Sim,Não,Sim,Não,Não,Sim,Sim,Não,Não,Não,Não,Não,Não,-,Não,Não,Não,Não,Não,Não,Sim,2,Não,Não,-,Não,-,Não,Não,-,Não,Não,Não,Não,Não,Não,Não,Não,Não,Não,Não,Não,Não,Sim,Não,Não,Não,Não,Não,Não,Não,Não,Não,Não,Não,Não,Não,-,Sim,Sim,Sim,Não,Sim
1501303,PA,15,Barcarena,126650,6 - 100001 até 500000,1 - Norte,Secretaria municipal exclusiva,Feminino,47,Parda,Sim,Especialização,Assistência social,Sim,Sim,Sim,Sim,Sim,Sim,Não,Sim,Sim,Sim,Sim,Não,Não,Sim,Sim,Sim,Sim,Sim,Sim,Sim,Sim,Não,Sim,2022,2022,-,Sim,Sim,Sim,Não,Não,Sim,1902,1997,Ativo,Paritário,13,24,Sim,Não,-,Sim,Sim,Sim,Sim,Sim,Não,Sim,Sim,Sim,Sim,Sim,Sim,Sim,Sim,Sim,Sim,Sim,Não,Sim,Secretaria municipal de assistência social,Sim,Sim,Não,Sim,Sim,Não,Sim,Não,Sim,Sim,Sim,Sim,Sim,Não,-,Sim,Sim,Não,Não,Não,Não,Sim,6,Não,Sim,1,Não,-,Não,Não,-,Sim,Não,Não,Sim,Não,Sim,Não,Não,Não,Não,Não,Não,Não,Não,Sim,Sim,Sim,Sim,Sim,Sim,Sim,Sim,Sim,Sim,Sim,Sim,Sim,-,Sim,Sim,Sim,Não,Sim
1501402,PA,15,Belém,1303403,7 - Maior que 500000,1 - Norte,Órgão da administração indireta,Masculino,57,Branca,Sim,Doutorado,Outra,Sim,Não,Não,Não,Não,Não,Não,Sim,Não,Não,Sim,Não,Não,Sim,Sim,Sim,Sim,Sim,Sim,Sim,Sim,Sim,Sim,2022,-,Não foi atualizado,Sim,Sim,Sim,Sim,Não,Sim,7857,1997,Ativo,Paritário,19,36,Não,Sim,-,Sim,Sim,Sim,Sim,Sim,Sim,Sim,Não,Sim,Não,Sim,Sim,Sim,Sim,Sim,Sim,Sim,Não,Sim,Secretaria municipal de assistência social,Sim,Sim,Sim,Sim,Sim,Sim,Sim,Não,Sim,Sim,Sim,Sim,Sim,Sim,Sim,Sim,Sim,Não,Não,Sim,Não,Sim,12,Sim,Sim,5,Sim,2,Sim,Sim,1,Sim,Não,Não,Sim,Não,Sim,Não,Sim,Não,Não,Não,Não,Sim,Sim,Sim,Sim,Sim,Sim,Sim,Sim,Sim,Não,Sim,Sim,Sim,Sim,Sim,-,Sim,Sim,Sim,Sim,Sim
1501451,PA,15,Belterra,18099,3 - 10001 até 20000,1 - Norte,Secretaria municipal exclusiva,Feminino,42,Parda,Não,Especialização,Outra,Sim,Sim,Não,Sim,Sim,Sim,Sim,Não,Sim,Sim,Sim,Não,Não,Sim,Sim,Sim,Sim,Sim,Não,Não,Sim,Não,Sim,2022,-,Não foi atualizado,Sim,Sim,Sim,Sim,Não,Sim,35,1999,Ativo,Paritário,15,20,Sim,Não,-,Sim,Sim,Sim,Sim,Sim,Não,Não,Sim,Sim,Não,Sim,Sim,Sim,Sim,Sim,Sim,Sim,Sim,Sim,Secretaria municipal de assistência social,Sim,Sim,Sim,Sim,Sim,Sim,Sim,Sim,Sim,Não,Sim,Sim,Sim,Não,-,Não,Não,Não,Não,Não,Não,Sim,1,Sim,Sim,1,Não,-,Não,Não,-,Não,Não,Não,Não,Não,Não,Não,Não,Não,Não,Não,Não,Não,Sim,Não,Não,Sim,Não,Sim,Não,Sim,Não,Não,Não,Sim,Sim,Não,-,Sim,Sim,Não,Sim,Sim
1501501,PA,15,Benevides,63567,5 - 50001 até 100000,1 - Norte,Secretaria municipal em conjunto com outras políticas setoriais,Feminino,67,Parda,Não,Ensino superior completo,Assistência social,Sim,Sim,Sim,Sim,Sim,Sim,Sim,Sim,Sim,Sim,Sim,Sim,Não,Sim,Sim,Sim,Sim,Sim,Sim,Sim,Sim,Sim,Sim,2022,-,Não foi atualizado,Sim,Sim,Sim,Não,Não,Sim,901,1996,Ativo,Paritário,15,12,Sim,Não,-,Sim,Não,Sim,Sim,Sim,Não,Sim,Sim,Não,Não,Sim,Sim,Sim,Sim,Sim,Sim,Sim,Sim,Sim,Secretaria municipal de assistência social,Sim,Sim,Sim,Sim,Sim,Não,Sim,Não,Sim,Não,Não,Sim,Sim,Não,-,Sim,Não,Não,Não,Não,Não,Sim,2,Sim,Sim,1,Não,-,Não,Não,-,Sim,Não,Não,Não,Não,Não,Não,Não,Não,Não,Não,Não,Não,Sim,Não,Sim,Sim,Sim,Sim,Sim,Sim,Sim,Sim,Sim,Não,Não,Sim,-,Sim,Sim,Sim,Sim,Sim
1501576,PA,15,Bom Jesus do Tocantins,18005,3 - 10001 até 20000,1 - Norte,Secretaria municipal exclusiva,Feminino,44,Parda,Sim,Ensino superior incompleto,-,Não,Sim,Sim,Sim,Não,Sim,Sim,Não,Sim,Não,Sim,Sim,Não,Sim,Sim,Sim,Sim,Sim,Não,Sim,Sim,Sim,Sim,2012,2022,-,Sim,Sim,Não,Sim,Não,Sim,389,2013,Ativo,Paritário,0,16,Não,Sim,-,Sim,Sim,Sim,Sim,Sim,Sim,Não,Sim,Não,Sim,Sim,Sim,Sim,Sim,Sim,Não,Sim,Não,Sim,Secretaria municipal de assistência social,Sim,Sim,Sim,Sim,Sim,Sim,Sim,Não,Sim,Não,Sim,Sim,Sim,Sim,Sim,Não,Não,Não,Não,Não,Não,Sim,2,Sim,Sim,2,Não,-,Não,Não,-,Não,Não,Não,Não,Não,Não,Não,Não,Não,Não,Não,Não,Não,Sim,Não,Sim,Não,Sim,Não,Não,Sim,Sim,Não,Não,Não,Não,Não,-,Sim,Sim,Sim,Sim,Sim
1501600,PA,15,Bonito,12622,3 - 10001 até 20000,1 - Norte,Secretaria municipal exclusiva,Masculino,38,Parda,Sim,Ensino superior completo,Outra,Sim,Sim,Não,Não,Não,Não,Não,Não,Sim,Não,Não,Sim,Não,Sim,Sim,Sim,Não,Sim,Não,Sim,Sim,Não,Sim,2020,2023,-,Sim,Sim,Não,Sim,Não,Sim,52,2001,Ativo,Paritário,16,16,Não,Sim,-,Sim,Não,Sim,Sim,Sim,Não,Não,Sim,Não,Não,Sim,Sim,Sim,Sim,Não,Sim,Não,Não,Sim,Secretaria municipal de assistência social,Sim,Sim,Não,Sim,Sim,Sim,Sim,Não,Sim,Não,Não,Sim,Sim,Não,-,Não,Não,Não,Não,Não,Não,Sim,1,Não,Sim,1,Não,-,Não,Não,-,Não,Não,Não,Não,Não,Não,Não,Não,Não,Não,Não,Não,Não,Não,Não,Sim,Não,Não,Sim,Sim,Sim,Não,Não,Sim,Não,Não,Não,-,Sim,Sim,Sim,Não,Sim
1501709,PA,15,Bragança,123082,6 - 100001 até 500000,1 - Norte,Secretaria municipal em conjunto com outras políticas setoriais,Masculino,49,Branca,Não,Especialização,Outra,Sim,Não,Não,Sim,Não,Não,Não,Não,Não,Sim,Sim,Não,Não,Sim,Sim,Sim,Sim,Sim,Não,Não,Não,Não,Sim,2023,2023,-,Sim,Sim,Sim,Sim,Não,Sim,3305,1998,Ativo,Paritário,15,32,-,-,Sim,Sim,Sim,Sim,Sim,Sim,Não,Não,Não,Não,Sim,Sim,Sim,Sim,Sim,Sim,Sim,Não,Não,Sim,Secretaria municipal de assistência social,Sim,Sim,Sim,Sim,Sim,Não,Sim,Sim,Sim,Sim,Sim,Sim,Sim,Sim,Sim,Sim,Sim,Não,Não,Não,Não,Sim,4,Não,Sim,1,Sim,1,Não,Não,-,Sim,Não,Não,Sim,Não,Não,Não,Não,Não,Não,Sim,Não,Não,Sim,Não,Sim,Sim,Não,Não,Sim,Sim,Não,Não,Não,Sim,Não,Não,-,Sim,Sim,Sim,Sim,Sim
1501725,PA,15,Brasil Novo,24718,4 - 20001 até 50000,1 - Norte,Secretaria municipal em conjunto com outras políticas setoriais,Feminino,37,Parda,Sim,Ensino superior completo,Assistência social,Não,Sim,Sim,Não,Sim,Não,Não,Não,Não,Não,Sim,Não,Não,Sim,Sim,Sim,Não,Sim,Não,Não,Não,Sim,Sim,2005,2021,-,Sim,Não,-,-,-,Sim,310,2021,Ativo,Paritário,16,20,-,-,Sim,Sim,Sim,Sim,Sim,Sim,Não,Não,Sim,Sim,Sim,Sim,Sim,Sim,Sim,Sim,Sim,Sim,Sim,Sim,Secretaria municipal de assistência social,Sim,Sim,Não,Sim,Sim,Sim,Sim,Não,Sim,Não,Não,Sim,Não,Não,-,Não,Não,Não,Não,Não,Não,Sim,1,Sim,Sim,1,Não,-,Não,Não,-,Não,Não,Não,Não,Sim,Não,Não,Não,Não,Não,Não,Não,Não,-,-,-,-,-,-,-,-,-,-,-,-,-,-,Sim,Sim,Sim,Sim,Não,Sim
1501758,PA,15,Brejo Grande do Araguaia,6783,2 - 5001 até 10000,1 - Norte,Secretaria municipal exclusiva,Feminino,31,Parda,Não,Ensino superior completo,Pedagogia,Não,Sim,Sim,Não,Não,Não,Não,Não,Não,Não,Sim,Não,Não,Sim,Sim,Sim,Sim,Sim,Sim,Sim,Sim,Não,Sim,2019,2022,-,Sim,Sim,Sim,Sim,Não,Sim,13,2018,Ativo,Paritário,20,12,Não,Sim,-,Sim,Não,Sim,Sim,Sim,Não,Não,Não,Não,Não,Sim,Sim,Sim,Sim,Sim,Sim,Sim,Sim,Sim,Secretaria municipal de assistência social,Sim,Sim,Sim,Sim,Sim,Sim,Sim,Sim,Sim,Não,Não,Sim,Sim,Não,-,Não,Não,Não,Não,Não,Não,Sim,1,Não,Sim,1,Não,-,Não,Não,-,Sim,Não,Não,Não,Não,Não,Não,Não,Não,Não,Não,Não,Não,Sim,Não,Não,Sim,Não,Não,Não,Sim,Sim,Não,Não,Não,Não,Não,-,Sim,Sim,Sim,Sim,Sim
1501782,PA,15,Breu Branco,45712,4 - 20001 até 50000,1 - Norte,Secretaria municipal exclusiva,Feminino,28,Branca,Não,Especialização,Administração,Não,Sim,Sim,Sim,Sim,Não,Não,Não,Sim,Não,Não,Não,Não,Sim,Sim,Sim,Sim,Não,Não,Não,Sim,Não,Sim,2021,-,Não foi atualizado,Sim,Sim,Sim,Sim,Não,Sim,278,2004,Ativo,Paritário,24,20,Não,Sim,-,Sim,Sim,Sim,Sim,Sim,Não,Não,Sim,Não,Não,Sim,Sim,Sim,Sim,Sim,Não,Sim,Sim,Sim,Secretaria municipal de assistência social,Sim,Sim,Sim,Sim,Sim,Não,Sim,Não,Sim,Não,Não,Sim,Não,Não,-,Sim,Não,Sim,Não,Não,Não,Sim,3,Não,Sim,1,Não,-,Não,Não,-,Sim,Não,Não,Não,Não,Não,Não,Não,Sim,Não,Não,Não,Sim,Sim,Sim,Sim,Sim,Sim,Sim,Sim,Sim,Sim,Sim,Sim,Sim,Sim,Sim,-,Sim,Sim,Não,Sim,Sim
1501808,PA,15,Breves,106968,6 - 100001 até 500000,1 - Norte,Secretaria municipal em conjunto com outras políticas setoriais,Feminino,48,Branca,Não,Especialização,Administração,Não,Não,Não,Não,Não,Não,Não,Não,Não,Não,Não,Sim,Não,Sim,Sim,Sim,Sim,Sim,Não,Não,Não,Não,Sim,2022,-,Não foi atualizado,Sim,Sim,Sim,Não,Não,Sim,1675,1996,Ativo,Paritário,13,30,Não,Sim,-,Sim,Sim,Sim,Sim,Sim,Não,Não,Sim,Não,Sim,Sim,Sim,Sim,Sim,Sim,Sim,Sim,Sim,Sim,Secretaria municipal de assistência social,Sim,Sim,Sim,Sim,Sim,Sim,Sim,Sim,Sim,Não,Sim,Sim,Sim,Sim,Sim,Sim,Não,Não,Não,Não,Não,Sim,5,Não,Sim,1,Não,-,Não,Não,-,Sim,Não,Não,Não,Não,Não,Não,Não,Não,Não,Não,Não,Sim,Não,Não,Não,Sim,Não,Sim,Sim,Sim,Não,Sim,Sim,Sim,Sim,Sim,-,Sim,Sim,Sim,Sim,Sim
1501907,PA,15,Bujaru,24383,4 - 20001 até 50000,1 - Norte,Secretaria municipal exclusiva,Masculino,59,Branca,Não,Ensino médio (2º Grau) completo,-,Sim,Sim,Sim,Sim,Sim,Não,Não,Não,Sim,Sim,Não,Não,Não,Sim,Sim,Sim,Sim,Não,Não,Não,Não,Não,Sim,2022,2023,-,Sim,Sim,Sim,Sim,Não,Sim,712,2022,Ativo,Paritário,15,16,Não,Sim,-,Sim,Sim,Sim,Sim,Sim,Não,Não,Sim,Sim,Sim,Sim,Sim,Sim,Sim,Não,Sim,Sim,Sim,Sim,Secretaria municipal de assistência social,Sim,Sim,Não,Sim,Sim,Não,Sim,Não,Sim,Não,Não,Sim,Sim,Sim,Não,Não,Não,Não,Não,Não,Não,Sim,1,Não,Sim,1,Não,-,Não,Não,-,Não,Não,Não,Não,Não,Não,Não,Não,Não,Não,Não,Não,Sim,Não,Não,Sim,Sim,Sim,Sim,Não,Sim,Sim,Não,Não,Não,Não,Não,-,Sim,Sim,Sim,Sim,Sim
1501956,PA,15,Cachoeira do Piriá,19630,3 - 10001 até 20000,1 - Norte,Secretaria municipal exclusiva,Feminino,54,Parda,Sim,Ensino superior completo,Assistência social,Não,Não,Não,Não,Sim,Não,Não,Não,Não,Não,Não,Não,Não,Sim,Sim,Sim,Sim,Sim,Sim,Sim,Não,Sim,Sim,2021,2022,-,Sim,Sim,Sim,Sim,Não,Sim,27,2014,Ativo,Paritário,9,20,Não,Sim,-,Sim,Não,Sim,Sim,Sim,Não,Sim,Não,Sim,Sim,Sim,Sim,Sim,Não,Sim,Sim,Sim,Sim,Sim,Secretaria municipal de assistência social,Sim,Sim,Não,Sim,Sim,Não,Sim,Sim,Sim,Não,Não,Sim,Não,Não,-,Não,Não,Não,Não,Não,Não,Sim,1,Não,Sim,1,Não,-,Não,Não,-,Sim,Não,Não,Não,Não,Não,Não,Não,Não,Não,Não,Não,Não,Não,Não,Sim,Sim,Não,Não,Não,Sim,Não,Não,Não,Não,Não,Não,-,Sim,Sim,Sim,Sim,Sim
1502004,PA,15,Cachoeira do Arari,23981,4 - 20001 até 50000,1 - Norte,Secretaria municipal em conjunto com outras políticas setoriais,Feminino,38,Parda,Sim,Especialização,Outra,Sim,Sim,Não,Sim,Não,Sim,Não,Não,Sim,Sim,Sim,Não,Não,Sim,Sim,Sim,Sim,Não,Não,Sim,Não,Não,Sim,2021,-,Não foi atualizado,Sim,Sim,Sim,Não,Não,Sim,21,1996,Ativo,Paritário,15,6,Não,Sim,-,Sim,Sim,Sim,Sim,Sim,Não,Não,Sim,Sim,Não,Sim,Sim,Sim,Sim,Sim,Sim,Não,Sim,Sim,Secretaria municipal de assistência social,Sim,Sim,Não,Sim,Sim,Não,Sim,Sim,Sim,Sim,Sim,Sim,Sim,Sim,Sim,Não,Não,Não,Não,Não,Não,Sim,1,Não,Sim,1,Não,-,Não,Não,-,Não,Não,Não,Não,Não,Não,Não,Não,Não,Não,Não,Não,Não,Não,Não,Sim,Sim,Não,Não,Sim,Sim,Não,Sim,Não,Não,Não,Não,-,Sim,Sim,Sim,Sim,Sim
1502103,PA,15,Cametá,134184,6 - 100001 até 500000,1 - Norte,Secretaria municipal exclusiva,Feminino,30,Parda,Sim,Ensino superior completo,Outra,Não,Sim,Sim,Não,Não,Não,Não,Não,Não,Não,Sim,Não,Não,Sim,Sim,Não,Sim,Sim,Não,Sim,Sim,Não,Sim,2021,2021,-,Sim,Sim,Sim,Não,Não,Sim,20,1998,Ativo,Paritário,16,24,-,-,Sim,Sim,Sim,Sim,Sim,Sim,Não,Não,Não,Não,Não,Sim,Sim,Sim,Sim,Sim,Sim,Não,Sim,Sim,Secretaria municipal de assistência social,Sim,Sim,Sim,Sim,Sim,Sim,Sim,Sim,Sim,Não,Sim,Sim,Sim,Não,-,Sim,Não,Não,Não,Não,Não,Sim,7,Sim,Sim,1,Não,-,Não,Não,-,Sim,Não,Não,Não,Não,Não,Não,Não,Não,Não,Não,Não,Sim,Não,Não,Sim,Sim,Não,Sim,Não,Sim,Não,Não,Não,Sim,Não,Não,-,Sim,Sim,Não,Não,Não
1502152,PA,15,Canaã dos Carajás,77079,5 - 50001 até 100000,1 - Norte,Secretaria municipal exclusiva,Feminino,49,Parda,Não,Especialização,Pedagogia,Sim,Sim,Sim,Não,Sim,Não,Não,Não,Sim,Não,Não,Sim,Não,Sim,Sim,Sim,Sim,Não,Não,Sim,Sim,Sim,Sim,2019,2022,-,Sim,Sim,Sim,Sim,Não,Sim,19,1997,Ativo,Paritário,15,20,Não,Sim,-,Sim,Sim,Sim,Sim,Sim,Não,Não,Sim,Não,Sim,Sim,Sim,Não,Sim,Não,Sim,Sim,Não,Sim,Secretaria municipal de assistência social,Sim,Sim,Sim,Sim,Não,Não,Sim,Sim,Sim,Sim,Não,Sim,Sim,Não,-,Sim,Não,Não,Não,Não,Não,Sim,3,Sim,Sim,1,Não,-,Não,Não,-,Não,Não,Não,Não,Não,Não,Não,Não,Não,Não,Não,Não,Não,Sim,Sim,Não,Não,Não,Não,Sim,Sim,Sim,Não,Sim,Sim,Sim,Não,-,Sim,Sim,Sim,Sim,Sim
1502202,PA,15,Capanema,70394,5 - 50001 até 100000,1 - Norte,Secretaria municipal exclusiva,Feminino,60,Branca,Não,Especialização,Pedagogia,Sim,Sim,Sim,Sim,Sim,Sim,Não,Não,Sim,Não,Sim,Não,Não,Sim,Sim,Sim,Sim,Não,Não,Sim,Sim,Não,Sim,1996,2013,-,Sim,Sim,Sim,Sim,Não,Sim,5395,1996,Ativo,Paritário,25,24,Não,Sim,-,Sim,Sim,Sim,Sim,Sim,Não,Sim,Sim,Não,Sim,Sim,Sim,Sim,Sim,Sim,Sim,Sim,Sim,Sim,Secretaria municipal de assistência social,Sim,Sim,Sim,Sim,Sim,Não,Sim,Sim,Sim,Sim,Sim,Sim,Sim,Não,-,Sim,Não,Não,Não,Não,Não,Sim,2,Sim,Sim,1,Não,-,Não,Sim,1,Sim,Não,Não,Não,Não,Não,Não,Não,Não,Não,Não,Não,Sim,Não,Não,Não,Não,Não,Não,Sim,Sim,Não,Não,Sim,Não,Não,Não,-,Sim,Sim,Sim,Não,Sim
1502301,PA,15,Capitão Poço,56506,5 - 50001 até 100000,1 - Norte,Secretaria municipal exclusiva,Masculino,47,Parda,Sim,Ensino médio (2º Grau) completo,-,Não,Sim,Sim,Não,Sim,Não,Não,Não,Não,Não,Sim,Sim,Não,Sim,Sim,Sim,Sim,Sim,Sim,Sim,Sim,Sim,Sim,2022,-,Não foi atualizado,Sim,Sim,Sim,Sim,Não,Sim,19,2001,Ativo,Paritário,17,8,Não,Sim,-,Sim,Sim,Sim,Sim,Sim,Sim,Sim,Sim,Sim,Sim,Sim,Sim,Sim,Sim,Sim,Não,Não,Não,Sim,Secretaria municipal de assistência social,Sim,Sim,Sim,Sim,Sim,Não,Sim,Sim,Sim,Sim,Sim,Sim,Sim,Sim,Sim,Sim,Não,Não,Não,Não,Não,Sim,1,Não,Sim,1,Não,-,Não,Não,-,Sim,Não,Não,Não,Não,Não,Não,Não,Não,Não,Não,Não,Não,Sim,Sim,Sim,Sim,Sim,Sim,Sim,Sim,Sim,Sim,Sim,Sim,Sim,Sim,-,Sim,Sim,Sim,Não,Sim
1502400,PA,15,Castanhal,192256,6 - 100001 até 500000,1 - Norte,Secretaria municipal exclusiva,Feminino,41,Parda,Sim,Especialização,Sociologia,Não,Não,Não,Não,Não,Não,Não,Não,Não,Não,Não,Sim,Não,Sim,Sim,Não,Sim,Sim,Sim,Sim,Sim,Sim,Sim,2022,-,Não foi atualizado,Sim,Sim,Não,Não,Sim,Sim,22,1997,Ativo,Paritário,13,20,Não,Sim,-,Sim,Sim,Sim,Não,Sim,Não,Não,Sim,Não,Não,Sim,Sim,Sim,Sim,Sim,Não,Não,Não,Sim,Secretaria municipal de assistência social,Sim,Sim,Sim,Sim,Sim,Sim,Sim,Não,Sim,Não,Não,Sim,Sim,Sim,Sim,Sim,Não,Não,Não,Não,Não,Sim,7,Não,Sim,1,Não,-,Não,Não,-,Sim,Não,Não,Não,Não,Não,Não,Não,Sim,Não,Não,Não,Não,Não,Não,Sim,Não,Não,Não,Não,Não,Não,Não,Sim,Não,Não,Não,-,Sim,Sim,Sim,Sim,Sim
1502509,PA,15,Chaves,20757,4 - 20001 até 50000,1 - Norte,Secretaria municipal em conjunto com outras políticas setoriais,Feminino,35,Parda,Não,Especialização,Assistência social,Não,Sim,Sim,Sim,Sim,Não,Não,Não,Sim,Sim,Não,Sim,Não,Sim,Sim,Sim,Sim,Sim,Sim,Sim,Sim,Não,Sim,2004,2022,-,Sim,Sim,Sim,Sim,Sim,Sim,291,2014,Ativo,Paritário,15,16,Não,Sim,-,Sim,Sim,Sim,Sim,Sim,Não,Não,Sim,Sim,Sim,Sim,Sim,Sim,Sim,Sim,Sim,Sim,Sim,Sim,Secretaria municipal de assistência social,Sim,Sim,Sim,Sim,Sim,Sim,Sim,Sim,Sim,Não,Sim,Sim,Sim,Não,-,Não,Não,Não,Não,Não,Não,Sim,1,Não,Sim,1,Não,-,Não,Não,-,Não,Não,Não,Não,Não,Não,Não,Não,Não,Não,Não,Não,Sim,Não,Não,Não,Sim,Não,Sim,Não,Sim,Sim,Sim,Não,Não,Não,Não,-,Sim,Sim,Sim,Sim,Sim
1502608,PA,15,Colares,12868,3 - 10001 até 20000,1 - Norte,Secretaria municipal exclusiva,Feminino,41,Parda,Sim,Ensino superior completo,Outra,Sim,Sim,Sim,Sim,Sim,Sim,Não,Não,Não,Não,Sim,Não,Não,Sim,Sim,Sim,Não,Sim,Sim,Não,Sim,Não,Sim,2016,2022,-,Sim,Sim,Não,Sim,Não,Sim,110,2016,Ativo,Paritário,13,20,Sim,Não,-,Sim,Sim,Sim,Sim,Sim,Não,Não,Sim,Não,Sim,Sim,Sim,Sim,Sim,Não,Sim,Não,Não,Sim,Secretaria municipal de assistência social,Sim,Sim,Não,Sim,Sim,Não,Sim,Não,Sim,Não,Sim,Sim,Não,Não,-,Não,Não,Não,Não,Não,Não,Sim,1,Não,Não,-,Não,-,Não,Não,-,Não,Não,Não,Não,Não,Não,Não,Não,Não,Não,Não,Não,Não,Não,Não,Sim,Não,Não,Não,Não,Sim,Não,Não,Não,Não,Não,Não,-,Sim,Sim,Sim,Sim,Sim
1502707,PA,15,Conceição do Araguaia,44617,4 - 20001 até 50000,1 - Norte,Secretaria municipal exclusiva,Feminino,46,Parda,Sim,Ensino superior completo,Outra,Sim,Sim,Sim,Sim,Sim,Não,Não,Sim,Sim,Sim,Sim,Não,Não,Sim,Sim,Sim,Sim,Sim,Sim,Sim,Sim,Não,Sim,2017,2022,-,Sim,Sim,Sim,Sim,Não,Sim,641,1996,Ativo,Paritário,16,20,Sim,Não,-,Sim,Sim,Sim,Sim,Sim,Não,Não,Sim,Sim,Sim,Sim,Sim,Sim,Sim,Sim,Sim,Sim,Sim,Sim,Secretaria municipal de assistência social,Sim,Sim,Sim,Sim,Sim,Não,Sim,Sim,Sim,Não,Sim,Sim,Sim,Não,-,Sim,Não,Não,Não,Não,Não,Sim,2,Sim,Sim,1,Não,-,Não,Não,-,Sim,Não,Não,Não,Não,Não,Não,Não,Não,Não,Não,Não,Não,Não,Não,Não,Sim,Não,Não,Sim,Sim,Sim,Sim,Sim,Não,Sim,Não,-,Sim,Sim,Sim,Sim,Sim
1502756,PA,15,Concórdia do Pará,26881,4 - 20001 até 50000,1 - Norte,Secretaria municipal exclusiva,Feminino,58,Parda,Não,Ensino superior completo,Pedagogia,Sim,Sim,Sim,Sim,Sim,Não,Não,Não,Sim,Sim,Sim,Não,Não,Sim,Sim,Sim,Sim,Sim,Sim,Sim,Sim,Não,Sim,2017,-,Não foi atualizado,Sim,Sim,Sim,Sim,Não,Sim,220897,1997,Ativo,Paritário,12,20,Sim,Não,-,Sim,Sim,Sim,Sim,Sim,Não,Sim,Sim,Sim,Sim,Sim,Sim,Sim,Sim,Sim,Sim,Não,Sim,Sim,Secretaria municipal de assistência social,Sim,Sim,Sim,Sim,Sim,Sim,Sim,Sim,Sim,Sim,Sim,Sim,Sim,Sim,Sim,Não,Não,Não,Não,Não,Não,Sim,1,Sim,Sim,1,Não,-,Não,Não,-,Não,Não,Não,Não,Não,Não,Não,Não,Não,Não,Não,Não,Não,Não,Não,Sim,Sim,Sim,Sim,Não,Sim,Sim,Sim,Sim,Não,Não,Não,-,Sim,Sim,Sim,Sim,Sim
1502764,PA,15,Cumaru do Norte,14036,3 - 10001 até 20000,1 - Norte,Secretaria municipal exclusiva,Feminino,36,Parda,Não,Ensino superior completo,Outra,Sim,Sim,Sim,Sim,Sim,Não,Não,Não,Sim,Sim,Sim,Sim,Não,Sim,Sim,Sim,Sim,Sim,Não,Sim,Sim,Não,Sim,2014,2022,-,Sim,Sim,Sim,Sim,Não,Sim,74,1997,Ativo,Paritário,11,20,-,-,Sim,Sim,Não,Sim,Sim,Sim,Não,Não,Sim,Sim,Sim,Sim,Sim,Sim,Sim,Não,Sim,Sim,Não,Sim,Secretaria municipal de assistência social,Sim,Sim,Não,Sim,Sim,Não,Sim,Sim,Sim,Não,Sim,Sim,Não,Não,-,Não,Não,Não,Não,Não,Não,Sim,1,Não,Sim,1,Não,-,Não,Não,-,Não,Não,Não,Não,Não,Não,Não,Não,Não,Não,Não,Não,Sim,Sim,Não,Não,Não,Não,Não,Não,Não,Não,Não,Não,Não,Não,Não,-,Sim,Sim,Sim,Sim,Sim
1502772,PA,15,Curionópolis,19950,3 - 10001 até 20000,1 - Norte,Secretaria municipal exclusiva,Masculino,63,Parda,Sim,Especialização,Psicologia,Sim,Sim,Sim,Sim,Sim,Não,Não,Sim,Sim,Sim,Não,Não,Não,Sim,Sim,Sim,Sim,Sim,Sim,Sim,Sim,Não,Sim,2022,2023,-,Sim,Sim,Sim,Sim,Não,Sim,118,2016,Ativo,Paritário,15,12,Não,Sim,-,Sim,Sim,Sim,Sim,Sim,Não,Sim,Sim,Sim,Sim,Sim,Não,Não,Sim,Não,Não,Sim,Não,Sim,Secretaria municipal de assistência social,Sim,Sim,Sim,Sim,Sim,Sim,Sim,Não,Sim,Não,Sim,Sim,Não,Não,-,Sim,Não,Sim,Não,Não,Não,Sim,2,Não,Sim,1,Não,-,Não,Não,-,Sim,Não,Não,Não,Não,Não,Não,Não,Sim,Não,Não,Não,Sim,Sim,Não,Não,Não,Não,Não,Não,Não,Sim,Sim,Não,Não,Não,Não,-,Sim,Sim,Sim,Sim,Sim
1502806,PA,15,Curralinho,33903,4 - 20001 até 50000,1 - Norte,Secretaria municipal exclusiva,Feminino,30,Parda,Sim,Especialização,Assistência social,Sim,Sim,Não,Não,Sim,Não,Não,Não,Não,Não,Sim,Sim,Não,Sim,Sim,Sim,Sim,Sim,Não,Sim,Não,Não,Sim,2022,-,Não foi atualizado,Sim,Não,-,-,-,Sim,868,2018,Ativo,Paritário,8,20,Não,Sim,-,Sim,Sim,Sim,Não,Sim,Não,Não,Sim,Não,Sim,Sim,Sim,Sim,Sim,Não,Sim,Não,Não,Sim,Secretaria municipal de assistência social,Sim,Sim,Não,Sim,Sim,Sim,Sim,Não,Sim,Não,Não,Sim,Não,Não,-,Não,Não,Não,Não,Não,Não,Sim,1,Não,Sim,1,Não,-,Não,Não,-,Não,Não,Não,Não,Não,Não,Não,Não,Não,Não,Não,Não,Sim,Não,Não,Sim,Sim,Não,Sim,Não,Sim,Não,Sim,Não,Não,Não,Não,-,Sim,Sim,Sim,Sim,Sim
1502855,PA,15,Curuá,14117,3 - 10001 até 20000,1 - Norte,Secretaria municipal exclusiva,Feminino,40,Parda,Sim,Ensino superior completo,Outra,Sim,Sim,Sim,Sim,Sim,Não,Sim,Não,Não,Não,Sim,Não,Não,Sim,Sim,Sim,Sim,Sim,Sim,Sim,Sim,Não,Sim,2010,2022,-,Sim,Sim,Sim,Sim,Não,Sim,379,2022,Ativo,Paritário,7,24,Não,Sim,-,Sim,Sim,Sim,Sim,Sim,Sim,Sim,Sim,Sim,Sim,Sim,Sim,Sim,Sim,Não,Sim,Não,Sim,Sim,Secretaria municipal de assistência social,Sim,Sim,Não,Sim,Sim,Não,Sim,Sim,Sim,Não,Sim,Sim,Não,Não,-,Não,Não,Não,Não,Não,Não,Sim,1,Não,Sim,1,Não,-,Não,Não,-,Não,Não,Não,Não,Não,Não,Não,Não,Não,Não,Não,Sim,Não,Não,Não,Não,Sim,Não,Não,Não,Sim,Não,Sim,Não,Não,Não,Não,-,Sim,Sim,Sim,Não,Sim
1502905,PA,15,Curuçá,41262,4 - 20001 até 50000,1 - Norte,Secretaria municipal exclusiva,Feminino,40,Parda,Sim,Ensino superior incompleto,-,Sim,Sim,Sim,Sim,Sim,Não,Não,Não,Não,Não,Não,Sim,Não,Sim,Sim,Sim,Sim,Sim,Não,Sim,Não,Não,Sim,2019,2022,-,Sim,Sim,Não,Sim,Não,Sim,2085,2018,Ativo,Paritário,18,8,Sim,Não,-,Sim,Sim,Sim,Sim,Sim,Não,Não,Sim,Não,Não,Sim,Sim,Sim,Sim,Sim,Sim,Sim,Não,Sim,Secretaria municipal de assistência social,Sim,Sim,Sim,Sim,Sim,Sim,Sim,Não,Sim,Não,Sim,Sim,Sim,Não,-,Não,Não,Não,Não,Não,Não,Sim,1,Não,Sim,1,Sim,1,Não,Não,-,Não,Não,Não,Não,Não,Não,Não,Não,Não,Não,Não,Não,Não,Não,Não,Não,Sim,Não,Não,Não,Sim,Não,Sim,Sim,Não,Não,Sim,-,Sim,Sim,Sim,Sim,Sim
1502939,PA,15,Dom Eliseu,58484,5 - 50001 até 100000,1 - Norte,Secretaria municipal exclusiva,Feminino,44,Branca,Sim,Ensino superior completo,Assistência social,Não,Não,Não,Não,Não,Não,Não,Não,Não,Não,Não,Sim,Não,Sim,Sim,Sim,Não,Não,Não,Não,Não,Não,Sim,2021,2023,-,Sim,Sim,Sim,Não,Não,Sim,453,2017,Ativo,Tem maior representação da sociedade civil,12,20,Sim,Não,-,Sim,Sim,Sim,Sim,Sim,Sim,Sim,Sim,Sim,Sim,Sim,Sim,Sim,Sim,Sim,Sim,Sim,Sim,Sim,Secretaria municipal de assistência social,Sim,Sim,Sim,Sim,Sim,Sim,Sim,Sim,Sim,Sim,Sim,Sim,Sim,Sim,Sim,Sim,Sim,Sim,Sim,Não,Sim,Sim,3,Sim,Sim,1,Sim,1,Sim,Sim,1,Sim,Não,Sim,Não,Sim,Não,Sim,Não,Sim,Não,Sim,Não,Sim,Não,Não,Não,Não,Não,Sim,Sim,Sim,Sim,Sim,Sim,Não,Não,Não,-,Sim,Sim,Sim,Sim,Não
1502954,PA,15,Eldorado do Carajás,28192,4 - 20001 até 50000,1 - Norte,Secretaria municipal exclusiva,Feminino,36,Branca,Sim,Ensino superior completo,Assistência social,Sim,Sim,Sim,Sim,Sim,Não,Não,Sim,Sim,Sim,Sim,Não,Não,Sim,Sim,Sim,Sim,Sim,Sim,Sim,Sim,Não,Sim,2021,2023,-,Sim,Sim,Sim,Sim,Não,Sim,85,1996,Ativo,Paritário,20,16,Sim,Não,-,Sim,Sim,Sim,Sim,Sim,Não,Não,Não,Não,Sim,Sim,Sim,Sim,Sim,Não,Sim,Não,Não,Sim,Secretaria municipal de assistência social,Sim,Sim,Sim,Sim,Sim,Sim,Não,Sim,Sim,Sim,Sim,Sim,Sim,Não,-,Sim,Não,Não,Não,Não,Não,Sim,1,Sim,Sim,1,Não,-,Não,Não,-,Não,Não,Não,Não,Não,Não,Não,Não,Sim,Não,Não,Sim,Sim,-,-,-,-,-,-,-,-,-,-,-,-,-,-,Sim,Sim,Sim,Sim,Sim,Não
1503002,PA,15,Faro,8728,2 - 5001 até 10000,1 - Norte,Secretaria municipal exclusiva,Feminino,39,Parda,Sim,Ensino superior completo,Assistência social,Sim,Sim,Não,Sim,Sim,Sim,Não,Não,Sim,Sim,Sim,Não,Não,Sim,Sim,Sim,Sim,Sim,Sim,Sim,Sim,Não,Sim,2022,2022,-,Sim,Sim,Sim,Sim,Não,Sim,65,1998,Ativo,Paritário,11,16,Não,Sim,-,Sim,Não,Não,Não,Sim,Não,Não,Sim,Não,Não,Sim,Sim,Sim,Sim,Sim,Sim,Sim,Sim,Sim,Secretaria municipal de assistência social,Sim,Sim,Sim,Sim,Sim,Não,Sim,Sim,Sim,Não,Sim,Sim,Sim,Não,-,Não,Não,Não,Não,Não,Não,Sim,1,Sim,Sim,1,Não,-,Não,Não,-,Não,Não,Não,Não,Não,Sim,Não,Não,Não,Não,Não,Não,Sim,Sim,Não,Não,Sim,Não,Não,Não,Sim,Não,Não,Sim,Sim,Não,Não,-,Sim,Sim,Sim,Sim,Não
1503044,PA,15,Floresta do Araguaia,17898,3 - 10001 até 20000,1 - Norte,Secretaria municipal exclusiva,Feminino,37,Parda,Não,Ensino fundamental ( 1º Grau) completo,-,Sim,Sim,Sim,Sim,Sim,Não,Não,Não,Sim,Sim,Sim,Não,Não,Sim,Sim,Sim,Não,Não,Não,Não,Não,Não,Sim,2006,2021,-,Sim,Sim,Sim,Sim,Não,Sim,17,1997,Ativo,Paritário,20,24,Não,Sim,-,Sim,Sim,Sim,Sim,Sim,Não,Sim,Sim,Não,Não,Sim,Sim,Sim,Não,Sim,Sim,Sim,Sim,Sim,Secretaria municipal de assistência social,Sim,Sim,Sim,Sim,Sim,Sim,Sim,Sim,Sim,Não,Não,Não,Sim,Sim,Não,Sim,Não,Não,Não,Sim,Não,Sim,1,Sim,Sim,1,Não,-,Não,Não,-,Sim,Não,Não,Não,Não,Não,Não,Sim,Não,Não,Não,Não,Sim,Não,Não,Não,Sim,Não,Não,Não,Sim,Não,Não,Não,Não,Não,Não,-,Sim,Sim,Sim,Sim,Não
1503077,PA,15,Garrafão do Norte,24703,4 - 20001 até 50000,1 - Norte,Secretaria municipal exclusiva,Feminino,59,Parda,Sim,Especialização,Pedagogia,Sim,Sim,Não,Sim,Não,Não,Não,Sim,Sim,Não,Sim,Não,Não,Sim,Sim,Sim,Sim,Sim,Sim,Não,Sim,Não,Sim,2008,2022,-,Sim,Sim,Sim,Sim,Não,Sim,111,1996,Ativo,Paritário,13,16,Não,Sim,-,Sim,Sim,Sim,Sim,Sim,Não,Não,Não,Sim,Não,Sim,Sim,Sim,Não,Sim,Sim,Sim,Sim,Sim,Secretaria municipal de assistência social,Sim,Sim,Sim,Sim,Sim,Sim,Sim,Não,Sim,Não,Sim,Sim,Sim,Sim,Sim,Não,Não,Não,Não,Não,Não,Sim,1,Sim,Sim,1,Não,-,Não,Não,-,Não,Não,Não,Não,Não,Não,Não,Não,Não,Não,Não,Não,Não,Não,Não,Sim,Não,Não,Não,Não,Não,Não,Não,Não,Não,Não,Não,-,Sim,Sim,Sim,Não,Não
1503093,PA,15,Goianésia do Pará,26362,4 - 20001 até 50000,1 - Norte,Secretaria municipal exclusiva,Masculino,24,Parda,Sim,Ensino superior completo,Direito,Sim,Não,Não,Não,Não,Não,Não,Não,Não,Não,Não,Não,Não,Sim,Sim,Sim,Não,Não,Não,Não,Não,Não,Sim,1996,-,Não foi atualizado,Sim,Sim,Sim,Sim,Não,Sim,36,1996,Ativo,Tem maior representação governamental,10,10,Sim,Não,-,Sim,Sim,Sim,Sim,Sim,Não,Sim,Sim,Não,Não,Sim,Sim,Sim,Sim,Sim,Sim,Sim,Não,Sim,Secretaria municipal de assistência social,Sim,Sim,Sim,Sim,Sim,Sim,Sim,Sim,Sim,Não,Sim,Não,Sim,Sim,Sim,Sim,Não,Sim,Não,Não,Não,Sim,1,Não,Sim,1,Não,-,Não,Não,-,Sim,Não,Não,Não,Não,Não,Não,Não,Sim,Sim,Sim,Não,Sim,-,-,-,-,-,-,-,-,-,-,-,-,-,-,Sim,Sim,Sim,Sim,Não,Sim
1503101,PA,15,Gurupá,31786,4 - 20001 até 50000,1 - Norte,Secretaria municipal exclusiva,Feminino,40,Parda,Sim,Especialização,Pedagogia,Sim,Sim,Sim,Sim,Não,Sim,Não,Não,Sim,Sim,Sim,Não,Não,Sim,Sim,Sim,Sim,Sim,Sim,Sim,Sim,Não,Sim,2023,-,Não foi atualizado,Sim,Sim,Sim,Sim,Não,Sim,1252,2020,Ativo,Paritário,12,12,Não,Sim,-,Sim,Não,Sim,Sim,Sim,Não,Não,Não,Não,Não,Sim,Sim,Sim,Sim,Sim,Não,Não,Sim,Sim,Secretaria municipal de assistência social,Sim,Sim,Sim,Sim,Sim,Não,Sim,Sim,Sim,Não,Sim,Sim,Sim,Não,-,Sim,Não,Não,Não,Não,Não,Sim,1,Não,Sim,1,Não,-,Não,Não,-,Sim,Não,Não,Não,Não,Não,Não,Não,Não,Não,Não,Não,Sim,Não,Não,Sim,Sim,Não,Não,Não,Sim,Não,Sim,Não,Não,Não,Não,-,Sim,Sim,Sim,Sim,Sim
1503200,PA,15,Igarapé-Açu,35797,4 - 20001 até 50000,1 - Norte,Secretaria municipal exclusiva,Feminino,50,Parda,Sim,Ensino médio (2º Grau) completo,-,Sim,Sim,Sim,Sim,Sim,Sim,Não,Não,Sim,Sim,Sim,Não,Não,Sim,Sim,Sim,Sim,Sim,Não,Sim,Sim,Não,Sim,2022,-,Não foi atualizado,Sim,Não,-,-,-,Sim,59,1997,Ativo,Paritário,7,24,Não,Sim,-,Sim,Não,Sim,Sim,Sim,Não,Não,Não,Sim,Sim,Sim,Sim,Sim,Sim,Sim,Sim,Sim,Não,Sim,Secretaria municipal de assistência social,Sim,Sim,Não,Sim,Sim,Sim,Sim,Não,Sim,Não,Não,Sim,Não,Sim,Sim,Não,Não,Não,Não,Não,Não,Sim,1,Não,Sim,1,Não,-,Não,Não,-,Não,Não,Não,Não,Não,Não,Não,Não,Não,Não,Não,Não,Não,Não,Não,Sim,Não,Não,Não,Não,Sim,Não,Não,Não,Não,Não,Não,-,Sim,Sim,Sim,Sim,Sim
1503309,PA,15,Igarapé-Miri,64831,5 - 50001 até 100000,1 - Norte,Secretaria municipal exclusiva,Feminino,50,Branca,Sim,Ensino médio (2º Grau) completo,-,Não,Sim,Sim,Não,Não,Não,Não,Não,Sim,Sim,Não,Não,Não,Sim,Sim,Sim,Não,Sim,Não,Sim,Sim,Sim,Sim,2021,-,Não foi atualizado,Sim,Não,-,-,-,Sim,5164,2021,Ativo,Paritário,24,24,Não,Sim,-,Sim,Sim,Sim,Sim,Sim,Não,Não,Sim,Não,Não,Sim,Sim,Sim,Sim,Sim,Sim,Não,Sim,Sim,Secretaria municipal de assistência social,Sim,Sim,Sim,Sim,Sim,Sim,Sim,Não,Sim,Sim,Não,Sim,Sim,Não,-,Sim,Não,Não,Não,Não,Não,Sim,3,Não,Sim,1,Não,-,Não,Não,-,Sim,Não,Não,Não,Não,Não,Não,Não,Não,Não,Não,Não,Sim,Não,Não,Não,Sim,Sim,Sim,Sim,Sim,Sim,Sim,Sim,Sim,Sim,Sim,-,Sim,Sim,Sim,Sim,Sim
1503408,PA,15,Inhangapi,10325,3 - 10001 até 20000,1 - Norte,Secretaria municipal exclusiva,Feminino,42,Parda,Sim,Especialização,Outra,Não,Sim,Não,Não,Não,Não,Não,Não,Não,Sim,Não,Não,Não,Sim,Sim,Sim,Sim,Não,Não,Sim,Sim,Não,Sim,2021,2022,-,Sim,Sim,Sim,Sim,Não,Sim,524,1998,Ativo,Paritário,10,12,Não,Sim,-,Sim,Não,Sim,Sim,Sim,Não,Não,Não,Não,Sim,Sim,Sim,Sim,Sim,Não,Sim,Não,Não,Sim,Secretaria municipal de assistência social,Sim,Sim,Não,Sim,Sim,Não,Sim,Sim,Não,Não,Sim,Sim,Não,Não,-,Não,Não,Não,Não,Não,Não,Sim,1,Não,Não,-,Não,-,Não,Não,-,Não,Não,Não,Não,Não,Não,Não,Não,Não,Não,Não,Não,Sim,Não,Não,Sim,Sim,Sim,Não,Não,Sim,Não,Não,Não,Não,Não,Não,-,Sim,Sim,Sim,Não,Sim
1503457,PA,15,Ipixuna do Pará,30329,4 - 20001 até 50000,1 - Norte,Secretaria municipal exclusiva,Feminino,42,Parda,Sim,Ensino superior completo,Assistência social,Sim,Não,Não,Não,Não,Não,Não,Não,Não,Não,Não,Não,Não,Sim,Sim,Sim,Sim,Sim,Não,Não,Não,Não,Sim,2022,2022,-,Sim,Sim,Sim,Sim,Não,Sim,58,1997,Ativo,Paritário,12,12,Não,Sim,-,Sim,Sim,Sim,Sim,Não,Não,Não,Não,Não,Não,Sim,Sim,Sim,Sim,Sim,Não,Não,Não,Sim,Secretaria municipal de assistência social,Sim,Sim,Não,Sim,Sim,Sim,Sim,Sim,Sim,Não,Sim,Sim,Sim,Não,-,Sim,Não,Não,Não,Não,Não,Sim,1,Não,Sim,1,Não,-,Não,Não,-,Sim,Não,Não,Não,Não,Não,Não,Não,Não,Não,Não,Não,Não,Não,Sim,Não,Sim,Não,Não,Sim,Sim,Não,Sim,Sim,Não,Não,Não,-,Sim,Sim,Sim,Sim,Sim
1503507,PA,15,Irituia,30955,4 - 20001 até 50000,1 - Norte,Secretaria municipal exclusiva,Feminino,45,Parda,Sim,Ensino médio (2º Grau) incompleto,-,Não,Não,Sim,Não,Sim,Não,Não,Não,Não,Não,Sim,Não,Não,Sim,Sim,Sim,Sim,Sim,Sim,Sim,Sim,Sim,Sim,2022,2022,-,Sim,Sim,Sim,Sim,Não,Sim,75,1996,Ativo,Paritário,30,20,Não,Sim,-,Sim,Sim,Sim,Sim,Sim,Não,Não,Sim,Sim,Sim,Sim,Sim,Sim,Sim,Sim,Não,Não,Não,Sim,Secretaria municipal de assistência social,Sim,Sim,Sim,Sim,Sim,Não,Sim,Sim,Sim,Sim,Sim,Sim,Não,Não,-,Não,Não,Não,Não,Não,Não,Sim,2,Sim,Sim,1,Não,-,Não,Não,-,Não,Não,Não,Não,Não,Não,Não,Não,Não,Não,Não,Não,Não,Não,Sim,Sim,Sim,Sim,Sim,Sim,Sim,Sim,Sim,Sim,Sim,Sim,Sim,-,Sim,Sim,Sim,Não,Sim
1503606,PA,15,Itaituba,123314,6 - 100001 até 500000,1 - Norte,Secretaria municipal exclusiva,Feminino,49,Branca,Não,Ensino superior completo,Assistência social,Sim,Sim,Sim,Sim,Não,Não,Não,Não,Não,Não,Sim,Sim,Não,Sim,Sim,Sim,Sim,Sim,Sim,Sim,Sim,Não,Sim,2022,-,Não foi atualizado,Sim,Sim,Sim,Sim,Não,Sim,1306,1995,Ativo,Paritário,15,20,Não,Sim,-,Sim,Sim,Sim,Sim,Sim,Não,Não,Sim,Sim,Sim,Sim,Sim,Sim,Sim,Sim,Sim,Sim,Sim,Sim,Secretaria municipal de assistência social,Sim,Sim,Sim,Sim,Sim,Sim,Sim,Não,Sim,Não,Não,Sim,Sim,Não,-,Sim,Não,Sim,Não,Não,Não,Sim,4,Sim,Sim,1,Não,-,Não,Não,-,Sim,Não,Não,Sim,Não,Não,Não,Não,Sim,Não,Não,Não,Sim,Sim,Não,Não,Sim,Sim,Sim,Sim,Sim,Não,Sim,Sim,Sim,Sim,Sim,-,Sim,Sim,Sim,Sim,Sim
1503705,PA,15,Itupiranga,49754,4 - 20001 até 50000,1 - Norte,Secretaria municipal exclusiva,Feminino,49,Preta,Sim,Ensino superior completo,Assistência social,Não,Sim,Sim,Não,Sim,Sim,Não,Não,Sim,Não,Sim,Não,Não,Sim,Sim,Sim,Sim,Sim,Sim,Sim,Sim,Não,Sim,2022,-,Não foi atualizado,Sim,Sim,Sim,Não,Não,Sim,191,2019,Ativo,Paritário,13,12,Não,Sim,-,Sim,Sim,Sim,Sim,Sim,Não,Não,Não,Sim,Não,Sim,Sim,Sim,Sim,Sim,Sim,Sim,Não,Sim,Secretaria municipal de assistência social,Sim,Sim,Não,Sim,Sim,Sim,Sim,Não,Sim,Não,Sim,Sim,Sim,Não,-,Sim,Não,Sim,Não,Não,Não,Sim,5,Não,Sim,1,Não,-,Não,Não,-,Sim,Não,Não,Não,Não,Não,Não,Não,Sim,Não,Não,Não,Sim,Sim,Não,Não,Sim,Não,Sim,Não,Sim,Sim,Sim,Sim,Não,Não,Sim,-,Sim,Sim,Sim,Sim,Sim
1503754,PA,15,Jacareacanga,24042,4 - 20001 até 50000,1 - Norte,Secretaria municipal exclusiva,Feminino,27,Parda,Sim,Ensino médio (2º Grau) completo,-,Sim,Sim,Sim,Sim,Sim,Sim,Não,Não,Sim,Sim,Não,Sim,Não,Sim,Sim,Sim,Não,Sim,Sim,Sim,Sim,Sim,Sim,1998,2022,-,Sim,Não,-,-,-,Sim,197,2003,Ativo,Paritário,12,24,Sim,Sim,-,Sim,Sim,Sim,Sim,Sim,Não,Não,Sim,Não,Sim,Sim,Sim,Sim,Sim,Não,Sim,Sim,Não,Sim,Secretaria municipal de assistência social,Sim,Sim,Não,Sim,Sim,Não,Sim,Sim,Sim,Sim,Não,Não,Sim,Não,-,Não,Não,Não,Não,Não,Não,Sim,1,Sim,Sim,1,Não,-,Não,Não,-,Não,Não,Não,Não,Não,Não,Não,Não,Não,Não,Não,Não,Sim,Sim,Não,Não,Sim,Não,Não,Sim,Sim,Não,Não,Sim,Sim,Não,Não,-,Sim,Sim,Sim,Sim,Sim
1503804,PA,15,Jacundá,37707,4 - 20001 até 50000,1 - Norte,Secretaria municipal exclusiva,Feminino,43,Parda,Sim,Ensino superior incompleto,-,Não,Não,Sim,Não,Sim,Não,Não,Não,Sim,Não,Sim,Sim,Não,Sim,Sim,Não,Não,Sim,Sim,Sim,Sim,Não,Não,-,-,-,-,-,-,-,-,Sim,2216,1995,Ativo,Paritário,10,12,Sim,Não,-,Sim,Sim,Sim,Sim,Sim,Não,Sim,Sim,Não,Sim,Sim,Sim,Sim,Não,Sim,Sim,Não,Não,Sim,Secretaria municipal de assistência social,Sim,Sim,Não,Sim,Sim,Sim,Sim,Não,Sim,Não,Não,Sim,Sim,Não,-,Sim,Não,Não,Não,Não,Não,Sim,1,Não,Sim,1,Não,-,Não,Não,-,Sim,Não,Não,Não,Não,Não,Não,Não,Não,Não,Não,Não,Não,Sim,Não,Não,Sim,Não,Não,Sim,Sim,Sim,Sim,Sim,Não,Não,Não,-,Sim,Sim,Sim,Sim,Sim
1503903,PA,15,Juruti,50881,5 - 50001 até 100000,1 - Norte,Secretaria municipal exclusiva,Feminino,46,Parda,Não,Ensino superior completo,Assistência social,Sim,Sim,Sim,Não,Sim,Não,Não,Não,Sim,Não,Sim,Não,Não,Sim,Sim,Sim,Sim,Sim,Não,Sim,Sim,Não,Sim,2014,2022,-,Sim,Não,-,-,-,Sim,1,1997,Ativo,Paritário,13,24,Não,Sim,-,Sim,Sim,Sim,Sim,Sim,Não,Não,Sim,Sim,Não,Sim,Sim,Sim,Sim,Sim,Sim,Não,Sim,Sim,Secretaria municipal de assistência social,Sim,Sim,Não,Sim,Sim,Não,Sim,Não,Sim,Não,Não,Sim,Não,Não,-,Sim,Não,Não,Não,Não,Não,Sim,1,Sim,Sim,1,Não,-,Não,Não,-,Sim,Não,Não,Não,Não,Não,Não,Não,Não,Não,Não,Não,Sim,Não,Não,Não,Não,Não,Sim,Não,Sim,Não,Sim,Não,Não,Não,Não,-,Sim,Sim,Sim,Sim,Sim
1504000,PA,15,Limoeiro do Ajuru,29569,4 - 20001 até 50000,1 - Norte,Secretaria municipal exclusiva,Masculino,47,Parda,Não,Especialização,Assistência social,Sim,Sim,Sim,Sim,Sim,Não,Sim,Sim,Sim,Sim,Sim,Não,Não,Sim,Sim,Sim,Sim,Sim,Não,Sim,Sim,Não,Sim,1997,2022,-,Sim,Sim,Sim,Sim,Não,Sim,10,1997,Ativo,Paritário,12,16,Não,Sim,-,Sim,Sim,Sim,Sim,Sim,Não,Não,Sim,Não,Sim,Sim,Sim,Sim,Não,Sim,Sim,Sim,Sim,Sim,Secretaria municipal de assistência social,Sim,Sim,Sim,Sim,Sim,Não,Sim,Sim,Sim,Não,Sim,Não,Não,Sim,Não,Não,Não,Não,Não,Não,Não,Sim,1,Não,Sim,1,Não,-,Não,Não,-,Não,Não,Não,Não,Não,Não,Não,Não,Não,Não,Não,Não,Sim,Não,Não,Sim,Sim,Não,Não,Não,Não,Não,Sim,Sim,Não,Não,Não,-,Sim,Sim,Sim,Não,Sim
1504059,PA,15,Mãe do Rio,34353,4 - 20001 até 50000,1 - Norte,Secretaria municipal exclusiva,Feminino,57,Parda,Não,Ensino superior incompleto,-,Sim,Sim,Sim,Sim,Sim,Não,Não,Não,Sim,Sim,Não,Não,Não,Sim,Sim,Sim,Sim,Não,Não,Sim,Sim,Não,Sim,2001,-,Não foi atualizado,Sim,Sim,Sim,Sim,Não,Sim,388,2001,Ativo,Paritário,12,10,Não,Sim,-,Sim,Sim,Sim,Sim,Sim,Não,Não,Sim,Não,Não,Sim,Sim,Sim,Não,Não,Sim,Não,Sim,Sim,Secretaria municipal de assistência social,Sim,Não,Sim,Sim,Sim,Não,Sim,Sim,Sim,Não,Sim,Sim,Não,Não,-,Sim,Não,Não,Não,Não,Não,Sim,1,Não,Sim,1,Não,-,Não,Não,-,Sim,Não,Não,Não,Não,Não,Não,Não,Não,Não,Não,Não,Não,Não,Não,Não,Não,Não,Não,Não,Não,Não,Não,Sim,Não,Não,Não,-,Sim,Sim,Sim,Sim,Sim
1504109,PA,15,Magalhães Barata,8115,2 - 5001 até 10000,1 - Norte,Secretaria municipal exclusiva,Feminino,36,Parda,Não,Ensino superior completo,Assistência social,Sim,Sim,Sim,Sim,Sim,Não,Não,Não,Não,Não,Não,Não,Não,Sim,Sim,Sim,Sim,Sim,Sim,Sim,Sim,Não,Sim,2021,-,Não foi atualizado,Sim,Sim,Sim,Sim,Não,Sim,7,2000,Ativo,Paritário,9,12,Sim,Não,-,Sim,Não,Não,Não,Sim,Não,Não,Sim,Não,Sim,Sim,Sim,Sim,Não,Sim,Sim,Não,Não,Sim,Secretaria municipal de assistência social,Sim,Sim,Sim,Sim,Sim,Sim,Sim,Não,Sim,Não,Não,Sim,Sim,Não,-,Não,Não,Não,Não,Não,Não,Sim,1,Sim,Sim,1,Não,-,Não,Não,-,Não,Não,Não,Não,Não,Não,Não,Não,Não,Não,Não,Não,Não,Não,Não,Não,Não,Não,Não,Não,Sim,Não,Não,Não,Não,Não,Não,-,Sim,Sim,Sim,Não,Sim
1504208,PA,15,Marabá,266533,6 - 100001 até 500000,1 - Norte,Secretaria municipal em conjunto com outras políticas setoriais,Feminino,61,Branca,Não,Especialização,Assistência social,Sim,Sim,Sim,Sim,Sim,Sim,Não,Sim,Sim,Sim,Sim,Não,Não,Sim,Sim,Sim,Sim,Sim,Sim,Sim,Não,Não,Sim,2020,2022,-,Sim,Sim,Sim,Sim,Não,Sim,14862,1997,Ativo,Paritário,6,28,Sim,Não,-,Sim,Sim,Sim,Sim,Sim,Sim,Sim,Sim,Sim,Sim,Sim,Sim,Sim,Sim,Sim,Sim,Não,Sim,Sim,Secretaria municipal de assistência social,Sim,Sim,Não,Sim,Sim,Sim,Sim,Sim,Sim,Sim,Sim,Sim,Sim,Sim,Sim,Sim,Sim,Sim,Não,Sim,Não,Sim,4,Sim,Sim,1,Sim,1,Não,Sim,1,Sim,Não,Não,Sim,Não,Sim,Não,Sim,Não,Não,Não,Não,Não,Não,Não,Não,Não,Não,Não,Sim,Não,Não,Não,Não,Sim,Não,Não,-,Sim,Sim,Sim,Sim,Sim
1504307,PA,15,Maracanã,25971,4 - 20001 até 50000,1 - Norte,Secretaria municipal exclusiva,Feminino,44,Parda,Sim,Ensino superior completo,Assistência social,Sim,Sim,Sim,Não,Não,Não,Não,Não,Não,Não,Sim,Não,Não,Sim,Sim,Sim,Não,Não,Não,Não,Não,Não,Sim,2022,-,Não foi atualizado,Sim,Sim,Sim,Sim,Não,Sim,48,1996,Ativo,Paritário,4,24,Não,Sim,-,Não,-,-,-,-,-,-,-,-,-,Sim,Sim,Sim,Não,Sim,Não,Não,Sim,Sim,Secretaria municipal de assistência social,Sim,Sim,Sim,Sim,Sim,Não,Sim,Sim,Sim,Não,Não,Não,Não,Sim,Sim,Sim,Não,Não,Não,Não,Não,Sim,1,Não,Sim,1,Não,-,Não,Não,-,Sim,Não,Não,Não,Não,Não,Não,Não,Sim,Não,Não,Não,Não,Não,Não,Não,Sim,Não,Não,Não,Sim,Não,Não,Não,Não,Não,Não,-,Sim,Sim,Sim,Não,Sim
1504406,PA,15,Marapanim,26573,4 - 20001 até 50000,1 - Norte,Secretaria municipal em conjunto com outras políticas setoriais,Feminino,30,Branca,Sim,Ensino superior incompleto,-,Sim,Sim,Sim,Não,Sim,Não,Não,Não,Não,Não,Sim,Não,Não,Sim,Sim,Sim,Sim,Sim,Não,Sim,Sim,Não,Sim,2013,2021,-,Sim,Não,-,-,-,Sim,1590,1999,Ativo,Paritário,14,12,Não,Sim,-,Sim,Sim,Não,Não,Não,Não,Não,Não,Não,Sim,Sim,Sim,Sim,Não,Sim,Não,Não,Não,Sim,Secretaria municipal de assistência social,Sim,Sim,Sim,Sim,Sim,Sim,Sim,Não,Sim,Não,Não,Sim,Não,Não,-,Não,Não,Não,Não,Não,Não,Sim,1,Não,Sim,1,Não,-,Não,Não,-,Não,Não,Não,Não,Não,Não,Não,Não,Não,Não,Não,Não,Não,Não,Não,Não,Não,Não,Sim,Não,Sim,Não,Sim,Sim,Não,Não,Sim,-,Sim,Sim,Sim,Sim,Sim
1504422,PA,15,Marituba,111785,6 - 100001 até 500000,1 - Norte,Secretaria municipal exclusiva,Feminino,42,Parda,Não,Ensino superior completo,Outra,Sim,Não,Sim,Não,Não,Não,Não,Não,Não,Não,Não,Não,Não,Sim,Não,Sim,Sim,Sim,Sim,Sim,Sim,Não,Sim,2022,2023,-,Sim,Sim,Sim,Não,Não,Sim,162,2006,Ativo,Paritário,9,20,Não,Sim,-,Sim,Sim,Sim,Sim,Sim,Não,Não,Sim,Não,Sim,Sim,Sim,Sim,Sim,Sim,Não,Não,Não,Sim,Secretaria municipal de assistência social,Sim,Sim,Sim,Sim,Sim,Sim,Sim,Sim,Sim,Não,Sim,Sim,Sim,Não,-,Sim,Não,Não,Não,Não,Não,Sim,4,Não,Sim,1,Não,-,Não,Não,-,Sim,Não,Não,Não,Não,Não,Não,Não,Não,Não,Não,Não,Sim,Não,Não,Não,Não,Não,Não,Sim,Sim,Não,Não,Não,Não,Não,Não,-,Sim,Sim,Sim,Sim,Sim
1504455,PA,15,Medicilândia,27094,4 - 20001 até 50000,1 - Norte,Secretaria municipal exclusiva,Feminino,37,Parda,Não,Ensino superior completo,Assistência social,Não,Sim,Sim,Não,Sim,Não,Não,Não,Não,Não,Sim,Não,Não,Sim,Sim,Sim,Não,Sim,Não,Não,Não,Sim,Sim,2022,2022,-,Sim,Sim,Não,Sim,Não,Sim,146,1996,Ativo,Paritário,10,16,Não,Sim,-,Sim,Sim,Sim,Sim,Sim,Não,Não,Sim,Não,Sim,Sim,Sim,Sim,Não,Sim,Sim,Não,Sim,Sim,Secretaria municipal de assistência social,Sim,Sim,Não,Sim,Sim,Não,Sim,Não,Sim,Não,Não,Sim,Não,Não,-,Sim,Não,Sim,Não,Não,Não,Sim,1,Sim,Sim,1,Não,-,Não,Não,-,Sim,Não,Não,Não,Não,Não,Não,Não,Sim,Não,Não,Não,Sim,-,-,-,-,-,-,-,-,-,-,-,-,-,-,Sim,Sim,Sim,Sim,Sim,Sim
1504505,PA,15,Melgaço,27881,4 - 20001 até 50000,1 - Norte,Secretaria municipal em conjunto com outras políticas setoriais,Feminino,26,Parda,Sim,Ensino superior completo,Assistência social,Sim,Sim,Sim,Não,Sim,Não,Não,Não,Sim,Não,Sim,Não,Não,Sim,Sim,Sim,Sim,Sim,Não,Sim,Não,Sim,Sim,2022,2023,-,Sim,Sim,Sim,Não,Não,Sim,440,1998,Ativo,Paritário,13,20,Não,Sim,-,Sim,Não,Sim,Sim,Não,Não,Não,Não,Não,Não,Sim,Sim,Sim,Sim,Sim,Sim,Sim,Não,Sim,Secretaria municipal de assistência social,Sim,Sim,Sim,Sim,Sim,Não,Sim,Não,Sim,Não,Sim,Sim,Não,Não,-,Não,Não,Não,Não,Não,Não,Sim,1,Não,Sim,1,Não,-,Não,Sim,1,Não,Não,Não,Não,Não,Não,Não,Não,Não,Não,Não,Não,Não,Não,Não,Sim,Sim,Não,Sim,Não,Sim,Sim,Sim,Sim,Não,Não,Sim,-,Sim,Sim,Sim,Sim,Sim
1504604,PA,15,Mocajuba,27198,4 - 20001 até 50000,1 - Norte,Secretaria municipal exclusiva,Feminino,52,Parda,Sim,Ensino superior completo,Enfermagem,Não,Sim,Sim,Sim,Sim,Não,Não,Não,Sim,Não,Sim,Sim,Não,Sim,Sim,Sim,Sim,Sim,Sim,Sim,Sim,Sim,Sim,2019,2022,-,Sim,Não,-,-,-,Sim,1733,1996,Ativo,Paritário,7,20,Não,Sim,-,Sim,Sim,Sim,Sim,Sim,Não,Não,Sim,Sim,Não,Sim,Sim,Sim,Sim,Não,Sim,Não,Não,Sim,Secretaria municipal de assistência social,Sim,Sim,Sim,Sim,Sim,Sim,Sim,Não,Sim,Não,Sim,Sim,Sim,Sim,Não,Não,Não,Não,Não,Não,Não,Sim,1,Sim,Sim,1,Não,-,Não,Não,-,Não,Não,Não,Não,Não,Não,Não,Não,Não,Não,Não,Não,Sim,Não,Não,Sim,Sim,Não,Não,Não,Sim,Não,Não,Não,Não,Não,Não,-,Sim,Sim,Sim,Sim,Sim
1504703,PA,15,Moju,84094,5 - 50001 até 100000,1 - Norte,Secretaria municipal em conjunto com outras políticas setoriais,Feminino,53,Parda,Sim,Ensino médio (2º Grau) completo,-,Não,Sim,Sim,Sim,Não,Não,Não,Não,Não,Sim,Sim,Não,Não,Sim,Sim,Sim,Sim,Sim,Não,Sim,Sim,Não,Sim,2015,2023,-,Sim,Sim,Sim,Sim,Não,Sim,633,1997,Ativo,Paritário,10,20,Não,Sim,-,Sim,Sim,Sim,Sim,Sim,Não,Não,Sim,Não,Sim,Sim,Sim,Sim,Sim,Sim,Sim,Sim,Não,Sim,Gabinete do prefeito,Sim,Sim,Sim,Sim,Sim,Não,Sim,Não,Sim,Não,Sim,Sim,Não,Não,-,Sim,Não,Não,Não,Não,Não,Sim,3,Sim,Sim,1,Não,-,Não,Não,-,Sim,Não,Não,Não,Não,Não,Não,Não,Não,Não,Não,Não,Sim,Sim,Não,Sim,Sim,Não,Não,Não,Sim,Não,Não,Não,Não,Não,Não,-,Sim,Sim,Sim,Não,Sim
1504752,PA,15,Mojuí dos Campos,23501,4 - 20001 até 50000,1 - Norte,Secretaria municipal em conjunto com outras políticas setoriais,Feminino,34,Branca,Não,Ensino superior completo,Outra,Sim,Sim,Sim,Sim,Sim,Sim,Sim,Sim,Não,Sim,Sim,Sim,Não,Sim,Sim,Sim,Sim,Sim,Sim,Sim,Sim,Não,Sim,2014,2022,-,Sim,Sim,Sim,Sim,Não,Sim,4,2013,Ativo,Paritário,21,12,Sim,Não,-,Sim,Sim,Sim,Sim,Sim,Não,Não,Sim,Não,Não,Sim,Sim,Sim,Não,Sim,Não,Não,Não,Sim,Secretaria municipal de assistência social,Sim,Sim,Sim,Sim,Sim,Sim,Sim,Sim,Sim,Não,Sim,Sim,Sim,Não,-,Não,Não,Não,Não,Não,Não,Sim,1,Sim,Sim,1,Não,-,Não,Não,-,Não,Não,Não,Não,Não,Não,Não,Não,Não,Não,Não,Não,Não,Não,Não,Não,Sim,Não,Não,Não,Sim,Sim,Sim,Não,Não,Não,Não,-,Sim,Sim,Sim,Sim,Sim
1504802,PA,15,Monte Alegre,60012,5 - 50001 até 100000,1 - Norte,Secretaria municipal em conjunto com outras políticas setoriais,Feminino,26,Branca,Sim,Ensino superior completo,Pedagogia,Não,Não,Não,Não,Não,Não,Não,Não,Não,Não,Sim,Não,Não,Sim,Sim,Sim,Sim,Sim,Sim,Sim,Sim,Não,Sim,2021,-,Não foi atualizado,Sim,Não,-,-,-,Sim,4348,1995,Ativo,Paritário,12,16,Sim,Não,-,Sim,Sim,Sim,Sim,Sim,Não,Não,Sim,Não,Sim,Sim,Sim,Sim,Sim,Sim,Sim,Não,Não,Sim,Outra secretaria,Sim,Sim,Não,Sim,Não,Não,Sim,Não,Sim,Não,Sim,Sim,Não,Sim,Não,Sim,Não,Não,Não,Não,Não,Sim,2,Sim,Sim,1,Não,-,Não,Não,-,Sim,Não,Não,Não,Não,Não,Não,Não,Sim,Não,Não,Não,Não,Não,Não,Sim,Sim,Não,Não,Não,Sim,Não,Não,Não,Não,Não,Não,-,Sim,Sim,Não,Não,Sim
1504901,PA,15,Muaná,45368,4 - 20001 até 50000,1 - Norte,Secretaria municipal exclusiva,Feminino,32,Parda,Sim,Ensino superior completo,Pedagogia,Não,Não,Não,Não,Não,Não,Não,Não,Não,Não,Não,Não,Sim,Sim,Sim,Sim,Sim,Sim,Não,Sim,Não,Não,Sim,2022,-,Não foi atualizado,Sim,Sim,Sim,Sim,Não,Sim,12,1996,Ativo,Paritário,13,10,-,-,Sim,Sim,Não,Sim,Sim,Sim,Não,Não,Não,Não,Não,Sim,Sim,Sim,Não,Sim,Não,Não,Não,Sim,Secretaria municipal de assistência social,Sim,Sim,Sim,Sim,Sim,Não,Não,Não,Não,Não,Não,Não,Não,Não,-,Não,Não,Não,Não,Não,Não,Sim,1,Não,Sim,1,Não,-,Não,Não,-,Não,Não,Não,Não,Não,Não,Não,Não,Não,Não,Não,Não,Sim,Não,Não,Não,Sim,Não,Não,Não,Sim,Não,Sim,Sim,Não,Não,Não,-,Sim,Sim,Sim,Não,Sim
1504950,PA,15,Nova Esperança do Piriá,20478,4 - 20001 até 50000,1 - Norte,Secretaria municipal exclusiva,Masculino,31,Parda,Sim,Ensino médio (2º Grau) completo,-,Sim,Sim,Sim,Sim,Sim,Sim,Sim,Sim,Sim,Sim,Não,Não,Não,Sim,Sim,Sim,Sim,Sim,Sim,Sim,Sim,Não,Sim,2022,-,Não foi atualizado,Sim,Sim,Sim,Sim,Não,Sim,203,2014,Ativo,Paritário,14,20,Não,Sim,-,Sim,Não,Sim,Sim,Sim,Não,Não,Sim,Não,Sim,Sim,Sim,Sim,Sim,Sim,Sim,Sim,Sim,Sim,Secretaria municipal de assistência social,Sim,Sim,Sim,Sim,Sim,Sim,Sim,Sim,Sim,Sim,Sim,Sim,Sim,Sim,Sim,Não,Não,Não,Não,Não,Não,Sim,1,Não,Sim,1,Não,-,Não,Não,-,Não,Não,Não,Não,Não,Não,Não,Não,Não,Não,Não,Não,Sim,Não,Não,Não,Não,Sim,Sim,Sim,Sim,Sim,Sim,Sim,Sim,Não,Não,-,Sim,Sim,Sim,Sim,Sim
1504976,PA,15,Nova Ipixuna,13955,3 - 10001 até 20000,1 - Norte,Secretaria municipal exclusiva,Feminino,38,Branca,Não,Ensino superior completo,Administração,Sim,Não,Sim,Não,Sim,Não,Não,Não,Sim,Não,Não,Não,Não,Sim,Sim,Sim,Sim,Sim,Sim,Sim,Não,Sim,Sim,2018,2022,-,Sim,Não,-,-,-,Sim,46,1999,Ativo,Paritário,9,20,Não,Sim,-,Sim,Sim,Sim,Sim,Sim,Não,Não,Sim,Não,Não,Sim,Sim,Sim,Sim,Não,Não,Não,Sim,Sim,Secretaria municipal de assistência social,Sim,Sim,Sim,Sim,Sim,Sim,Sim,Sim,Sim,Sim,Sim,Sim,Sim,Sim,Sim,Sim,Não,Sim,Não,Não,Não,Sim,1,Sim,Sim,1,Não,-,Não,Não,-,Sim,Não,Não,Não,Não,Não,Não,Não,Sim,Não,Não,Não,Não,Não,Não,Não,Sim,Não,Não,Não,Sim,Sim,Sim,Sim,Não,Não,Não,-,Sim,Sim,Sim,Sim,Sim
1505007,PA,15,Nova Timboteua,12806,3 - 10001 até 20000,1 - Norte,Secretaria municipal exclusiva,Feminino,63,Branca,Sim,Ensino superior completo,Assistência social,Sim,Sim,Sim,Não,Sim,Não,Não,Não,Sim,Não,Sim,Não,Não,Sim,Sim,Sim,Sim,Sim,Não,Sim,Não,Não,Sim,2017,2022,-,Sim,Sim,Não,Sim,Não,Sim,13,1997,Ativo,Paritário,12,10,Não,Sim,-,Sim,Sim,Não,Não,Não,Não,Não,Não,Não,Não,Sim,Sim,Sim,Sim,Sim,Sim,Sim,Sim,Sim,Secretaria municipal de assistência social,Sim,Sim,Não,Sim,Sim,Sim,Sim,Não,Sim,Não,Não,Não,Não,Não,-,Não,Não,Não,Não,Não,Não,Sim,1,Não,Sim,1,Não,-,Não,Não,-,Não,Não,Não,Não,Não,Não,Não,Não,Não,Não,Não,Não,Não,-,-,-,-,-,-,-,-,-,-,-,-,-,-,Sim,Sim,Sim,Sim,Não,Sim
1505031,PA,15,Novo Progresso,33638,4 - 20001 até 50000,1 - Norte,Secretaria municipal exclusiva,Feminino,40,Branca,Não,Não informou,-,Não,Sim,Sim,Sim,Não,Não,Não,Não,Não,Não,Sim,Não,Não,Sim,Sim,Sim,Sim,Sim,Sim,Sim,Sim,Não,Sim,2021,2022,-,Sim,Sim,Sim,Sim,Não,Sim,574,2019,Ativo,Paritário,11,20,Não,Sim,-,Sim,Não,Sim,Sim,Sim,Não,Não,Sim,Sim,Sim,Sim,Sim,Sim,Sim,Não,Sim,Sim,Sim,Sim,Secretaria municipal de assistência social,Sim,Sim,Sim,Sim,Sim,Sim,Sim,Não,Sim,Não,Não,Sim,Não,Não,-,Sim,Não,Não,Não,Não,Não,Sim,1,Não,Sim,1,Não,-,Não,Não,-,Sim,Não,Não,Não,Não,Não,Não,Não,Não,Não,Não,Não,Não,Sim,Não,Não,Não,Não,Não,Sim,Sim,Sim,Não,Sim,Sim,Sim,Sim,-,Sim,Sim,Não,Sim,Sim
1505064,PA,15,Novo Repartimento,60732,5 - 50001 até 100000,1 - Norte,Secretaria municipal exclusiva,Feminino,48,Parda,Sim,Ensino superior completo,Pedagogia,Sim,Sim,Não,Não,Não,Sim,Não,Não,Não,Não,Não,Sim,Não,Sim,Sim,Sim,Não,Sim,Sim,Sim,Sim,Não,Sim,2021,2021,-,Sim,Sim,Sim,Sim,Não,Sim,80,1995,Ativo,Paritário,15,12,Não,Sim,-,Sim,Sim,Sim,Sim,Sim,Não,Não,Não,Não,Não,Sim,Sim,Sim,Não,Sim,Sim,Não,Não,Sim,Secretaria municipal de assistência social,Sim,Sim,Sim,Sim,Não,Não,Sim,Não,Sim,Sim,Não,Sim,Sim,Sim,Sim,Sim,Não,Não,Não,Não,Não,Sim,5,Sim,Sim,1,Não,-,Não,Não,-,Sim,Não,Não,Não,Não,Não,Não,Não,Não,Não,Não,Não,Não,Sim,Não,Não,Sim,Não,Não,Não,Sim,Sim,Sim,Não,Não,Não,Não,-,Sim,Sim,Sim,Sim,Sim
1505106,PA,15,Óbidos,52229,5 - 50001 até 100000,1 - Norte,Secretaria municipal exclusiva,Feminino,52,Parda,Sim,Especialização,Assistência social,Sim,Sim,Sim,Sim,Sim,Sim,Não,Sim,Sim,Sim,Sim,Não,Não,Sim,Sim,Sim,Sim,Sim,Sim,Sim,Sim,Sim,Sim,2022,-,Não foi atualizado,Sim,Não,-,-,-,Sim,3144,1997,Ativo,Paritário,15,20,Não,Sim,-,Sim,Sim,Sim,Sim,Sim,Sim,Sim,Sim,Sim,Sim,Sim,Sim,Sim,Sim,Sim,Sim,Sim,Sim,Sim,Secretaria municipal de assistência social,Sim,Sim,Sim,Sim,Sim,Não,Sim,Sim,Sim,Sim,Sim,Sim,Sim,Sim,Sim,Não,Não,Não,Não,Não,Não,Sim,2,Não,Sim,1,Não,-,Não,Não,-,Não,Não,Não,Não,Não,Não,Não,Não,Não,Não,Não,Não,Sim,Não,Não,Sim,Sim,Sim,Não,Sim,Sim,Sim,Sim,Sim,Não,Não,Sim,-,Sim,Sim,Sim,Não,Sim
1505205,PA,15,Oeiras do Pará,33844,4 - 20001 até 50000,1 - Norte,Secretaria municipal exclusiva,Feminino,28,Branca,Sim,Ensino médio (2º Grau) completo,-,Não,Sim,Não,Não,Não,Não,Não,Não,Não,Não,Sim,Sim,Não,Sim,Sim,Sim,Não,Não,Não,Sim,Sim,Não,Sim,2015,2021,-,Sim,Sim,Sim,Sim,Não,Sim,674,2021,Ativo,Paritário,9,24,Não,Sim,-,Sim,Não,Sim,Sim,Sim,Não,Não,Não,Não,Não,Sim,Sim,Sim,Não,Não,Sim,Não,Sim,Sim,Secretaria municipal de assistência social,Sim,Sim,Sim,Sim,Sim,Não,Sim,Não,Sim,Não,Não,Sim,Sim,Sim,Sim,Não,Não,Não,Não,Não,Não,Sim,1,Não,Sim,1,Não,-,Não,Não,-,Não,Não,Não,Não,Não,Não,Não,Não,Não,Não,Não,Não,Não,Não,Não,Sim,Sim,Não,Não,Não,Sim,Não,Sim,Não,Não,Não,Não,-,Sim,Não,Não,Não,Sim
1505304,PA,15,Oriximiná,68294,5 - 50001 até 100000,1 - Norte,Secretaria municipal exclusiva,Feminino,37,Branca,Sim,Ensino superior completo,Administração,Sim,Sim,Sim,Sim,Sim,Não,Não,Não,Sim,Sim,Sim,Não,Não,Sim,Sim,Sim,Sim,Sim,Sim,Sim,Sim,Não,Sim,2021,2022,-,Sim,Sim,Sim,Sim,Não,Sim,8987,2016,Ativo,Paritário,15,28,Não,Sim,-,Sim,Sim,Sim,Sim,Sim,Não,Não,Sim,Sim,Sim,Sim,Sim,Sim,Sim,Não,Sim,Sim,Sim,Sim,Secretaria municipal de assistência social,Sim,Sim,Não,Sim,Sim,Não,Sim,Não,Sim,Não,Não,Sim,Não,Não,-,Sim,Não,Não,Não,Não,Não,Sim,3,Sim,Sim,1,Não,-,Não,Não,-,Sim,Não,Não,Não,Não,Não,Não,Não,Não,Não,Não,Não,Sim,Sim,Não,Sim,Sim,Não,Não,Não,Sim,Não,Sim,Sim,Não,Não,Não,-,Sim,Sim,Sim,Sim,Sim
1505403,PA,15,Ourém,17855,3 - 10001 até 20000,1 - Norte,Secretaria municipal em conjunto com outras políticas setoriais,Feminino,44,Parda,Não,Ensino superior incompleto,-,Não,Sim,Não,Não,Não,Não,Não,Não,Não,Não,Sim,Não,Não,Sim,Sim,Sim,Sim,Sim,Não,Sim,Sim,Não,Sim,2013,2020,-,Sim,Sim,Não,Sim,Não,Sim,1527,1996,Ativo,Paritário,8,12,Não,Sim,-,Sim,Não,Não,Não,Sim,Não,Não,Não,Não,Não,Sim,Sim,Sim,Sim,Sim,Sim,Não,Sim,Sim,Secretaria municipal de assistência social,Sim,Sim,Não,Sim,Sim,Não,Sim,Não,Sim,Não,Não,Sim,Não,Não,-,Não,Não,Não,Não,Não,Não,Sim,2,Não,Sim,1,Não,-,Não,Não,-,Não,Não,Não,Não,Não,Não,Não,Não,Não,Não,Não,Não,Não,Não,Não,Sim,Sim,Não,Não,Não,Sim,Não,Não,Não,Não,Não,Não,-,Sim,Sim,Sim,Não,Sim
1505437,PA,15,Ourilândia do Norte,32467,4 - 20001 até 50000,1 - Norte,Secretaria municipal em conjunto com outras políticas setoriais,Feminino,38,Branca,Não,Ensino superior completo,Enfermagem,Não,Sim,Sim,Não,Não,Não,Não,Não,Não,Não,Sim,Não,Não,Sim,Sim,Sim,Não,Sim,Não,Sim,Sim,Não,Sim,2021,2023,-,Sim,Sim,Sim,Sim,Não,Sim,689,2018,Ativo,Paritário,12,12,Não,Sim,-,Sim,Sim,Sim,Sim,Não,Não,Não,Sim,Não,Sim,Sim,Sim,Sim,Não,Sim,Sim,Sim,Sim,Sim,Secretaria municipal de assistência social,Sim,Não,Sim,Sim,Sim,Sim,Sim,Sim,Sim,Sim,Sim,Sim,Sim,Não,-,Sim,Não,Sim,Não,Não,Não,Sim,1,Sim,Sim,1,Não,-,Não,Não,-,Sim,Não,Não,Não,Não,Não,Não,Não,Sim,Sim,Não,Não,Sim,Sim,Não,Não,Não,Não,Não,Sim,Sim,Sim,Não,Sim,Não,Não,Não,-,Sim,Sim,Não,Não,Não
1505486,PA,15,Pacajá,41097,4 - 20001 até 50000,1 - Norte,Secretaria municipal exclusiva,Feminino,58,Parda,Não,Ensino superior completo,Pedagogia,Sim,Sim,Sim,Sim,Sim,Não,Não,Não,Sim,Sim,Sim,Sim,Não,Sim,Sim,Sim,Sim,Sim,Sim,Sim,Sim,Não,Sim,2022,-,Não foi atualizado,Sim,Sim,Sim,Sim,Não,Sim,489,2021,Ativo,Paritário,15,24,Não,Sim,-,Sim,Sim,Sim,Sim,Sim,Não,Não,Sim,Sim,Sim,Sim,Sim,Sim,Sim,Sim,Sim,Sim,Sim,Sim,Secretaria municipal de assistência social,Sim,Sim,Não,Sim,Sim,Sim,Sim,Não,Sim,Não,Não,Sim,Sim,Não,-,Sim,Não,Não,Não,Não,Não,Sim,1,Sim,Sim,1,Não,-,Não,Não,-,Sim,Não,Não,Não,Não,Não,Não,Não,Não,Não,Não,Não,Não,Não,Não,Não,Não,Não,Não,Sim,Não,Não,Não,Não,Não,Não,Não,-,Sim,Sim,Sim,Sim,Sim
1505494,PA,15,Palestina do Pará,6885,2 - 5001 até 10000,1 - Norte,Secretaria municipal exclusiva,Masculino,51,Parda,Sim,Ensino superior completo,Assistência social,Não,Sim,Sim,Não,Sim,Não,Não,Não,Sim,Não,Não,Não,Não,Sim,Sim,Sim,Sim,Sim,Não,Sim,Sim,Sim,Sim,2021,2021,-,Sim,Sim,Sim,Sim,Não,Sim,59,1996,Ativo,Paritário,6,20,Sim,Não,-,Sim,Não,Sim,Não,Sim,Não,Não,Sim,Não,Sim,Sim,Sim,Sim,Sim,Não,Sim,Sim,Sim,Sim,Secretaria municipal de assistência social,Sim,Sim,Sim,Sim,Sim,Sim,Sim,Sim,Não,Sim,Não,Sim,Não,Sim,Não,Não,Não,Não,Não,Não,Não,Sim,1,Não,Sim,1,Sim,1,Não,Não,-,Não,Não,Não,Não,Não,Não,Não,Não,Sim,Não,Não,Não,Não,Não,Não,Não,Sim,Não,Não,Não,Sim,Não,Sim,Não,Não,Não,Não,-,Sim,Sim,Sim,Sim,Sim
1505502,PA,15,Paragominas,105550,6 - 100001 até 500000,1 - Norte,Secretaria municipal exclusiva,Feminino,49,Preta,Sim,Ensino superior completo,Direito,Sim,Sim,Sim,Não,Não,Não,Não,Não,Não,Não,Sim,Não,Não,Sim,Sim,Sim,Sim,Sim,Sim,Não,Sim,Não,Sim,2021,2022,-,Sim,Não,-,-,-,Sim,114,1996,Ativo,Paritário,15,24,Não,Sim,-,Sim,Sim,Sim,Sim,Sim,Não,Sim,Sim,Sim,Não,Sim,Sim,Sim,Sim,Sim,Sim,Sim,Sim,Sim,Secretaria municipal de assistência social,Sim,Sim,Sim,Sim,Sim,Não,Sim,Não,Sim,Não,Não,Sim,Sim,Não,-,Sim,Não,Sim,Não,Não,Não,Sim,2,Não,Sim,1,Não,-,Não,Não,-,Sim,Não,Não,Não,Não,Não,Não,Não,Sim,Não,Não,Não,Sim,Sim,Não,Não,Não,Não,Não,Sim,Sim,Sim,Não,Sim,Não,Não,Não,-,Sim,Sim,Sim,Não,Sim
1505536,PA,15,Parauapebas,267836,6 - 100001 até 500000,1 - Norte,Secretaria municipal exclusiva,Masculino,41,Branca,Sim,Ensino superior completo,Direito,Não,Sim,Sim,Sim,Sim,Não,Não,Sim,Sim,Sim,Sim,Sim,Não,Sim,Sim,Sim,Sim,Sim,Sim,Sim,Sim,Não,Sim,2021,-,Não foi atualizado,Sim,Não,-,-,-,Sim,4753,2018,Ativo,Paritário,16,20,Não,Sim,-,Sim,Sim,Sim,Sim,Sim,Não,Sim,Sim,Sim,Sim,Sim,Sim,Sim,Sim,Não,Sim,Sim,Sim,Sim,Secretaria municipal de assistência social,Sim,Sim,Não,Sim,Sim,Não,Sim,Não,Sim,Sim,Sim,Sim,Sim,Não,-,Sim,Sim,Sim,Não,Não,Não,Sim,5,Sim,Sim,1,Não,-,Não,Não,-,Sim,Não,Não,Não,Não,Não,Não,Não,Não,Não,Não,Não,Sim,Sim,Não,Não,Não,Não,Não,Sim,Não,Não,Não,Não,Sim,Não,Não,-,Sim,Sim,Sim,Não,Sim
1505551,PA,15,Pau DArco,6931,2 - 5001 até 10000,1 - Norte,Secretaria municipal exclusiva,Masculino,38,Parda,Sim,Ensino médio (2º Grau) incompleto,-,Sim,Sim,Sim,Sim,Não,Sim,Não,Não,Sim,Não,Não,Não,Não,Sim,Sim,Sim,Sim,Não,Não,Sim,Sim,Não,Sim,1996,2023,-,Sim,Sim,Não,Sim,Não,Sim,499,1996,Ativo,Paritário,12,16,Sim,Não,-,Sim,Sim,Sim,Sim,Sim,Não,Não,Sim,Não,Sim,Sim,Não,Não,Não,Não,Não,Não,Não,Sim,Secretaria municipal de assistência social,Sim,Sim,Não,Sim,Sim,Sim,Sim,Sim,Não,Não,Sim,Não,Não,Não,-,Não,Não,Não,Não,Não,Não,Sim,1,Não,Não,-,Não,-,Não,Não,-,Não,Não,Não,Não,Não,Não,Não,Não,Não,Não,Não,Não,Não,Sim,Não,Não,Não,Não,Não,Não,Sim,Sim,Não,Não,Não,Não,Não,-,Sim,Sim,Sim,Sim,Sim
1505601,PA,15,Peixe-Boi,8285,2 - 5001 até 10000,1 - Norte,Secretaria municipal exclusiva,Masculino,42,Parda,Sim,Ensino superior completo,Administração,Sim,Sim,Sim,Sim,Sim,Não,Não,Não,Sim,Não,Sim,Não,Não,Sim,Sim,Sim,Sim,Sim,Não,Sim,Sim,Não,Sim,2015,2020,-,Sim,Não,-,-,-,Sim,674,2015,Ativo,Paritário,9,8,Não,Sim,-,Sim,Não,Sim,Sim,Sim,Não,Não,Não,Sim,Sim,Sim,Sim,Sim,Sim,Sim,Sim,Sim,Sim,Sim,Secretaria municipal de assistência social,Sim,Sim,Sim,Sim,Sim,Sim,Sim,Sim,Sim,Sim,Não,Sim,Não,Sim,Sim,Sim,Não,Não,Não,Não,Não,Sim,1,Não,Sim,1,Não,-,Não,Não,-,Não,Não,Não,Não,Não,Não,Não,Não,Não,Não,Não,Não,Não,Não,Não,Não,Sim,Não,Sim,Sim,Sim,Não,Sim,Sim,Não,Não,Sim,-,Sim,Sim,Sim,Sim,Sim
1505635,PA,15,Piçarra,12832,3 - 10001 até 20000,1 - Norte,Secretaria municipal em conjunto com outras políticas setoriais,Feminino,47,Parda,Sim,Ensino superior completo,Pedagogia,Não,Sim,Não,Não,Não,Não,Não,Não,Sim,Não,Sim,Não,Não,Sim,Sim,Sim,Não,Sim,Não,Sim,Não,Não,Sim,2022,-,Não foi atualizado,Sim,Sim,Sim,Não,Não,Sim,198,2015,Ativo,Paritário,8,20,Não,Sim,-,Sim,Sim,Sim,Sim,Sim,Não,Não,Não,Sim,Não,Sim,Sim,Sim,Não,Sim,Sim,Sim,Sim,Sim,Secretaria municipal de assistência social,Sim,Sim,Sim,Sim,Sim,Sim,Sim,Sim,Não,Não,Não,Sim,Não,Sim,Sim,Não,Não,Não,Não,Não,Não,Sim,1,Sim,Não,-,Não,-,Não,Não,-,Não,Não,Não,Não,Não,Não,Não,Não,Não,Não,Não,Não,Não,Não,Não,Não,Sim,Não,Não,Não,Sim,Sim,Sim,Não,Não,Não,Não,-,Sim,Sim,Sim,Não,Sim
1505650,PA,15,Placas,18668,3 - 10001 até 20000,1 - Norte,Secretaria municipal exclusiva,Feminino,45,Parda,Não,Ensino superior incompleto,-,Não,Sim,Sim,Sim,Não,Não,Não,Não,Sim,Sim,Sim,Sim,Não,Sim,Sim,Sim,Sim,Sim,Sim,Sim,Sim,Não,Sim,2014,2022,-,Sim,Sim,Sim,Sim,Não,Sim,26,1998,Ativo,Paritário,12,10,Não,Sim,-,Sim,Não,Não,Não,Não,Não,Não,Sim,Não,Não,Sim,Sim,Sim,Não,Sim,Sim,Não,Não,Sim,Secretaria municipal de assistência social,Sim,Sim,Não,Sim,Sim,Sim,Sim,Sim,Sim,Sim,Sim,Sim,Sim,Não,-,Sim,Não,Não,Não,Não,Não,Sim,1,Sim,Sim,1,Não,-,Não,Sim,1,Sim,Não,Não,Não,Não,Não,Não,Não,Não,Não,Não,Não,Não,Não,Não,Não,Não,Não,Não,Não,Sim,Não,Não,Não,Não,Não,Não,-,Sim,Sim,Sim,Não,Sim
1505700,PA,15,Ponta de Pedras,24984,4 - 20001 até 50000,1 - Norte,Secretaria municipal exclusiva,Feminino,71,Preta,Sim,Ensino fundamental (1º Grau) incompleto,-,Sim,Sim,Não,Sim,Sim,Sim,Não,Não,Sim,Não,Sim,Não,Não,Sim,Sim,Sim,Sim,Não,Sim,Sim,Não,Não,Sim,2021,-,Não foi atualizado,Sim,Não,-,-,-,Sim,128,2001,Ativo,Paritário,6,12,-,-,Sim,Sim,Não,Sim,Sim,Sim,Não,Não,Sim,Sim,Não,Sim,Sim,Sim,Sim,Sim,Não,Sim,Sim,Sim,Secretaria municipal de assistência social,Sim,Sim,Sim,Sim,Sim,Sim,Sim,Não,Não,Não,Não,Sim,Sim,Sim,Não,Não,Não,Não,Não,Não,Não,Sim,1,Não,Sim,1,Não,-,Não,Não,-,Não,Não,Não,Não,Não,Não,Não,Não,Não,Não,Não,Não,Não,Sim,Não,Sim,Sim,Não,Não,Não,Sim,Não,Sim,Não,Não,Não,Não,-,Sim,Sim,Sim,Sim,Sim
1505809,PA,15,Portel,62503,5 - 50001 até 100000,1 - Norte,Secretaria municipal em conjunto com outras políticas setoriais,Feminino,39,Branca,Sim,Ensino superior completo,Pedagogia,Sim,Sim,Sim,Sim,Sim,Não,Não,Não,Sim,Não,Sim,Não,Não,Sim,Sim,Sim,Não,Não,Não,Não,Não,Não,Sim,2002,2022,-,Sim,Não,-,-,-,Sim,906,2021,Ativo,Paritário,12,16,-,-,Sim,Sim,Não,Sim,Sim,Sim,Não,Não,Não,Não,Não,Sim,Sim,Sim,Sim,Sim,Sim,Não,Sim,Sim,Secretaria municipal de assistência social,Sim,Sim,Sim,Sim,Sim,Sim,Sim,Sim,Sim,Não,Sim,Sim,Sim,Não,-,Sim,Não,Não,Não,Não,Não,Sim,3,Não,Sim,1,Não,-,Não,Não,-,Sim,Não,Não,Não,Não,Não,Não,Não,Não,Não,Não,Não,Não,Não,Não,Sim,Não,Não,Não,Não,Não,Não,Não,Não,Não,Não,Não,-,Sim,Sim,Sim,Não,Sim
1505908,PA,15,Porto de Moz,40597,4 - 20001 até 50000,1 - Norte,Secretaria municipal em conjunto com outras políticas setoriais,Masculino,49,Parda,Sim,Especialização,Pedagogia,Não,Não,Não,Não,Sim,Não,Não,Não,Não,Não,Não,Não,Não,Sim,Sim,Sim,Sim,Sim,Não,Sim,Não,Não,Sim,2022,-,Não foi atualizado,Sim,Sim,Sim,Não,Não,Sim,919,2017,Ativo,Paritário,10,10,Sim,Não,-,Sim,Sim,Sim,Não,Sim,Não,Não,Não,Não,Não,Sim,Sim,Sim,Não,Sim,Sim,Não,Não,Sim,Secretaria municipal de assistência social,Sim,Sim,Sim,Sim,Sim,Sim,Sim,Sim,Sim,Não,Não,Sim,Não,Não,-,Não,Não,Não,Não,Não,Não,Sim,3,Sim,Sim,1,Não,-,Não,Não,-,Não,Não,Não,Não,Não,Não,Não,Não,Não,Não,Não,Não,Não,Não,Não,Não,Sim,Não,Não,Não,Sim,Não,Sim,Não,Não,Não,Não,-,Sim,Sim,Sim,Sim,Sim
1506005,PA,15,Prainha,35577,4 - 20001 até 50000,1 - Norte,Secretaria municipal exclusiva,Feminino,44,Parda,Sim,Ensino médio (2º Grau) completo,-,Sim,Sim,Não,Não,Sim,Sim,Não,Não,Sim,Sim,Sim,Não,Não,Sim,Sim,Sim,Sim,Sim,Sim,Sim,Não,Não,Sim,2021,2022,-,Sim,Sim,Sim,Sim,Não,Sim,4,1996,Ativo,Paritário,7,12,Não,Sim,-,Sim,Não,Sim,Sim,Sim,Não,Não,Sim,Não,Não,Sim,Sim,Sim,Não,Sim,Não,Sim,Sim,Sim,Secretaria municipal de assistência social,Sim,Sim,Não,Sim,Sim,Sim,Sim,Não,Sim,Não,Não,Sim,Não,Sim,Não,Sim,Não,Não,Não,Não,Não,Sim,2,Não,Sim,1,Não,-,Não,Não,-,Sim,Não,Não,Não,Não,Não,Não,Não,Não,Não,Não,Não,Não,Não,Não,Sim,Não,Não,Não,Não,Não,Não,Não,Não,Não,Não,Não,-,Sim,Sim,Sim,Sim,Sim
1506104,PA,15,Primavera,10851,3 - 10001 até 20000,1 - Norte,Secretaria municipal exclusiva,Feminino,37,Preta,Sim,Ensino médio (2º Grau) incompleto,-,Não,Sim,Sim,Sim,Sim,Não,Não,Não,Não,Sim,Sim,Não,Não,Sim,Sim,Sim,Não,Sim,Não,Sim,Sim,Não,Sim,2018,2022,-,Sim,Sim,Sim,Sim,Não,Sim,2410,1998,Ativo,Paritário,10,16,Não,Sim,-,Sim,Sim,Sim,Sim,Sim,Não,Não,Não,Não,Não,Sim,Sim,Sim,Não,Sim,Não,Não,Não,Sim,Secretaria municipal de assistência social,Sim,Sim,Sim,Sim,Sim,Sim,Sim,Sim,Sim,Não,Sim,Sim,Não,Não,-,Não,Não,Não,Não,Não,Não,Sim,1,Sim,Sim,1,Não,-,Não,Não,-,Não,Não,Não,Não,Não,Não,Não,Não,Não,Não,Não,Não,Sim,Não,Não,Não,Não,Não,Não,Não,Não,Não,Não,Sim,Não,Não,Não,-,Sim,Sim,Sim,Não,Sim
1506112,PA,15,Quatipuru,11524,3 - 10001 até 20000,1 - Norte,Secretaria municipal exclusiva,Feminino,37,Branca,Não,Ensino médio (2º Grau) completo,-,Não,Sim,Não,Sim,Sim,Não,Não,Não,Não,Não,Não,Não,Não,Sim,Sim,Sim,Sim,Sim,Sim,Sim,Sim,Sim,Sim,2022,-,Não foi atualizado,Sim,Sim,Sim,Sim,Não,Sim,9604,1998,Ativo,Tem maior representação governamental,8,12,Não,Sim,-,Sim,Sim,Sim,Sim,Sim,Não,Não,Sim,Sim,Não,Sim,Sim,Sim,Sim,Sim,Sim,Sim,Sim,Sim,Secretaria municipal de assistência social,Sim,Sim,Não,Sim,Sim,Sim,Sim,Sim,Sim,Não,Sim,Não,Não,Não,-,Não,Não,Não,Não,Não,Não,Sim,1,Sim,Sim,1,Não,-,Não,Não,-,Não,Não,Não,Não,Não,Não,Não,Não,Não,Não,Não,Não,Sim,-,-,-,-,-,-,-,-,-,-,-,-,-,-,Sim,Sim,Sim,Sim,Sim,Sim
1506138,PA,15,Redenção,85597,5 - 50001 até 100000,1 - Norte,Secretaria municipal exclusiva,Feminino,59,Branca,Sim,Ensino superior completo,Assistência social,Não,Sim,Sim,Sim,Sim,Sim,Sim,Sim,Sim,Sim,Sim,Não,Não,Sim,Sim,Sim,Sim,Sim,Sim,Sim,Sim,Não,Sim,1996,2022,-,Sim,Não,-,-,-,Sim,292,1996,Ativo,Paritário,10,28,Não,Sim,-,Sim,Sim,Sim,Sim,Sim,Não,Sim,Sim,Não,Sim,Sim,Sim,Sim,Sim,Sim,Sim,Sim,Sim,Sim,Secretaria municipal de assistência social,Sim,Sim,Não,Sim,Sim,Sim,Sim,Sim,Sim,Sim,Sim,Sim,Sim,Não,-,Sim,Não,Sim,Não,Não,Não,Sim,1,Sim,Sim,1,Não,-,Não,Não,-,Sim,Não,Não,Não,Não,Não,Não,Não,Sim,Não,Não,Não,Não,Não,Não,Não,Não,Não,Não,Sim,Não,Não,Não,Sim,Sim,Sim,Sim,-,Sim,Sim,Sim,Sim,Sim
1506161,PA,15,Rio Maria,18384,3 - 10001 até 20000,1 - Norte,Secretaria municipal exclusiva,Feminino,54,Branca,Sim,Especialização,Pedagogia,Não,Sim,Sim,Sim,Sim,Não,Não,Não,Sim,Não,Não,Não,Não,Sim,Sim,Sim,Sim,Sim,Sim,Sim,Sim,Não,Sim,2022,-,Não foi atualizado,Sim,Sim,Sim,Sim,Não,Sim,427,1998,Ativo,Paritário,10,10,Não,Sim,-,Sim,Sim,Sim,Sim,Sim,Não,Não,Não,Não,Não,Sim,Sim,Sim,Sim,Sim,Não,Não,Sim,Sim,Secretaria municipal de assistência social,Sim,Sim,Não,Sim,Sim,Não,Sim,Sim,Sim,Sim,Sim,Sim,Sim,Não,-,Não,Não,Não,Não,Não,Não,Sim,1,Sim,Sim,1,Sim,1,Não,Não,-,Não,Não,Não,Não,Não,Não,Não,Não,Não,Não,Não,Não,Sim,Não,Não,Não,Não,Não,Não,Sim,Sim,Sim,Sim,Sim,Não,Não,Não,-,Sim,Sim,Sim,Sim,Sim
1506187,PA,15,Rondon do Pará,53143,5 - 50001 até 100000,1 - Norte,Secretaria municipal exclusiva,Feminino,45,Parda,Sim,Especialização,Outra,Sim,Não,Não,Não,Sim,Não,Não,Não,Não,Não,Não,Não,Não,Sim,Sim,Sim,Não,Sim,Sim,Sim,Não,Não,Sim,2022,-,Não foi atualizado,Sim,Sim,Não,Sim,Não,Sim,702,2015,Ativo,Tem maior representação governamental,10,24,Não,Sim,-,Sim,Sim,Sim,Sim,Sim,Não,Não,Sim,Não,Não,Sim,Sim,Sim,Não,Sim,Não,Sim,Sim,Sim,Secretaria municipal de assistência social,Sim,Sim,Não,Sim,Sim,Não,Sim,Sim,Sim,Não,Não,Sim,Sim,Sim,Sim,Sim,Não,Não,Não,Não,Não,Sim,2,Não,Sim,1,Não,-,Não,Não,-,Não,Não,Não,Não,Não,Não,Não,Não,Não,Não,Não,Não,Não,Não,Não,Não,Não,Não,Não,Sim,Não,Não,Não,Não,Não,Sim,Não,-,Sim,Sim,Sim,Sim,Sim
1506195,PA,15,Rurópolis,35769,4 - 20001 até 50000,1 - Norte,Secretaria municipal em conjunto com outras políticas setoriais,Feminino,45,Branca,Sim,Ensino médio (2º Grau) completo,-,Sim,Sim,Sim,Sim,Não,Não,Sim,Não,Não,Sim,Não,Não,Não,Sim,Sim,Sim,Sim,Sim,Não,Sim,Sim,Não,Sim,2022,-,Não foi atualizado,Sim,Sim,Sim,Não,Não,Sim,129,1997,Ativo,Paritário,8,12,Não,Sim,-,Sim,Sim,Sim,Sim,Sim,Não,Sim,Sim,Não,Não,Sim,Sim,Sim,Sim,Sim,Sim,Sim,Não,Sim,Secretaria municipal de assistência social,Sim,Sim,Não,Sim,Sim,Não,Sim,Não,Sim,Não,Não,Sim,Não,Não,-,Não,Não,Não,Não,Não,Não,Sim,1,Sim,Sim,1,Não,-,Não,Não,-,Não,Não,Não,Não,Não,Não,Não,Não,Não,Não,Não,Não,Não,Não,Não,Não,Sim,Não,Não,Não,Sim,Sim,Sim,Não,Não,Não,Não,-,Sim,Sim,Sim,Sim,Sim
1506203,PA,15,Salinópolis,44772,4 - 20001 até 50000,1 - Norte,Secretaria municipal exclusiva,Feminino,35,Parda,Sim,Especialização,Assistência social,Não,Não,Não,Não,Não,Não,Não,Não,Não,Não,Não,Sim,Não,Sim,Sim,Sim,Sim,Sim,Sim,Sim,Não,Sim,Sim,2020,-,Não foi atualizado,Sim,Não,-,-,-,Sim,2629,1997,Ativo,Paritário,14,20,Não,Sim,-,Sim,Não,Sim,Sim,Sim,Não,Não,Não,Não,Não,Sim,Sim,Sim,Sim,Sim,Sim,Sim,Não,Sim,Secretaria municipal de assistência social,Sim,Sim,Sim,Sim,Sim,Não,Sim,Sim,Sim,Sim,Sim,Sim,Sim,Sim,Sim,Sim,Não,Não,Não,Não,Não,Sim,1,Não,Sim,1,Não,-,Não,Não,-,Sim,Não,Não,Não,Não,Não,Não,Não,Não,Não,Não,Não,Não,Não,Não,Não,Não,Não,Não,Sim,Sim,Não,Não,Não,Sim,Não,Não,-,Sim,Sim,Sim,Não,Sim
1506302,PA,15,Salvaterra,24129,4 - 20001 até 50000,1 - Norte,Secretaria municipal exclusiva,Feminino,62,Parda,Não,Ensino fundamental ( 1º Grau) completo,-,Não,Não,Sim,Não,Sim,Não,Não,Não,Não,Não,Não,Não,Não,Sim,Sim,Sim,Sim,Sim,Sim,Sim,Sim,Não,Sim,2018,2023,-,Sim,Não,-,-,-,Sim,725,1997,Ativo,Paritário,6,20,-,-,Sim,Sim,Sim,Sim,Sim,Sim,Não,Não,Não,Não,Não,Sim,Sim,Sim,Sim,Sim,Sim,Sim,Sim,Sim,Secretaria municipal de assistência social,Sim,Sim,Sim,Sim,Sim,Sim,Sim,Não,Sim,Não,Não,Sim,Sim,Não,-,Não,Não,Não,Não,Não,Não,Sim,1,Não,Sim,1,Não,-,Não,Não,-,Não,Não,Não,Não,Não,Não,Não,Não,Não,Não,Não,Não,Não,Não,Não,Sim,Sim,Não,Não,Não,Sim,Não,Sim,Não,Não,Não,Não,-,Sim,Sim,Sim,Sim,Sim
1506351,PA,15,Santa Bárbara do Pará,21087,4 - 20001 até 50000,1 - Norte,Secretaria municipal exclusiva,Feminino,45,Parda,Sim,Ensino superior completo,Outra,Não,Sim,Não,Não,Sim,Não,Não,Não,Não,Não,Não,Não,Não,Sim,Sim,Sim,Sim,Sim,Sim,Sim,Sim,Não,Sim,2022,-,Não foi atualizado,Sim,Sim,Sim,Sim,Não,Sim,250,2021,Ativo,Paritário,16,20,Não,Sim,-,Sim,Não,Sim,Sim,Sim,Não,Não,Sim,Não,Sim,Sim,Sim,Sim,Sim,Sim,Sim,Não,Sim,Sim,Secretaria municipal de assistência social,Sim,Sim,Sim,Sim,Sim,Sim,Sim,Não,Sim,Não,Não,Sim,Sim,Não,-,Não,Não,Não,Não,Não,Não,Sim,3,Não,Sim,1,Não,-,Não,Não,-,Não,Não,Não,Não,Não,Não,Não,Não,Não,Não,Não,Não,Não,Sim,Não,Sim,Sim,Não,Não,Não,Sim,Sim,Sim,Sim,Não,Não,Sim,-,Sim,Não,Sim,Não,Sim
1506401,PA,15,Santa Cruz do Arari,7445,2 - 5001 até 10000,1 - Norte,Secretaria municipal exclusiva,Feminino,25,Parda,Sim,Especialização,Assistência social,Sim,Sim,Não,Sim,Sim,Não,Não,Não,Não,Sim,Não,Não,Não,Sim,Sim,Sim,Sim,Sim,Não,Sim,Sim,Não,Sim,2021,2023,-,Sim,Sim,Sim,Sim,Não,Sim,251,1998,Ativo,Paritário,12,14,Não,Sim,-,Não,-,-,-,-,-,-,-,-,-,Sim,Sim,Sim,Sim,Sim,Sim,Não,Sim,Sim,Secretaria municipal de assistência social,Sim,Sim,Sim,Sim,Sim,Sim,Sim,Sim,Não,Não,Não,Não,Não,Não,-,Não,Não,Não,Não,Não,Não,Sim,1,Não,Não,-,Não,-,Não,Não,-,Não,Não,Não,Não,Não,Não,Não,Não,Não,Não,Não,Não,Não,Não,Não,Não,Sim,Não,Sim,Não,Sim,Não,Sim,Não,Não,Não,Não,-,Sim,Sim,Sim,Sim,Sim
1506500,PA,15,Santa Izabel do Pará,73019,5 - 50001 até 100000,1 - Norte,Secretaria municipal em conjunto com outras políticas setoriais,Feminino,57,Parda,Sim,Especialização,Sociologia,Sim,Sim,Sim,Não,Não,Não,Não,Não,Sim,Sim,Sim,Não,Não,Sim,Sim,Sim,Sim,Sim,Sim,Sim,Sim,Sim,Sim,2021,2021,-,Sim,Sim,Sim,Não,Não,Sim,34,1998,Ativo,Paritário,14,20,Sim,Sim,-,Sim,Sim,Sim,Sim,Sim,Não,Não,Não,Não,Não,Sim,Não,Sim,Não,Sim,Sim,Não,Sim,Sim,Secretaria municipal de assistência social,Sim,Sim,Sim,Sim,Sim,Sim,Sim,Não,Sim,Não,Não,Sim,Não,Não,-,Sim,Não,Não,Não,Não,Não,Sim,1,Sim,Sim,1,Não,-,Não,Não,-,Sim,Não,Não,Não,Não,Não,Não,Não,Não,Não,Não,Não,Não,Não,Não,Sim,Não,Não,Sim,Não,Não,Não,Não,Não,Não,Não,Não,-,Sim,Sim,Sim,Sim,Sim
1506559,PA,15,Santa Luzia do Pará,20370,4 - 20001 até 50000,1 - Norte,Secretaria municipal exclusiva,Feminino,45,Parda,Sim,Ensino superior completo,Assistência social,Sim,Sim,Não,Sim,Sim,Não,Não,Não,Não,Não,Sim,Não,Não,Sim,Sim,Sim,Sim,Sim,Sim,Sim,Sim,Não,Sim,1997,2022,-,Sim,Sim,Sim,Sim,Não,Sim,13,2018,Ativo,Paritário,10,24,Não,Sim,-,Sim,Sim,Sim,Sim,Sim,Não,Não,Sim,Sim,Sim,Sim,Sim,Sim,Sim,Sim,Sim,Não,Sim,Sim,Secretaria municipal de assistência social,Sim,Sim,Sim,Sim,Não,Não,Sim,Não,Sim,Não,Não,Sim,Não,Não,-,Sim,Não,Não,Não,Não,Não,Sim,1,Sim,Sim,1,Não,-,Não,Não,-,Sim,Não,Não,Não,Não,Não,Não,Não,Não,Não,Não,Não,Não,Sim,Não,Sim,Não,Sim,Não,Não,Sim,Sim,Não,Sim,Não,Não,Não,-,Sim,Sim,Não,Sim,Sim
1506583,PA,15,Santa Maria das Barreiras,16548,3 - 10001 até 20000,1 - Norte,Secretaria municipal exclusiva,Feminino,28,Branca,Não,Ensino superior completo,Medicina,Não,Sim,Sim,Sim,Não,Não,Não,Não,Sim,Sim,Sim,Não,Não,Sim,Sim,Sim,Sim,Não,Não,Não,Não,Não,Sim,1999,2022,-,Sim,Sim,Sim,Não,Não,Sim,544,2023,Ativo,Paritário,6,28,Sim,Não,-,Sim,Não,Sim,Sim,Sim,Não,Não,Sim,Não,Sim,Sim,Sim,Não,Sim,Não,Não,Sim,Não,Sim,Secretaria municipal de assistência social,Sim,Sim,Não,Sim,Sim,Não,Sim,Sim,Sim,Não,Não,Sim,Não,Não,-,Sim,Não,Não,Não,Não,Não,Sim,1,Sim,Não,-,Não,-,Não,Não,-,Não,Não,Não,Não,Não,Não,Não,Não,Não,Não,Não,Não,Não,Sim,Não,Não,Sim,Não,Não,Não,Sim,Sim,Não,Não,Não,Não,Não,-,Sim,Sim,Sim,Sim,Sim
1506609,PA,15,Santa Maria do Pará,24624,4 - 20001 até 50000,1 - Norte,Secretaria municipal exclusiva,Feminino,31,Parda,Sim,Ensino superior completo,Psicologia,Não,Sim,Sim,Não,Sim,Não,Não,Não,Sim,Não,Sim,Não,Não,Sim,Sim,Sim,Sim,Sim,Não,Sim,Sim,Sim,Sim,2021,2023,-,Sim,Sim,Sim,Sim,Não,Sim,2,1997,Ativo,Paritário,10,12,Sim,Sim,-,Sim,Sim,Sim,Sim,Sim,Sim,Não,Não,Sim,Não,Sim,Não,Sim,Sim,Sim,Sim,Sim,Não,Sim,Gabinete do prefeito,Sim,Sim,Sim,Sim,Sim,Não,Sim,Não,Não,Não,Não,Não,Não,Não,-,Não,Não,Não,Não,Não,Não,Sim,1,Não,Sim,1,Não,-,Não,Não,-,Não,Não,Não,Não,Não,Não,Não,Não,Não,Não,Não,Não,Não,-,-,-,-,-,-,-,-,-,-,-,-,-,-,Sim,Sim,Sim,Sim,Não,Sim
1506708,PA,15,Santana do Araguaia,32413,4 - 20001 até 50000,1 - Norte,Secretaria municipal exclusiva,Feminino,71,Parda,Sim,Ensino superior completo,Assistência social,Sim,Sim,Sim,Sim,Sim,Não,Não,Não,Sim,Não,Sim,Sim,Não,Sim,Sim,Sim,Sim,Não,Sim,Sim,Sim,Não,Sim,2021,-,Não foi atualizado,Sim,Sim,Sim,Sim,Não,Sim,866,2021,Ativo,Paritário,28,20,Sim,Não,-,Sim,Sim,Sim,Sim,Sim,Não,Não,Sim,Sim,Sim,Sim,Sim,Sim,Sim,Sim,Sim,Não,Não,Sim,Secretaria municipal de assistência social,Sim,Sim,Não,Sim,Sim,Não,Sim,Sim,Sim,Sim,Sim,Sim,Sim,Sim,Não,Sim,Não,Sim,Não,Não,Não,Sim,1,Não,Sim,1,Não,-,Não,Não,-,Sim,Não,Não,Não,Não,Não,Não,Não,Sim,Não,Não,Não,Sim,Sim,Não,Não,Sim,Não,Não,Sim,Não,Não,Sim,Sim,Não,Não,Não,-,Sim,Sim,Sim,Sim,Sim
1506807,PA,15,Santarém,331942,6 - 100001 até 500000,1 - Norte,Secretaria municipal em conjunto com outras políticas setoriais,Feminino,53,Parda,Não,Ensino superior completo,Assistência social,Sim,Sim,Sim,Sim,Sim,Sim,Sim,Sim,Sim,Sim,Sim,Não,Não,Sim,Sim,Sim,Sim,Sim,Sim,Sim,Sim,Não,Sim,2022,-,Não foi atualizado,Sim,Sim,Sim,Sim,Não,Sim,15816,1996,Ativo,Paritário,18,24,Sim,Não,-,Sim,Sim,Sim,Sim,Sim,Sim,Sim,Sim,Sim,Não,Sim,Não,Sim,Não,Sim,Sim,Sim,Sim,Sim,Secretaria municipal de assistência social,Sim,Sim,Não,Sim,Sim,Não,Sim,Sim,Sim,Sim,Sim,Sim,Sim,Sim,Sim,Sim,Sim,Não,Não,Não,Não,Sim,8,Sim,Sim,1,Sim,1,Não,Não,-,Sim,Não,Não,Não,Não,Sim,Não,Não,Sim,Não,Não,Não,Sim,Sim,Sim,Sim,Sim,Não,Sim,Sim,Sim,Sim,Sim,Sim,Sim,Não,Sim,-,Sim,Sim,Não,Não,Sim
1506906,PA,15,Santarém Novo,6116,2 - 5001 até 10000,1 - Norte,Secretaria municipal em conjunto com outras políticas setoriais,Feminino,34,Parda,Sim,Ensino superior completo,Assistência social,Não,Sim,Sim,Não,Sim,Não,Sim,Não,Sim,Não,Sim,Não,Não,Sim,Sim,Sim,Não,Não,Não,Não,Não,Não,Sim,1997,-,Não foi atualizado,Sim,Sim,Sim,Sim,Não,Sim,1997,2001,Ativo,Paritário,6,16,Não,Sim,-,Sim,Não,Sim,Sim,Sim,Não,Não,Não,Não,Sim,Sim,Sim,Sim,Sim,Sim,Sim,Sim,Não,Sim,Secretaria municipal de assistência social,Sim,Sim,Sim,Sim,Não,Sim,Sim,Sim,Sim,Sim,Sim,Não,Não,Não,-,Não,Não,Não,Não,Não,Não,Sim,1,Sim,Sim,1,Não,-,Não,Não,-,Não,Não,Não,Não,Não,Não,Não,Não,Não,Não,Não,Não,Sim,Não,Não,Não,Não,Não,Não,Sim,Sim,Sim,Sim,Não,Não,Não,Não,-,Sim,Sim,Sim,Sim,Não
1507003,PA,15,Santo Antônio do Tauá,27461,4 - 20001 até 50000,1 - Norte,Secretaria municipal exclusiva,Feminino,55,Parda,Sim,Ensino superior completo,Pedagogia,Sim,Não,Sim,Sim,Sim,Não,Não,Não,Sim,Não,Sim,Não,Não,Sim,Sim,Sim,Não,Não,Não,Sim,Sim,Não,Sim,2022,-,Não foi atualizado,Sim,Sim,Não,Sim,Não,Sim,237,1997,Ativo,Paritário,15,20,Não,Sim,-,Sim,Não,Sim,Sim,Sim,Não,Não,Não,Não,Não,Sim,Sim,Sim,Sim,Sim,Sim,Sim,Não,Sim,Secretaria municipal de assistência social,Sim,Sim,Não,Sim,Sim,Não,Sim,Não,Sim,Não,Não,Sim,Não,Não,-,Não,Não,Não,Não,Não,Não,Sim,1,Sim,Sim,1,Não,-,Não,Não,-,Não,Não,Não,Não,Não,Não,Não,Não,Não,Não,Não,Não,Não,Não,Não,Não,Sim,Não,Não,Não,Sim,Não,Sim,Não,Não,Não,Sim,-,Sim,Sim,Sim,Não,Sim
1507102,PA,15,São Caetano de Odivelas,16666,3 - 10001 até 20000,1 - Norte,Secretaria municipal exclusiva,Feminino,42,Parda,Sim,Ensino superior completo,Direito,Sim,Sim,Sim,Sim,Sim,Não,Não,Não,Sim,Sim,Sim,Não,Não,Sim,Sim,Sim,Sim,Sim,Não,Não,Não,Não,Sim,2022,-,Não foi atualizado,Sim,Sim,Não,Não,Sim,Sim,9,1998,Ativo,Paritário,11,16,Sim,Sim,-,Sim,Não,Sim,Sim,Sim,Não,Não,Sim,Sim,Sim,Sim,Sim,Sim,Sim,Sim,Sim,Sim,Não,Sim,Secretaria municipal de assistência social,Sim,Sim,Não,Sim,Sim,Não,Sim,Não,Sim,Não,Não,Sim,Não,Não,-,Não,Não,Não,Não,Não,Não,Sim,1,Não,Sim,1,Não,-,Não,Não,-,Não,Não,Não,Não,Não,Não,Não,Não,Não,Não,Não,Não,Não,Não,Não,Não,Sim,Não,Não,Não,Sim,Não,Sim,Sim,Sim,Não,Não,-,Sim,Sim,Sim,Sim,Sim
1507151,PA,15,São Domingos do Araguaia,21092,4 - 20001 até 50000,1 - Norte,Secretaria municipal exclusiva,Feminino,59,Branca,Não,Ensino superior completo,Assistência social,Sim,Não,Não,Não,Sim,Não,Não,Não,Não,Sim,Sim,Não,Não,Sim,Sim,Sim,Sim,Sim,Não,Não,Não,Não,Sim,2020,2023,-,Sim,Sim,Sim,Sim,Não,Sim,103,2016,Ativo,Paritário,12,20,Não,Sim,-,Sim,Sim,Não,Não,Não,Não,Não,Não,Não,Não,Sim,Sim,Sim,Não,Sim,Não,Sim,Não,Sim,Secretaria municipal de assistência social,Sim,Sim,Não,Sim,Sim,Sim,Não,Sim,Sim,Não,Sim,Sim,Não,Não,-,Sim,Não,Não,Não,Não,Não,Sim,1,Não,Sim,1,Não,-,Não,Sim,1,Sim,Sim,Não,Não,Não,Não,Não,Não,Não,Não,Não,Não,Não,Não,Não,Não,Não,Não,Não,Não,Sim,Não,Não,Não,Não,Não,Não,-,Sim,Sim,Sim,Não,Sim
1507201,PA,15,São Domingos do Capim,30599,4 - 20001 até 50000,1 - Norte,Secretaria municipal exclusiva,Feminino,34,Parda,Sim,Especialização,Pedagogia,Não,Sim,Não,Não,Sim,Não,Não,Não,Sim,Não,Sim,Sim,Não,Sim,Sim,Sim,Sim,Sim,Sim,Sim,Sim,Não,Sim,2022,-,Não foi atualizado,Sim,Sim,Sim,Não,Não,Sim,750,2001,Ativo,Paritário,10,14,-,-,Sim,Sim,Sim,Não,Não,Não,Não,Não,Não,Não,Não,Sim,Sim,Sim,Não,Não,Sim,Não,Sim,Sim,Secretaria municipal de assistência social,Sim,Não,Não,Sim,Sim,Não,Sim,Não,Sim,Não,Não,Sim,Sim,Não,-,Não,Não,Não,Não,Não,Não,Sim,1,Não,Sim,1,Não,-,Não,Não,-,Não,Não,Não,Não,Não,Não,Não,Não,Não,Não,Não,Não,Sim,Não,Não,Sim,Não,Não,Sim,Não,Não,Sim,Não,Sim,Não,Não,Sim,-,Sim,Sim,Sim,Sim,Sim
1507300,PA,15,São Félix do Xingu,65418,5 - 50001 até 100000,1 - Norte,Secretaria municipal em conjunto com outras políticas setoriais,Feminino,58,Branca,Não,Especialização,Direito,Não,Sim,Sim,Sim,Não,Sim,Não,Não,Não,Não,Não,Não,Não,Sim,Sim,Sim,Sim,Sim,Sim,Sim,Sim,Não,Sim,2021,2021,-,Sim,Sim,Sim,Sim,Não,Sim,10,1996,Ativo,Paritário,16,14,Não,Sim,-,Sim,Sim,Sim,Sim,Sim,Não,Sim,Sim,Não,Sim,Sim,Sim,Sim,Sim,Sim,Não,Sim,Sim,Sim,Secretaria municipal de assistência social,Sim,Sim,Não,Sim,Sim,Não,Sim,Sim,Sim,Não,Sim,Sim,Sim,Não,-,Sim,Não,Sim,Não,Não,Não,Sim,1,Não,Sim,1,Não,-,Não,Não,-,Sim,Não,Não,Não,Não,Não,Sim,Não,Sim,Não,Não,Não,Não,Sim,Não,Não,Sim,Não,Não,Não,Não,Não,Não,Não,Não,Não,Não,-,Sim,Sim,Sim,Sim,Sim
1507409,PA,15,São Francisco do Pará,14894,3 - 10001 até 20000,1 - Norte,Secretaria municipal exclusiva,Feminino,54,Parda,Sim,Ensino médio (2º Grau) completo,-,Não,Não,Não,Não,Não,Não,Não,Não,Não,Não,Não,Não,Sim,Sim,Sim,Não,Não,Não,Não,Não,Não,Sim,Sim,2022,2023,-,Sim,Sim,Sim,Sim,Não,Sim,133,1996,Ativo,Paritário,20,28,-,-,Sim,Sim,Sim,Sim,Sim,Sim,Não,Não,Sim,Não,Sim,Sim,Sim,Sim,Não,Sim,Sim,Não,Não,Sim,Secretaria municipal de assistência social,Sim,Sim,Sim,Sim,Sim,Sim,Sim,Sim,Sim,Sim,Sim,Sim,Sim,Não,-,Não,Não,Não,Não,Não,Não,Sim,2,Não,Sim,1,Não,-,Não,Não,-,Não,Não,Não,Não,Não,Não,Não,Não,Não,Não,Não,Não,Não,Não,Não,Não,Não,Não,Não,Não,Sim,Não,Não,Não,Não,Não,Não,-,Sim,Sim,Sim,Não,Sim
1507458,PA,15,São Geraldo do Araguaia,24255,4 - 20001 até 50000,1 - Norte,Secretaria municipal exclusiva,Feminino,40,Parda,Sim,Ensino superior completo,Pedagogia,Não,Sim,Não,Não,Sim,Não,Não,Não,Sim,Sim,Não,Não,Não,Sim,Sim,Sim,Não,Não,Não,Não,Não,Não,Sim,2021,2022,-,Sim,Sim,Sim,Não,Não,Sim,123,1996,Ativo,Paritário,12,16,Não,Sim,-,Sim,Sim,Sim,Sim,Sim,Não,Não,Sim,Sim,Sim,Sim,Não,Sim,Não,Não,Sim,Sim,Sim,Sim,Secretaria municipal de assistência social,Sim,Sim,Sim,Sim,Sim,Não,Sim,Sim,Sim,Sim,Sim,Sim,Não,Não,-,Sim,Não,Não,Não,Não,Não,Sim,1,Sim,Sim,1,Não,-,Não,Não,-,Não,Não,Sim,Não,Não,Não,Não,Não,Não,Não,Não,Não,Não,Sim,Sim,Não,Sim,Não,Não,Sim,Sim,Não,Sim,Sim,Sim,Não,Não,-,Sim,Sim,Sim,Sim,Sim
1507466,PA,15,São João da Ponta,4430,1 - Até 5000,1 - Norte,Secretaria municipal exclusiva,Feminino,30,Parda,Sim,Ensino médio (2º Grau) completo,-,Sim,Sim,Sim,Sim,Sim,Não,Não,Não,Sim,Sim,Sim,Não,Não,Sim,Sim,Sim,Sim,Não,Sim,Sim,Sim,Não,Sim,2013,2021,-,Sim,Sim,Sim,Sim,Não,Sim,156,2019,Ativo,Paritário,10,16,Não,Sim,-,Sim,Sim,Sim,Sim,Sim,Não,Não,Sim,Não,Sim,Sim,Sim,Sim,Não,Sim,Não,Não,Sim,Sim,Secretaria municipal de assistência social,Sim,Sim,Não,Sim,Sim,Sim,Sim,Não,Sim,Não,Não,Sim,Sim,Não,-,Não,Não,Não,Não,Não,Não,Sim,1,Sim,Sim,1,Não,-,Não,Não,-,Não,Não,Não,Não,Não,Não,Não,Não,Não,Não,Não,Não,Não,Não,Não,Não,Não,Não,Não,Não,Sim,Não,Não,Não,Não,Não,Não,-,Sim,Sim,Sim,Não,Sim
1507474,PA,15,São João de Pirabas,20689,4 - 20001 até 50000,1 - Norte,Secretaria municipal em conjunto com outras políticas setoriais,Feminino,54,Parda,Sim,Ensino superior completo,Sociologia,Sim,Sim,Sim,Sim,Não,Não,Sim,Não,Não,Não,Sim,Não,Não,Sim,Sim,Sim,Sim,Sim,Não,Sim,Não,Não,Sim,2023,-,Não foi atualizado,Não,Sim,Sim,Não,Não,Sim,498,1993,Ativo,Paritário,10,12,Não,Sim,-,Sim,Não,Não,Não,Não,Não,Não,Sim,Não,Sim,Sim,Sim,Sim,Não,Sim,Sim,Sim,Sim,Sim,Outra estrutura da administração,Sim,Sim,Sim,Sim,Sim,Não,Sim,Sim,Sim,Não,Não,Sim,Sim,Não,-,Sim,Não,Não,Não,Não,Não,Sim,1,Sim,Sim,1,Não,-,Não,Sim,1,Sim,Não,Não,Não,Não,Não,Não,Não,Não,Não,Não,Não,Não,Não,Não,Não,Não,Não,Não,Não,Sim,Não,Sim,Sim,Não,Não,Sim,-,Sim,Sim,Sim,Sim,Sim
1507508,PA,15,São João do Araguaia,13664,3 - 10001 até 20000,1 - Norte,Secretaria municipal em conjunto com outras políticas setoriais,Feminino,43,Preta,Sim,Ensino superior completo,Direito,Não,Sim,Sim,Não,Não,Não,Não,Não,Não,Não,Não,Não,Não,Sim,Sim,Sim,Sim,Sim,Sim,Sim,Sim,Não,Sim,2017,2022,-,Sim,Não,-,-,-,Sim,1914,1996,Ativo,Paritário,18,20,Não,Sim,-,Sim,Sim,Sim,Sim,Sim,Não,Não,Sim,Sim,Sim,Sim,Sim,Sim,Sim,Sim,Sim,Sim,Sim,Sim,Secretaria municipal de assistência social,Sim,Sim,Sim,Não,Não,Não,Sim,Sim,Sim,Não,Sim,Não,Não,Não,-,Sim,Não,Não,Não,Não,Não,Sim,1,Não,Sim,1,Não,-,Não,Sim,1,Não,Não,Não,Não,Não,Não,Não,Não,Não,Não,Não,Não,Não,Não,Não,Não,Sim,Não,Não,Sim,Sim,Não,Sim,Sim,Não,Não,Não,-,Sim,Sim,Sim,Sim,Sim
1507607,PA,15,São Miguel do Guamá,52894,5 - 50001 até 100000,1 - Norte,Secretaria municipal exclusiva,Feminino,32,Branca,Sim,Ensino superior completo,Assistência social,Sim,Sim,Sim,Sim,Sim,Sim,Não,Não,Sim,Sim,Sim,Não,Não,Sim,Sim,Sim,Sim,Sim,Sim,Sim,Sim,Não,Sim,2021,-,Não foi atualizado,Sim,Sim,Sim,Sim,Não,Sim,356,2018,Ativo,Paritário,15,20,Sim,Não,-,Sim,Sim,Sim,Sim,Sim,Sim,Não,Sim,Sim,Sim,Sim,Sim,Sim,Sim,Sim,Sim,Sim,Sim,Sim,Secretaria municipal de assistência social,Sim,Sim,Sim,Sim,Sim,Não,Sim,Não,Sim,Não,Não,Sim,Não,Não,-,Sim,Não,Não,Não,Não,Não,Sim,2,Não,Sim,1,Não,-,Não,Não,-,Sim,Não,Não,Não,Não,Não,Não,Não,Não,Não,Não,Não,Sim,Não,Não,Sim,Sim,Não,Sim,Não,Sim,Não,Não,Não,Não,Não,Não,-,Sim,Sim,Sim,Sim,Sim
1507706,PA,15,São Sebastião da Boa Vista,25643,4 - 20001 até 50000,1 - Norte,Secretaria municipal exclusiva,Masculino,30,Parda,Sim,Ensino superior completo,Outra,Não,Sim,Não,Não,Não,Não,Não,Não,Sim,Não,Sim,Sim,Não,Sim,Sim,Sim,Sim,Não,Não,Sim,Não,Não,Sim,2022,-,Não foi atualizado,Sim,Sim,Sim,Não,Não,Sim,4,1997,Ativo,Paritário,12,20,-,-,Sim,Sim,Não,Sim,Sim,Sim,Não,Não,Sim,Não,Não,Sim,Sim,Sim,Sim,Sim,Sim,Não,Não,Sim,Secretaria municipal de assistência social,Sim,Sim,Sim,Sim,Sim,Sim,Sim,Não,Sim,Não,Não,Sim,Não,Não,-,Não,Não,Não,Não,Não,Não,Sim,2,Sim,Sim,1,Não,-,Não,Não,-,Não,Não,Não,Não,Não,Não,Não,Não,Não,Não,Não,Não,Não,-,-,-,-,-,-,-,-,-,-,-,-,-,-,Sim,Sim,Sim,Sim,Sim,Sim
1507755,PA,15,Sapucaia,5847,2 - 5001 até 10000,1 - Norte,Secretaria municipal exclusiva,Feminino,30,Parda,Sim,Especialização,Pedagogia,Não,Sim,Sim,Não,Sim,Não,Não,Não,Não,Não,Não,Sim,Não,Sim,Sim,Sim,Sim,Sim,Sim,Sim,Sim,Sim,Sim,2021,-,Não foi atualizado,Sim,Não,-,-,-,Sim,14,1997,Ativo,Paritário,20,20,Não,Sim,-,Sim,Sim,Sim,Sim,Sim,Não,Não,Não,Não,Não,Sim,Sim,Sim,Sim,Sim,Sim,Sim,Sim,Sim,Gabinete do prefeito,Sim,Sim,Não,Sim,Sim,Sim,Sim,Sim,Sim,Não,Não,Sim,Não,Não,-,Não,Não,Não,Não,Não,Não,Sim,1,Sim,Não,-,Não,-,Não,Não,-,Não,Não,Não,Não,Não,Não,Não,Não,Sim,Não,Não,Não,Não,Não,Não,Não,Não,Não,Não,Sim,Sim,Sim,Sim,Sim,Não,Não,Não,-,Sim,Sim,Sim,Sim,Sim
1507805,PA,15,Senador José Porfírio,22576,4 - 20001 até 50000,1 - Norte,Secretaria municipal em conjunto com outras políticas setoriais,Feminino,38,Parda,Sim,Ensino médio (2º Grau) completo,-,Sim,Sim,Sim,Não,Sim,Não,Não,Não,Não,Não,Sim,Não,Não,Sim,Sim,Sim,Não,Não,Não,Sim,Sim,Não,Sim,2018,2022,-,Sim,Sim,Sim,Não,Não,Sim,205,2016,Ativo,Paritário,5,16,Não,Sim,-,Sim,Sim,Sim,Sim,Sim,Não,Não,Sim,Sim,Sim,Sim,Sim,Sim,Não,Sim,Sim,Sim,Não,Sim,Secretaria municipal de assistência social,Sim,Sim,Não,Sim,Sim,Não,Sim,Não,Sim,Não,Sim,Sim,Não,Não,-,Não,Não,Não,Não,Não,Não,Sim,1,Sim,Sim,1,Não,-,Não,Não,-,Não,Não,Não,Não,Não,Não,Não,Não,Não,Não,Não,Não,Sim,Sim,Não,Não,Sim,Não,Não,Não,Sim,Não,Sim,Não,Não,Sim,Não,-,Sim,Sim,Não,Não,Sim
1507904,PA,15,Soure,24204,4 - 20001 até 50000,1 - Norte,Secretaria municipal exclusiva,Feminino,39,Branca,Não,Especialização,Administração,Sim,Sim,Sim,Não,Sim,Não,Não,Sim,Não,Sim,Não,Sim,Não,Sim,Sim,Sim,Sim,Sim,Sim,Sim,Sim,Sim,Sim,1999,2023,-,Sim,Sim,Não,Sim,Não,Sim,124,1997,Ativo,Paritário,9,20,Sim,Não,-,Sim,Sim,Sim,Sim,Sim,Sim,Não,Sim,Não,Sim,Sim,Sim,Sim,Sim,Sim,Sim,Sim,Sim,Sim,Secretaria municipal de assistência social,Sim,Sim,Sim,Sim,Sim,Sim,Sim,Sim,Sim,Não,Sim,Sim,Sim,Sim,Não,Sim,Sim,Sim,Sim,Sim,Não,Sim,1,Não,Sim,1,Não,-,Não,Não,-,Não,Não,Não,Não,Não,Não,Não,Não,Não,Não,Não,Não,Sim,Não,Não,Não,Sim,Não,Sim,Sim,Sim,Não,Sim,Sim,Não,Não,Não,-,Sim,Sim,Sim,Sim,Sim
1507953,PA,15,Tailândia,72493,5 - 50001 até 100000,1 - Norte,Secretaria municipal exclusiva,Feminino,50,Preta,Sim,Especialização,Pedagogia,Sim,Sim,Sim,Sim,Não,Não,Não,Não,Sim,Sim,Sim,Não,Não,Sim,Sim,Não,Sim,Sim,Não,Sim,Não,Não,Sim,2022,-,Não foi atualizado,Sim,Não,-,-,-,Sim,69,1998,Ativo,Paritário,8,18,Não,Sim,-,Sim,Sim,Sim,Não,Sim,Não,Não,Sim,Sim,Não,Sim,Não,Sim,Não,Sim,Não,Sim,Não,Sim,Secretaria municipal de assistência social,Sim,Sim,Sim,Sim,Sim,Não,Sim,Não,Sim,Não,Não,Sim,Não,Sim,Sim,Sim,Não,Não,Não,Não,Não,Sim,1,Não,Sim,1,Não,-,Não,Não,-,Sim,Não,Não,Não,Não,Não,Não,Não,Não,Não,Não,Não,Sim,Não,Não,Não,Não,Não,Não,Não,Sim,Não,Não,Não,Não,Não,Não,-,Sim,Sim,Sim,Sim,Sim
1507961,PA,15,Terra Alta,10400,3 - 10001 até 20000,1 - Norte,Secretaria municipal exclusiva,Feminino,47,Parda,Sim,Ensino superior completo,Pedagogia,Sim,Sim,Sim,Sim,Sim,Não,Não,Não,Sim,Sim,Sim,Sim,Não,Sim,Sim,Sim,Não,Sim,Não,Sim,Não,Sim,Sim,2017,2022,-,Sim,Sim,Sim,Não,Não,Sim,3,1997,Ativo,Paritário,12,16,Sim,Não,-,Sim,Sim,Sim,Não,Sim,Não,Não,Não,Não,Não,Sim,Sim,Sim,Sim,Sim,Sim,Não,Não,Sim,Secretaria municipal de assistência social,Sim,Sim,Não,Sim,Sim,Sim,Sim,Não,Sim,Não,Sim,Sim,Não,Não,-,Não,Não,Não,Não,Não,Não,Sim,1,Não,Não,-,Não,-,Não,Não,-,Não,Não,Não,Não,Não,Não,Não,Não,Não,Não,Não,Não,Não,-,-,-,-,-,-,-,-,-,-,-,-,-,-,Sim,Sim,Sim,Sim,Sim,Sim
1507979,PA,15,Terra Santa,18782,3 - 10001 até 20000,1 - Norte,Secretaria municipal exclusiva,Feminino,45,Branca,Sim,Especialização,Outra,Sim,Sim,Sim,Sim,Sim,Não,Sim,Não,Não,Sim,Não,Não,Não,Sim,Sim,Sim,Não,Não,Não,Sim,Sim,Sim,Sim,2021,2022,-,Sim,Sim,Sim,Sim,Não,Sim,49,1997,Ativo,Tem maior representação da sociedade civil,7,28,Não,Sim,-,Não,-,-,-,-,-,-,-,-,-,Sim,Sim,Sim,Sim,Sim,Sim,Sim,Sim,Sim,Secretaria municipal de assistência social,Sim,Sim,Sim,Sim,Sim,Sim,Sim,Sim,Sim,Não,Não,Sim,Não,Sim,Sim,Não,Não,Sim,Não,Não,Não,Sim,1,Não,Sim,1,Não,-,Não,Não,-,Não,Não,Não,Não,Não,Não,Não,Não,Sim,Não,Não,Não,Sim,Não,Não,Não,Sim,Não,Não,Não,Não,Não,Não,Não,Não,Não,Não,-,Sim,Sim,Sim,Sim,Sim
1508001,PA,15,Tomé-Açu,67585,5 - 50001 até 100000,1 - Norte,Secretaria municipal em conjunto com outras políticas setoriais,Feminino,57,Preta,Sim,Ensino superior incompleto,-,Não,Sim,Sim,Sim,Não,Não,Não,Não,Não,Não,Sim,Não,Não,Sim,Sim,Não,Não,Sim,Sim,Sim,Sim,Não,Sim,2021,2023,-,Sim,Sim,Sim,Sim,Não,Sim,2197,2022,Ativo,Paritário,12,20,Não,Sim,-,Sim,Sim,Sim,Sim,Sim,Não,Não,Não,Não,Não,Sim,Sim,Não,Não,Não,Sim,Não,Sim,Sim,Secretaria municipal de assistência social,Sim,Sim,Não,Sim,Sim,Sim,Sim,Não,Sim,Não,Não,Sim,Não,Não,-,Não,Não,Não,Não,Não,Não,Sim,1,Não,Sim,1,Não,-,Não,Não,-,Sim,Não,Sim,Sim,Não,Não,Não,Não,Sim,Não,Não,Não,Não,Sim,Não,Sim,Sim,Não,Não,Não,Não,Sim,Não,Sim,Não,Não,Não,-,Sim,Sim,Sim,Sim,Não
1508035,PA,15,Tracuateua,28595,4 - 20001 até 50000,1 - Norte,Secretaria municipal exclusiva,Feminino,56,Parda,Não,Especialização,Assistência social,Sim,Sim,Não,Não,Não,Não,Não,Sim,Não,Não,Sim,Não,Não,Sim,Sim,Sim,Sim,Sim,Não,Sim,Não,Não,Sim,2022,-,Não foi atualizado,Sim,Sim,Sim,Sim,Não,Sim,396,2016,Ativo,Paritário,25,24,Sim,Não,-,Sim,Sim,Sim,Sim,Sim,Não,Não,Não,Não,Não,Sim,Sim,Sim,Sim,Sim,Sim,Sim,Não,Sim,Secretaria municipal de assistência social,Sim,Sim,Sim,Sim,Não,Não,Sim,Sim,Sim,Sim,Sim,Sim,Sim,Não,-,Não,Não,Não,Não,Não,Não,Sim,1,Não,Sim,1,Não,-,Não,Não,-,Não,Não,Não,Não,Não,Não,Não,Não,Não,Não,Não,Não,Não,Não,Não,Sim,Não,Não,Não,Sim,Sim,Não,Sim,Não,Não,Não,Não,-,Sim,Sim,Sim,Sim,Sim
1508050,PA,15,Trairão,15242,3 - 10001 até 20000,1 - Norte,Secretaria municipal exclusiva,Feminino,51,Preta,Sim,Ensino superior completo,Assistência social,Sim,Não,Não,Não,Não,Não,Não,Não,Não,Não,Sim,Não,Não,Sim,Sim,Sim,Sim,Não,Não,Sim,Sim,Não,Não,-,-,-,-,-,-,-,-,Sim,63,1999,Ativo,Paritário,5,20,Não,Sim,-,Sim,Não,Sim,Sim,Sim,Não,Não,Não,Não,Sim,Sim,Sim,Sim,Sim,Sim,Sim,Não,Não,Sim,Secretaria municipal de assistência social,Sim,Sim,Sim,Sim,Sim,Sim,Sim,Não,Não,Não,Sim,Sim,Não,Não,-,Não,Não,Não,Não,Não,Não,Sim,1,Sim,Não,-,Não,-,Não,Não,-,Não,Não,Não,Não,Não,Não,Não,Não,Não,Não,Não,Não,Sim,Sim,Não,Não,Sim,Não,Não,Não,Sim,Sim,Não,Não,Sim,Não,Não,-,Sim,Sim,Sim,Não,Sim
1508084,PA,15,Tucumã,39550,4 - 20001 até 50000,1 - Norte,Secretaria municipal exclusiva,Feminino,48,Branca,Não,Especialização,Direito,Sim,Sim,Sim,Sim,Sim,Não,Não,Não,Sim,Não,Sim,Sim,Não,Sim,Sim,Sim,Sim,Sim,Sim,Sim,Não,Não,Sim,2021,-,Não foi atualizado,Sim,Não,-,-,-,Sim,592,2018,Ativo,Paritário,9,24,Sim,Não,-,Sim,Sim,Sim,Sim,Sim,Não,Não,Sim,Sim,Sim,Sim,Sim,Sim,Sim,Sim,Sim,Sim,Sim,Sim,Secretaria municipal de assistência social,Sim,Sim,Sim,Sim,Sim,Sim,Sim,Sim,Sim,Sim,Sim,Sim,Sim,Sim,Sim,Sim,Não,Não,Não,Não,Não,Sim,1,Sim,Sim,1,Não,-,Não,Não,-,Sim,Não,Não,Não,Não,Não,Não,Não,Não,Não,Não,Não,Não,Não,Não,Não,Não,Não,Não,Não,Sim,Sim,Não,Não,Não,Não,Não,-,Sim,Sim,Sim,Sim,Sim
1508100,PA,15,Tucuruí,91306,5 - 50001 até 100000,1 - Norte,Secretaria municipal exclusiva,Feminino,27,Parda,Sim,Ensino superior completo,Assistência social,Sim,Sim,Sim,Sim,Sim,Não,Sim,Sim,Não,Sim,Sim,Não,Não,Sim,Sim,Sim,Sim,Sim,Não,Sim,Não,Não,Sim,2022,-,Não foi atualizado,Sim,Sim,Sim,Não,Não,Sim,4015,1996,Ativo,Paritário,11,20,-,-,Sim,Sim,Sim,Sim,Sim,Sim,Não,Sim,Sim,Sim,Sim,Sim,Sim,Sim,Sim,Sim,Não,Sim,Não,Sim,Secretaria municipal de assistência social,Sim,Sim,Sim,Sim,Sim,Sim,Sim,Sim,Sim,Sim,Sim,Sim,Sim,Não,-,Sim,Não,Sim,Não,Não,Não,Sim,3,Não,Sim,1,Não,-,Não,Não,-,Sim,Não,Não,Não,Não,Não,Não,Não,Sim,Não,Não,Não,Sim,Sim,Não,Não,Sim,Não,Sim,Sim,Sim,Sim,Sim,Não,Não,Sim,Não,-,Sim,Sim,Sim,Sim,Sim
1508126,PA,15,Ulianópolis,37972,4 - 20001 até 50000,1 - Norte,Secretaria municipal exclusiva,Feminino,34,Parda,Não,Ensino superior completo,Ciências Contábeis,Sim,Sim,Sim,Sim,Sim,Não,Não,Não,Sim,Sim,Sim,Sim,Não,Sim,Sim,Sim,Não,Sim,Sim,Sim,Sim,Não,Sim,2021,-,Não foi atualizado,Sim,Sim,Sim,Sim,Não,Sim,383,2017,Ativo,Paritário,15,16,Sim,Não,-,Sim,Sim,Sim,Sim,Sim,Não,Sim,Sim,Sim,Sim,Sim,Sim,Sim,Sim,Sim,Sim,Não,Sim,Sim,Secretaria municipal de assistência social,Sim,Sim,Sim,Sim,Sim,Não,Sim,Não,Sim,Sim,Não,Sim,Sim,Sim,Sim,Sim,Não,Não,Não,Não,Não,Sim,1,Não,Sim,1,Não,-,Não,Não,-,Sim,Não,Não,Não,Não,Não,Não,Não,Não,Não,Não,Sim,Sim,Sim,Sim,Sim,Sim,Não,Não,Sim,Sim,Sim,Sim,Sim,Não,Não,Sim,-,Sim,Sim,Sim,Sim,Sim
1508159,PA,15,Uruará,43558,4 - 20001 até 50000,1 - Norte,Secretaria municipal exclusiva,Feminino,42,Parda,Não,Ensino superior completo,Medicina,Sim,Sim,Sim,Sim,Sim,Não,Não,Não,Sim,Sim,Sim,Não,Não,Sim,Sim,Sim,Sim,Sim,Sim,Sim,Não,Não,Sim,2022,-,Não foi atualizado,Sim,Não,-,-,-,Sim,571,2021,Ativo,Paritário,12,20,Não,Sim,-,Sim,Sim,Sim,Sim,Sim,Não,Não,Sim,Sim,Não,Sim,Sim,Sim,Sim,Sim,Sim,Sim,Sim,Sim,Secretaria municipal de assistência social,Sim,Sim,Não,Sim,Sim,Não,Sim,Não,Sim,Não,Não,Sim,Sim,Não,-,Sim,Não,Não,Não,Não,Não,Sim,1,Sim,Sim,1,Não,-,Não,Não,-,Sim,Não,Não,Não,Não,Não,Não,Não,Não,Não,Não,Não,Não,Não,Não,Não,Não,Não,Sim,Sim,Sim,Não,Não,Não,Não,Não,Não,-,Sim,Sim,Sim,Sim,Sim
1508209,PA,15,Vigia,50832,5 - 50001 até 100000,1 - Norte,Secretaria municipal em conjunto com outras políticas setoriais,Feminino,31,Preta,Sim,Especialização,Assistência social,Sim,Sim,Sim,Não,Não,Não,Não,Não,Sim,Sim,Sim,Não,Não,Sim,Sim,Sim,Sim,Sim,Sim,Não,Não,Não,Sim,2021,2022,-,Sim,Sim,Sim,Sim,Não,Sim,4,2002,Ativo,Paritário,10,12,Não,Sim,-,Sim,Não,Sim,Sim,Sim,Não,Não,Sim,Não,Sim,Sim,Sim,Sim,Não,Não,Não,Não,Não,Sim,Secretaria municipal de assistência social,Sim,Sim,Sim,Sim,Sim,Não,Sim,Sim,Sim,Não,Não,Sim,Não,Não,-,Não,Não,Não,Não,Não,Não,Sim,2,Não,Sim,1,Não,-,Não,Não,-,Não,Não,Não,Não,Não,Não,Não,Não,Não,Não,Não,Não,Não,Não,Não,Não,Sim,Não,Não,Sim,Não,Não,Não,Não,Sim,Não,Não,-,Sim,Sim,Sim,Sim,Sim
1508308,PA,15,Viseu,58692,5 - 50001 até 100000,1 - Norte,Secretaria municipal exclusiva,Masculino,47,Parda,Sim,Ensino superior incompleto,-,Não,Não,Não,Não,Não,Não,Não,Não,Não,Não,Não,Não,Sim,Sim,Sim,Sim,Não,Não,Sim,Sim,Sim,Não,Sim,2016,2022,-,Sim,Sim,Sim,Sim,Não,Sim,476,2014,Ativo,Paritário,12,20,Não,Sim,-,Sim,Sim,Sim,Sim,Sim,Não,Não,Sim,Não,Sim,Sim,Não,Sim,Não,Sim,Sim,Não,Sim,Sim,Secretaria municipal de assistência social,Sim,Sim,Não,Sim,Não,Não,Sim,Não,Sim,Não,Não,Sim,Não,Não,-,Sim,Não,Não,Não,Não,Não,Sim,2,Sim,Sim,1,Não,-,Não,Não,-,Não,Não,Não,Não,Não,Não,Não,Não,Não,Não,Não,Não,Sim,Não,Não,Sim,Sim,Sim,Sim,Não,Sim,Não,Sim,Não,Não,Não,Não,-,Sim,Sim,Sim,Sim,Sim
1508357,PA,15,Vitória do Xingu,15607,3 - 10001 até 20000,1 - Norte,Secretaria municipal em conjunto com outras políticas setoriais,Feminino,45,Branca,Sim,Especialização,Pedagogia,Não,Sim,Sim,Não,Não,Sim,Sim,Sim,Não,Sim,Sim,Não,Não,Sim,Sim,Sim,Sim,Sim,Sim,Sim,Sim,Não,Sim,2022,2023,-,Sim,Sim,Sim,Sim,Não,Sim,54,1999,Ativo,Paritário,12,16,Sim,Não,-,Sim,Sim,Sim,Sim,Sim,Não,Sim,Sim,Sim,Sim,Sim,Sim,Sim,Sim,Sim,Sim,Não,Sim,Sim,Secretaria municipal de assistência social,Sim,Sim,Sim,Sim,Sim,Sim,Sim,Sim,Sim,Sim,Sim,Sim,Sim,Sim,Sim,Sim,Não,Não,Sim,Não,Não,Sim,1,Sim,Sim,1,Não,-,Não,Não,-,Sim,Não,Não,Não,Não,Não,Não,Não,Não,Não,Não,Não,Não,Sim,Sim,Não,Sim,Não,Sim,Sim,Sim,Sim,Sim,Não,Sim,Sim,Sim,-,Sim,Sim,Sim,Sim,Sim
1508407,PA,15,Xinguara,52893,5 - 50001 até 100000,1 - Norte,Secretaria municipal exclusiva,Feminino,Não soube informar,Parda,Sim,Ensino superior completo,Ciências Contábeis,Não,Sim,Sim,Sim,Não,Não,Não,Não,Sim,Não,Não,Não,Não,Sim,Sim,Sim,Não,Não,Não,Não,Não,Não,Sim,2011,2022,-,Sim,Sim,Sim,Sim,Não,Sim,381,1997,Ativo,Paritário,31,16,Não,Sim,-,Sim,Sim,Sim,Sim,Sim,Não,Sim,Sim,Sim,Sim,Sim,Sim,Sim,Sim,Sim,Sim,Sim,Sim,Sim,Secretaria municipal de assistência social,Sim,Sim,Não,Sim,Sim,Não,Sim,Não,Sim,Sim,Não,Sim,Sim,Não,-,Sim,Não,Sim,Não,Não,Não,Sim,1,Sim,Sim,1,Não,-,Não,Não,-,Sim,Não,Não,Não,Não,Não,Não,Não,Sim,Não,Não,Não,Não,Não,Não,Não,Sim,Não,Não,Sim,Sim,Sim,Sim,Não,Não,Não,Sim,-,Sim,Sim,Sim,Sim,Sim
