Cod Munic,Uf,Cod Uf,Desc Mun,PopMun,Faixa_pop,Regiao,MDHU01,MDHU021,MDHU022,MDHU023,MDHU024,MDHU025,MDHU026,MDHU04,MDHU05,MDHU06,MDHU061,MDHU07,MDHU081,MDHU082,MDHU083,MDHU084,MDHU085,MDHU086,MDHU087,MDHU088,MDHU089,MDHU0810,MDHU0811,MDHU0812,MDHU0813,MDHU091,MDHU092,MDHU093,MDHU094,MDHU095,MDHU096,MDHU101,MDHU1011a,MDHU1011b,MDHU102,MDHU1021a,MDHU1021b,MDHU103,MDHU1031a,MDHU1031b,MDHU104,MDHU1041a,MDHU1041b,MDHU105,MDHU1051a,MDHU1051b,MDHU106,MDHU1061a,MDHU1061b,MDHU107,MDHU1071a,MDHU1071b,MDHU108,MDHU1081a,MDHU1081b,MDHU109,MDHU1091a,MDHU1091b,MDHU1010,MDHU10101a,MDHU10101b,MDHU1011,MDHU10111a,MDHU10111b,MDH1012,MDHU10121a,MDHU10121b,MDHU1013,MDHU10131a,MDHU10131b,MDHU1014,MDHU10141a,MDHU10141b,MDHU1015,MDHU10151a,MDHU10151b,MDHU1016,MDHU10161a,MDHU10161b,MDHU1017,MDHU11,MDHU111,MDHU112a,MDHU112b,MDHU113,MDHU12,MDHU121a,MDHU121b,MDHU121c,MDHU122,MDHU131,MDHU132,MDHU133,MDHU134,MDHU14,MDHU15,MDHU161,MDHU162,MDHU163,MDHU17,MDHU1711,MDHU1712,MDHU1713,MDHU1714,MDHU1715,MDHU1716,MDHU1717,MDHU1718,MDHU1719,MDHU18,MDHU181a,MDHU181b,MDHU181c,MDHU182,MDHU191,MDHU192,MDHU193,MDHU194,MDHU20,MDHU21,MDHU221,MDHU222,MDHU223,MDHU23,MDHU2311,MDHU2312,MDHU2313,MDHU2314,MDHU2315,MDHU2316,MDHU2317,MDHU2318,MDHU2319,MDHU24,MDHU241a,MDHU241b,MDHU241c,MDHU242,MDHU251,MDHU252,MDHU253,MDHU254,MDHU26,MDHU27,MDHU281,MDHU282,MDHU283,MDHU29,MDHU2911,MDHU2912,MDHU2913,MDHU2914,MDHU2915,MDHU2916,MDHU2917,MDHU2918,MDHU2919,MDHU30,MDHU301a,MDHU301b,MDHU301c,MDHU302,MDHU311,MDHU312,MDHU313,MDHU314,MDHU32,MDHU33,MDHU341,MDHU342,MDHU343,MDHU35,MDHU3511,MDHU3512,MDHU3513,MDHU3514,MDHU3515,MDHU3516,MDHU3517,MDHU3518,MDHU3519,MDHU36,MDHU361a,MDHU361b,MDHU361c,MDHU362,MDHU371,MDHU372,MDHU373,MDHU374,MDHU38,MDHU39,MDHU401,MDHU402,MDHU403,MDHU41,MDHU4111,MDHU4112,MDHU4113,MDHU4114,MDHU4115,MDHU4116,MDHU4117,MDHU4118,MDHU4119,MDHU42,MDHU421a,MDHU421b,MDHU421c,MDHU422,MDHU431,MDHU432,MDHU433,MDHU434,MDHU44,MDHU45,MDHU461,MDHU462,MDHU463,MDHU47,MDHU4711,MDHU4712,MDHU4713,MDHU4714,MDHU4715,MDHU4716,MDHU4717,MDHU4718,MDHU4719,MDHU48,MDHU481a,MDHU481b,MDHU481c,MDHU482,MDHU491,MDHU492,MDHU493,MDHU494,MDHU50,MDHU51,MDHU521,MDHU522,MDHU523,MDHU53,MDHU5311,MDHU5312,MDHU5313,MDHU5314,MDHU5315,MDHU5316,MDHU5317,MDHU5318,MDHU5319,MDHU541,MDHU5411a,MDHU5411b,MDHU5412,MDHU542,MDHU5421a,MDHU5421b,MDHU5422,MDHU543,MDHU5431a,MDHU5431b,MDHU5432,MDHU544,MDHU5441a,MDHU5441b,MDHU5442,MDHU545,MDHU5451a,MDHU5451b,MDHU5452,MDHU546,MDHU5461a,MDHU5461b,MDHU5462,MDHU547,MDHU5471a,MDHU5471b,MDHU5472,MDHU548,MDHU5481a,MDHU5481b,MDHU5482,MDHU549,MDHU5491a,MDHU5491b,MDHU5492,MDHU5410,MDHU54101a,MDHU54101b,MDHU54102,MDHU5411,MDHU551,MDHU552,MDHU553,MDHU554,MDHU555,MDHU556,MDHU557,MDHU558,MDHU559,MDHU5510,MDHU5511,MDHU561,MDHU562,MDHU563,MDHU564,MDHU565,MDHU566,MDHU571,MDHU572,MDHU573,MDHU574,MDHU575,MDHU576,MDHU577,MDHU578,MDHU579,MDHU5710,MDHU5711,MDHU5712,MDHU5713,MDHU5714,MDHU5715,MDHU5716,MDHU58,MDHU591,MDHU592,MDHU593,MDHU594,MDHU595,MDHU596,MDHU597,MDHU598,MDHU599,MDHU5910,MDHU5911,MDHU5912,MDHU5913,MDHU601,MDHU602,MDHU603,MDHU604,MDHU605,MDHU606,MDHU607,MDHU608,MDHU609,MDHU6010,MDHU61,MDHU611a,MDHU611b,MDHU612,MDHU621,MDHU622,MDHU623,MDHU624,MDHU625,MDHU626,MDHU627,MDHU628,MDHU629,MDHU6210,MDHU6211,MDHU631,MDHU632,MDHU633,MDHU64,MDHU651,MDHU652,MDHU653,MDHU654,MDHU655,MDHU656,MDHU657,MDHU658,MDHU659,MDHU6510,MDHU661,MDHU662,MDHU663,MDHU664,MDHU665,MDHU666,MDHU667,MDHU668,MDHU669,MDHU6610,MDHU6611,MDHU6612,MDHU6613,MDHU6614,MDHU6615,MDHU6616,MDHU6617,MDHU6618,MDHU6619,MDHU67,MDHU681,MDHU682,MDHU683,MDHU684,MDHU685,MDHU686,MDHU687,MDHU688,MDHU689,MDHU69,MDHU701,MDHU702,MDHU703,MDHU704,MDHU705,MDHU706,MDHU707,MDHU708,MDHU709,MDHU71,MDHU72,MDHU731,MDHU732,MDHU733,MDHU734,MDHU735,MDHU736,MDHU737,MDHU738,MDHU741,MDHU742,MDHU743,MDHU744,MDHU745,MDHU746,MDHU747
1500107,PA,15,Abaetetuba,158188,6 - 100001 até 500000,1 - Norte,Não possui estrutura,-,-,-,-,-,-,-,-,-,-,-,-,-,-,-,-,-,-,-,-,-,-,-,-,Sim,Sim,Sim,Sim,Sim,Não,Sim,14129,2021,Sim,603,2021,Não,-,-,Sim,665,2023,Sim,665,2023,Sim,635,2022,Não,-,-,Não,-,-,Sim,593,2021,Não,-,-,Não,-,-,Não,-,-,Sim,66,2022,Sim,214,2006,Não,-,-,Sim,159,2023,Não,Não,-,-,-,-,Não,-,-,-,-,-,-,-,-,-,-,-,-,-,-,-,-,-,-,-,-,-,-,-,Sim,14129,2021,Ativo,Paritário,Não,Sim,Não,Não,12,20,Sim,Não,Não,Sim,Sim,Sim,Sim,Sim,Sim,Sim,Sim,Sim,Sim,Sim,214,2006,Ativo,Paritário,Não,Sim,Não,Não,12,16,Sim,Não,Não,Sim,Sim,Sim,Sim,Sim,Sim,Sim,Sim,Sim,Sim,Sim,66,2022,Ativo,Paritário,Não,Sim,Não,Não,12,16,Sim,Não,Não,Sim,Sim,Sim,Sim,Sim,Não,Sim,Sim,Sim,Sim,Não,-,-,-,-,-,-,-,-,-,-,-,-,-,-,-,-,-,-,-,-,-,-,-,Sim,635,2022,Ativo,Paritário,Não,Sim,Não,Não,6,16,Não,Sim,Não,Sim,Sim,Sim,Sim,Sim,Não,Sim,Não,Sim,Não,Não,-,-,-,-,-,-,-,-,-,-,-,-,-,-,-,-,-,-,-,-,-,-,-,Não,-,-,-,Não,-,-,-,Não,-,-,-,Não,-,-,-,Não,-,-,-,Não,-,-,-,Não,-,-,-,Não,-,-,-,Não,-,-,-,Não,-,-,-,Sim,Sim,Sim,Sim,Sim,Sim,Sim,Sim,Não,Sim,Sim,Não,Sim,Sim,Sim,Sim,Sim,Não,Sim,Sim,Sim,Sim,Sim,Sim,Sim,Sim,Sim,Sim,Sim,Sim,Sim,Sim,Sim,Não,Sim,Sim,Sim,Sim,Sim,Sim,Sim,Sim,Sim,Sim,Sim,Sim,Sim,Não,Sim,Sim,Sim,Sim,Sim,Sim,Sim,Sim,Sim,Não,Sim,8069,1990,2,Não,Não,Não,Não,Não,Não,Não,Não,Não,Não,Sim,0,0,0,Sim,Sim,Não,Não,Não,Sim,Não,Sim,Sim,Não,Não,Sim,Não,Não,Sim,Não,Não,Não,Não,Não,Sim,Sim,Não,Não,Não,Não,Não,Não,Não,Não,Sim,Sim,Sim,Sim,Sim,Sim,Sim,Sim,Sim,Não,Sim,Sim,Não,Sim,Não,Sim,Sim,Sim,Sim,Não,Não,Sim,Sim,Não,Não,Não,Sim,Não,Não,Não,Sim,Não,Não,Sim,Não,Sim,Não
1500131,PA,15,Abel Figueiredo,7030,2 - 5001 até 10000,1 - Norte,Setor subordinado a outra secretaria,Não,Não,Não,Não,Não,Sim,Feminino,28,Parda,Sim,Ensino superior completo,Não,Sim,Sim,Sim,Sim,Sim,Sim,Sim,Não,Não,Não,Não,Não,Sim,Sim,Sim,Sim,Não,Não,Sim,199,2015,Não,-,-,Sim,199,2015,Sim,869,1990,Não,-,-,Não,-,-,Não,-,-,Não,-,-,Não,-,-,Não,-,-,Não,-,-,Não,-,-,Não,-,-,Sim,1,2008,Não,-,-,Não,-,-,Não,Não,-,-,-,-,Não,-,-,-,-,-,-,-,-,-,-,-,-,-,-,-,-,-,-,-,-,-,-,-,Sim,199,2015,Ativo,Paritário,Sim,Sim,Sim,Sim,20,20,Não,Sim,Não,Sim,Sim,Sim,Sim,Sim,Sim,Sim,Sim,Sim,Não,Não,-,-,-,-,-,-,-,-,-,-,-,-,-,-,-,-,-,-,-,-,-,-,-,Não,-,-,-,-,-,-,-,-,-,-,-,-,-,-,-,-,-,-,-,-,-,-,-,Não,-,-,-,-,-,-,-,-,-,-,-,-,-,-,-,-,-,-,-,-,-,-,-,Não,-,-,-,-,-,-,-,-,-,-,-,-,-,-,-,-,-,-,-,-,-,-,-,Não,-,-,-,-,-,-,-,-,-,-,-,-,-,-,-,-,-,-,-,-,-,-,-,Não,-,-,-,Não,-,-,-,Não,-,-,-,Não,-,-,-,Não,-,-,-,Não,-,-,-,Não,-,-,-,Não,-,-,-,Não,-,-,-,Não,-,-,-,Sim,Não,Sim,Não,Não,Não,Não,Não,Não,Não,Não,Não,Não,Sim,Não,Não,Não,Não,Sim,Sim,Sim,Não,Sim,Sim,Não,Não,Não,Não,Sim,Não,Não,Não,Não,Não,Sim,Não,Não,Sim,Sim,Sim,Não,Não,Não,Não,Não,Não,Não,Não,Não,Sim,Sim,Sim,Não,Sim,Sim,Sim,Não,Não,Sim,199,2015,1,Sim,Não,Não,Não,Não,Não,Não,Não,Não,Não,Não,0,0,0,Sim,Sim,Sim,Não,Não,Sim,Não,Sim,Não,Não,Não,Sim,Não,Sim,Não,Não,Não,Não,Não,Não,Não,Não,Não,Não,Sim,Não,Não,Não,Não,Não,Sim,Sim,Sim,Sim,Não,Sim,Não,Sim,Não,Não,Sim,Sim,Não,Sim,Não,Não,Sim,Sim,Sim,Não,Não,Não,Não,Não,Sim,Não,Não,Não,Não,Não,Sim,Não,Não,Não,Não,Não,Sim
1500206,PA,15,Acará,59023,5 - 50001 até 100000,1 - Norte,Não possui estrutura,-,-,-,-,-,-,-,-,-,-,-,-,-,-,-,-,-,-,-,-,-,-,-,-,Sim,Não,Não,Não,Não,Não,Não,-,-,Não,-,-,Não,-,-,Não,-,-,Não,-,-,Não,-,-,Não,-,-,Não,-,-,Não,-,-,Não,-,-,Não,-,-,Não,-,-,Não,-,-,Não,-,-,Não,-,-,Não,-,-,Sim,Não,-,-,-,-,Não,-,-,-,-,-,-,-,-,-,-,-,-,-,-,-,-,-,-,-,-,-,-,-,Sim,207,2015,Ativo,Paritário,Sim,Sim,Sim,Sim,12,20,Não,Sim,Não,Sim,Sim,Sim,Sim,Sim,Sim,Sim,Não,Não,Sim,Não,-,-,-,-,-,-,-,-,-,-,-,-,-,-,-,-,-,-,-,-,-,-,-,Não,-,-,-,-,-,-,-,-,-,-,-,-,-,-,-,-,-,-,-,-,-,-,-,Não,-,-,-,-,-,-,-,-,-,-,-,-,-,-,-,-,-,-,-,-,-,-,-,Não,-,-,-,-,-,-,-,-,-,-,-,-,-,-,-,-,-,-,-,-,-,-,-,Não,-,-,-,-,-,-,-,-,-,-,-,-,-,-,-,-,-,-,-,-,-,-,-,Não,-,-,-,Não,-,-,-,Não,-,-,-,Não,-,-,-,Não,-,-,-,Não,-,-,-,Não,-,-,-,Não,-,-,-,Não,-,-,-,Não,-,-,-,Sim,Não,Sim,Não,Não,Não,Não,Não,Não,Não,Não,Não,Não,Sim,Não,Não,Não,Não,Sim,Sim,Não,Não,Não,Não,Sim,Não,Sim,Não,Não,Não,Não,Não,Não,Não,Sim,Sim,Não,Sim,Sim,Não,Não,Sim,Não,Não,Não,Sim,Não,Não,Não,Não,Não,Não,Não,Não,Não,Não,Sim,Não,Sim,207,2015,1,Sim,Não,Não,Não,Não,Não,Não,Não,Não,Não,Não,0,0,0,Não,-,-,-,-,-,-,-,-,-,-,Não,Não,Não,Não,Não,Não,Não,Não,Não,Não,Não,Não,Não,Não,Não,Não,Não,Não,Sim,Não,-,-,-,-,-,-,-,-,-,Não,-,-,-,-,-,-,-,-,-,Não,Não,Não,Não,Não,Não,Não,Não,Não,Sim,Não,Não,Não,Não,Não,Não,Sim
1500305,PA,15,Afuá,37765,4 - 20001 até 50000,1 - Norte,Setor subordinado a outra secretaria,Sim,Sim,Não,Sim,Não,Sim,Feminino,42,Parda,Não,Especialização,Não,Sim,Sim,Sim,Sim,Sim,Não,Sim,Não,Sim,Não,Sim,Não,Sim,Sim,Sim,Sim,Sim,Não,Sim,187,2000,Sim,187,2000,Não,-,-,Sim,371,2000,Não,-,-,Não,-,-,Não,-,-,Não,-,-,Sim,187,2000,Não,-,-,Não,-,-,Não,-,-,Não,-,-,Sim,187,2000,Não,-,-,Não,-,-,Não,Em elaboração,-,-,-,-,Não,-,-,-,-,-,-,-,-,-,-,-,-,-,-,-,-,-,-,-,-,-,-,-,Sim,187,2000,Ativo,Paritário,Sim,Sim,Sim,Sim,12,12,Não,Sim,Não,Sim,Sim,Sim,Sim,Sim,Não,Não,Sim,Sim,Sim,Não,-,-,-,-,-,-,-,-,-,-,-,-,-,-,-,-,-,-,-,-,-,-,-,Sim,318,2009,Ativo,Paritário,Sim,Não,Não,Não,3,12,Não,Não,Sim,Não,-,-,-,-,-,-,-,-,-,Não,-,-,-,-,-,-,-,-,-,-,-,-,-,-,-,-,-,-,-,-,-,-,-,Não,-,-,-,-,-,-,-,-,-,-,-,-,-,-,-,-,-,-,-,-,-,-,-,Não,-,-,-,-,-,-,-,-,-,-,-,-,-,-,-,-,-,-,-,-,-,-,-,Não,-,-,-,Não,-,-,-,Não,-,-,-,Não,-,-,-,Não,-,-,-,Não,-,-,-,Não,-,-,-,Não,-,-,-,Não,-,-,-,Não,-,-,-,Sim,Não,Não,Não,Não,Não,Não,Não,Não,Não,Não,Sim,Sim,Sim,Não,Não,Não,Não,Sim,Sim,Sim,Não,Sim,Sim,Sim,Não,Sim,Sim,Sim,Não,Sim,Não,Não,Não,Sim,Sim,Não,Sim,Sim,Não,Não,Sim,Não,Sim,Não,Sim,Não,Não,Sim,Sim,Sim,Sim,Não,Não,Não,Sim,Sim,Não,Sim,187,2000,1,Não,Sim,Não,Sim,Não,Não,Sim,Não,Não,Não,Não,0,0,0,Sim,Sim,Não,Não,Sim,Sim,Não,Sim,Não,Sim,Não,Sim,Não,Sim,Sim,Não,Não,Sim,Sim,Não,Não,Não,Sim,Não,Sim,Não,Não,Não,Não,Não,Sim,Sim,Sim,Sim,Sim,Não,Não,Sim,Não,Não,Não,-,-,-,-,-,-,-,-,-,Não,Sim,Não,Não,Sim,Sim,Sim,Sim,Não,Não,Sim,Sim,Não,Não,Não,Sim,Não
1500347,PA,15,Água Azul do Norte,18080,3 - 10001 até 20000,1 - Norte,Setor subordinado a outra secretaria,Sim,Não,Não,Não,Não,Não,Feminino,50,Branca,Não,Ensino superior completo,Sim,Sim,Sim,Sim,Sim,Sim,Sim,Sim,Sim,Sim,Sim,Sim,Não,Não,Sim,Não,Não,Não,Não,Não,-,-,Não,-,-,Não,-,-,Não,-,-,Não,-,-,Não,-,-,Não,-,-,Não,-,-,Não,-,-,Não,-,-,Não,-,-,Não,-,-,Não,-,-,Não,-,-,Não,-,-,Não,-,-,Sim,Não,-,-,-,-,Não,-,-,-,-,-,-,-,-,-,-,-,-,-,-,-,-,-,-,-,-,-,-,-,Sim,426,2015,Ativo,Paritário,Não,Sim,Não,Sim,6,20,Não,Sim,Não,Sim,Sim,Sim,Sim,Sim,Sim,Não,Sim,Sim,Sim,Sim,538,2021,"Foi criado, mas não foi instalado",-,-,-,-,-,-,-,-,-,-,-,-,-,-,-,-,-,-,-,-,Não,-,-,-,-,-,-,-,-,-,-,-,-,-,-,-,-,-,-,-,-,-,-,-,Não,-,-,-,-,-,-,-,-,-,-,-,-,-,-,-,-,-,-,-,-,-,-,-,Não,-,-,-,-,-,-,-,-,-,-,-,-,-,-,-,-,-,-,-,-,-,-,-,Não,-,-,-,-,-,-,-,-,-,-,-,-,-,-,-,-,-,-,-,-,-,-,-,Não,-,-,-,Não,-,-,-,Não,-,-,-,Não,-,-,-,Não,-,-,-,Não,-,-,-,Não,-,-,-,Não,-,-,-,Não,-,-,-,Não,-,-,-,Sim,Não,Sim,Não,Não,Não,Não,Não,Não,Não,Não,Não,Não,Sim,Não,Não,Não,Não,Não,Não,Não,Não,Não,Não,Sim,Não,Não,Não,Não,Não,Não,Não,Não,Não,Sim,Sim,Não,Não,Não,Não,Não,Não,Não,Não,Não,Não,Não,Não,Não,Não,Não,Não,Não,Não,Não,Não,Não,Sim,Sim,426,2015,1,Sim,Não,Não,Não,Não,Não,Não,Sim,Não,Não,Não,0,0,0,Sim,Não,Não,Não,Não,Sim,Não,Sim,Não,Não,Não,Sim,Não,Sim,Não,Não,Não,Não,Não,Não,Sim,Sim,Não,Não,Não,Não,Não,Não,Não,Não,Sim,Sim,Sim,Sim,Não,Sim,Não,Sim,Não,Não,Sim,Não,Não,Sim,Sim,Não,Sim,Sim,Sim,Não,Não,Não,Não,Não,Não,Não,Não,Não,Sim,Não,Sim,Não,Não,Não,Não,Não,Não
1500404,PA,15,Alenquer,69377,5 - 50001 até 100000,1 - Norte,Não possui estrutura,-,-,-,-,-,-,-,-,-,-,-,-,-,-,-,-,-,-,-,-,-,-,-,-,Não,Não,Não,Não,Não,Sim,Não,-,-,Não,-,-,Não,-,-,Não,-,-,Não,-,-,Não,-,-,Não,-,-,Não,-,-,Não,-,-,Não,-,-,Não,-,-,Não,-,-,Não,-,-,Não,-,-,Não,-,-,Não,-,-,Sim,Não,-,-,-,-,Não,-,-,-,-,-,-,-,-,-,-,-,-,-,-,-,-,-,-,-,-,-,-,-,Sim,1291,2023,Ativo,Paritário,Sim,Sim,Sim,Sim,23,24,Sim,Não,Não,Sim,Sim,Sim,Sim,Sim,Sim,Sim,Sim,Sim,Sim,Sim,723,2007,Ativo,Paritário,Sim,Sim,Sim,Sim,12,20,Não,Sim,Não,Sim,Sim,Sim,Sim,Sim,Sim,Sim,Sim,Sim,Sim,Sim,1238,2021,"Foi criado, mas não foi instalado",-,-,-,-,-,-,-,-,-,-,-,-,-,-,-,-,-,-,-,-,Não,-,-,-,-,-,-,-,-,-,-,-,-,-,-,-,-,-,-,-,-,-,-,-,Não,-,-,-,-,-,-,-,-,-,-,-,-,-,-,-,-,-,-,-,-,-,-,-,Não,-,-,-,-,-,-,-,-,-,-,-,-,-,-,-,-,-,-,-,-,-,-,-,Não,-,-,-,Não,-,-,-,Não,-,-,-,Não,-,-,-,Não,-,-,-,Não,-,-,-,Não,-,-,-,Não,-,-,-,Não,-,-,-,Não,-,-,-,Sim,Não,Não,Não,Não,Não,Não,Não,Não,Não,Não,Sim,Não,Sim,Sim,Não,Não,Não,Não,Não,Não,Não,Não,Não,Não,Não,Não,Não,Não,Não,Não,Não,Não,Sim,Sim,Sim,Não,Sim,Não,Sim,Não,Não,Não,Não,Não,Não,Não,Não,Não,Sim,Sim,Sim,Sim,Não,Sim,Sim,Não,Não,Sim,1291,2023,1,Sim,Não,Não,Não,Não,Não,Sim,Sim,Não,Não,Não,0,0,0,Não,-,-,-,-,-,-,-,-,-,-,Sim,Não,Sim,Não,Não,Não,Não,Não,Não,Não,Não,Não,Não,Não,Não,Não,Não,Não,Não,Sim,Sim,Sim,Sim,Não,Sim,Não,Sim,Sim,Não,Não,-,-,-,-,-,-,-,-,-,Não,Não,Não,Sim,Sim,Sim,Não,Sim,Não,Não,Sim,Não,Não,Não,Não,Não,Não
1500503,PA,15,Almeirim,34280,4 - 20001 até 50000,1 - Norte,Não possui estrutura,-,-,-,-,-,-,-,-,-,-,-,-,-,-,-,-,-,-,-,-,-,-,-,-,Não,Não,Não,Não,Não,Sim,Não,-,-,Não,-,-,Não,-,-,Não,-,-,Não,-,-,Não,-,-,Não,-,-,Não,-,-,Não,-,-,Não,-,-,Não,-,-,Não,-,-,Não,-,-,Não,-,-,Não,-,-,Não,-,-,Sim,Não,-,-,-,-,Não,-,-,-,-,-,-,-,-,-,-,-,-,-,-,-,-,-,-,-,-,-,-,-,Sim,1289,2015,Ativo,Paritário,Sim,Sim,Sim,Sim,22,16,Sim,Não,Não,Sim,Sim,Sim,Sim,Sim,Não,Não,Sim,Sim,Sim,Não,-,-,-,-,-,-,-,-,-,-,-,-,-,-,-,-,-,-,-,-,-,-,-,Não,-,-,-,-,-,-,-,-,-,-,-,-,-,-,-,-,-,-,-,-,-,-,-,Não,-,-,-,-,-,-,-,-,-,-,-,-,-,-,-,-,-,-,-,-,-,-,-,Não,-,-,-,-,-,-,-,-,-,-,-,-,-,-,-,-,-,-,-,-,-,-,-,Não,-,-,-,-,-,-,-,-,-,-,-,-,-,-,-,-,-,-,-,-,-,-,-,Não,-,-,-,Não,-,-,-,Não,-,-,-,Não,-,-,-,Não,-,-,-,Não,-,-,-,Não,-,-,-,Não,-,-,-,Não,-,-,-,Não,-,-,-,Sim,Não,Sim,Não,Não,Não,Não,Não,Não,Não,Sim,Não,Não,Não,Não,Não,Não,Sim,Sim,Sim,Sim,Não,Sim,Sim,Sim,Não,Sim,Não,Sim,Não,Não,Não,Não,Não,Sim,Sim,Sim,Sim,Sim,Não,Não,Não,Não,Não,Não,Não,Não,Não,Sim,Sim,Sim,Sim,Não,Sim,Sim,Não,Não,Não,Sim,1289,2015,1,Não,Não,Não,Não,Não,Não,Não,Sim,Não,Não,Não,0,0,0,Sim,Não,Não,Sim,Não,Sim,Não,Sim,Sim,Não,Não,Sim,Sim,Não,Não,Não,Não,Não,Sim,Não,Não,Não,Não,Não,Não,Não,Não,Não,Não,Não,Sim,Sim,Sim,Sim,Sim,Não,Não,Sim,Não,Não,Sim,Sim,Não,Sim,Não,Não,Sim,Sim,Sim,Não,Não,Não,Não,Não,Sim,Não,Não,Sim,Não,Não,Sim,Não,Não,Não,Não,Não,Sim
1500602,PA,15,Altamira,126279,6 - 100001 até 500000,1 - Norte,Não possui estrutura,-,-,-,-,-,-,-,-,-,-,-,-,-,-,-,-,-,-,-,-,-,-,-,-,Não,Não,Não,Não,Não,Sim,Sim,3354,2021,Não,-,-,Não,-,-,Não,-,-,Não,-,-,Não,-,-,Não,-,-,Não,-,-,Não,-,-,Não,-,-,Não,-,-,Não,-,-,Não,-,-,Não,-,-,Não,-,-,Não,-,-,Não,Não,-,-,-,-,Não,-,-,-,-,-,-,-,-,-,-,-,-,-,-,-,-,-,-,-,-,-,-,-,Sim,3445,2023,Ativo,Paritário,Sim,Sim,Sim,Sim,15,24,Não,Sim,Não,Sim,Sim,Sim,Sim,Sim,Não,Sim,Sim,Sim,Sim,Sim,3415,2022,Ativo,Paritário,Sim,Sim,Sim,Sim,5,20,Não,Não,Sim,Sim,Sim,Sim,Não,Sim,Não,Não,Não,Não,Sim,Sim,3414,2022,Ativo,Paritário,Sim,Sim,Sim,Sim,3,12,Não,Sim,Não,Sim,Sim,Sim,Não,Sim,Não,Não,Não,Não,Sim,Não,-,-,-,-,-,-,-,-,-,-,-,-,-,-,-,-,-,-,-,-,-,-,-,Sim,3428,2023,"Foi criado, mas não foi instalado",-,-,-,-,-,-,-,-,-,-,-,-,-,-,-,-,-,-,-,-,Não,-,-,-,-,-,-,-,-,-,-,-,-,-,-,-,-,-,-,-,-,-,-,-,Não,-,-,-,Não,-,-,-,Não,-,-,-,Não,-,-,-,Não,-,-,-,Não,-,-,-,Não,-,-,-,Não,-,-,-,Não,-,-,-,Não,-,-,-,Sim,Não,Sim,Não,Não,Não,Sim,Não,Não,Não,Não,Não,Não,Sim,Não,Não,Não,Não,Não,Não,Não,Não,Não,Não,Sim,Não,Não,Não,Sim,Não,Não,Não,Não,Não,Sim,Sim,Sim,Não,Não,Sim,Não,Não,Não,Não,Não,Não,Não,Não,Não,Sim,Sim,Sim,Não,Não,Sim,Não,Sim,Não,Sim,3445,2023,2,Sim,Não,Não,Não,Sim,Não,Sim,Sim,Não,Não,Não,0,0,0,Não,-,-,-,-,-,-,-,-,-,-,Sim,Não,Sim,Sim,Não,Não,Não,Não,Não,Não,Não,Não,Não,Sim,Não,Não,Não,Não,Não,Sim,Sim,Sim,Sim,Sim,Sim,Não,Sim,Não,Não,Não,-,-,-,-,-,-,-,-,-,Não,Não,Não,Não,Sim,Não,Sim,Sim,Não,Não,Sim,Sim,Não,Não,Não,Sim,Não
1500701,PA,15,Anajás,28011,4 - 20001 até 50000,1 - Norte,Não possui estrutura,-,-,-,-,-,-,-,-,-,-,-,-,-,-,-,-,-,-,-,-,-,-,-,-,Não,Não,Não,Não,Sim,Não,Não,-,-,Não,-,-,Não,-,-,Não,-,-,Não,-,-,Não,-,-,Não,-,-,Não,-,-,Não,-,-,Não,-,-,Não,-,-,Não,-,-,Não,-,-,Não,-,-,Não,-,-,Não,-,-,Sim,Não,-,-,-,-,Não,-,-,-,-,-,-,-,-,-,-,-,-,-,-,-,-,-,-,-,-,-,-,-,Sim,272,2023,Ativo,Paritário,Sim,Sim,Sim,Sim,15,16,Não,Sim,Não,Sim,Sim,Sim,Sim,Sim,Sim,Não,Não,Não,Sim,Não,-,-,-,-,-,-,-,-,-,-,-,-,-,-,-,-,-,-,-,-,-,-,-,Não,-,-,-,-,-,-,-,-,-,-,-,-,-,-,-,-,-,-,-,-,-,-,-,Não,-,-,-,-,-,-,-,-,-,-,-,-,-,-,-,-,-,-,-,-,-,-,-,Não,-,-,-,-,-,-,-,-,-,-,-,-,-,-,-,-,-,-,-,-,-,-,-,Não,-,-,-,-,-,-,-,-,-,-,-,-,-,-,-,-,-,-,-,-,-,-,-,Não,-,-,-,Não,-,-,-,Não,-,-,-,Não,-,-,-,Não,-,-,-,Não,-,-,-,Não,-,-,-,Não,-,-,-,Não,-,-,-,Não,-,-,-,Sim,Não,Não,Não,Não,Não,Não,Não,Não,Não,Não,Sim,Não,Não,Não,Não,Não,Sim,Não,Não,Não,Não,Não,Não,Não,Não,Não,Não,Não,Não,Não,Não,Não,Sim,Sim,Sim,Sim,Sim,Sim,Sim,Sim,Não,Não,Sim,Não,Sim,Não,Não,Sim,Sim,Sim,Sim,Sim,Sim,Sim,Sim,Sim,Não,Sim,198,2015,1,Sim,Sim,Não,Sim,Não,Não,Não,Sim,Não,Não,Não,0,0,1,Não,-,-,-,-,-,-,-,-,-,-,Sim,Não,Não,Não,Não,Não,Não,Sim,Não,Sim,Não,Não,Não,Sim,Não,Não,Não,Sim,Não,Não,-,-,-,-,-,-,-,-,-,Não,-,-,-,-,-,-,-,-,-,Não,Não,Não,Não,Não,Não,Não,Não,Sim,Não,Não,Não,Não,Sim,Não,Sim,Não
1500800,PA,15,Ananindeua,478778,6 - 100001 até 500000,1 - Norte,Setor subordinado a outra secretaria,Sim,Sim,Não,Sim,Sim,Não,Masculino,50,Branca,Sim,Ensino superior completo,Não,Sim,Não,Sim,Sim,Não,Sim,Sim,Sim,Sim,Sim,Não,Não,Sim,Sim,Não,Não,Não,Não,Sim,3370,2023,Sim,3300,2023,Sim,2714,2015,Sim,2714,2015,Sim,1070,2023,Sim,3065,2020,Sim,3105,2020,Sim,3146,2021,Não,-,-,Sim,2907,2017,Não,-,-,Sim,3259,2022,Sim,2750,2015,Sim,2684,2014,Sim,2136,2005,Sim,2411,2009,Não,Não,-,-,-,-,Não,-,-,-,-,-,-,-,-,-,-,-,-,-,-,-,-,-,-,-,-,-,-,-,Sim,2714,2015,Ativo,Paritário,Não,Sim,Não,Sim,12,40,Sim,Não,Não,Sim,Sim,Sim,Sim,Sim,Sim,Sim,Sim,Sim,Não,Sim,2067,2004,Ativo,Paritário,Sim,Não,Não,Não,12,32,Sim,Não,Não,Sim,Sim,Sim,Sim,Sim,Sim,Sim,Sim,Sim,Não,Não,-,-,-,-,-,-,-,-,-,-,-,-,-,-,-,-,-,-,-,-,-,-,-,Não,-,-,-,-,-,-,-,-,-,-,-,-,-,-,-,-,-,-,-,-,-,-,-,Sim,20287,2019,Ativo,Paritário,Não,Sim,Não,Não,12,40,Sim,Não,Não,Sim,Sim,Sim,Sim,Sim,Sim,Sim,Sim,Sim,Não,Não,-,-,-,-,-,-,-,-,-,-,-,-,-,-,-,-,-,-,-,-,-,-,-,Não,-,-,-,Não,-,-,-,Não,-,-,-,Não,-,-,-,Não,-,-,-,Não,-,-,-,Não,-,-,-,Não,-,-,-,Não,-,-,-,Não,-,-,-,Sim,Não,Sim,Não,Não,Sim,Não,Sim,Não,Não,Não,Não,Não,Sim,Sim,Não,Sim,Não,Sim,Não,Não,Não,Não,Não,Sim,Não,Sim,Não,Não,Não,Sim,Não,Não,Não,Sim,Sim,Sim,Sim,Não,Sim,Não,Não,Não,Sim,Não,Não,Sim,Não,Sim,Sim,Sim,Sim,Sim,Não,Sim,Não,Sim,Não,Sim,2714,2015,4,Sim,Não,Não,Sim,Não,Não,Não,Sim,Não,Não,Não,0,0,0,Sim,Sim,Sim,Não,Não,Sim,Não,Sim,Sim,Não,Não,Sim,Não,Sim,Não,Não,Não,Não,Não,Não,Sim,Sim,Sim,Não,Não,Sim,Não,Não,Sim,Não,Sim,Sim,Sim,Sim,Sim,Sim,Sim,Sim,Não,Não,Sim,Sim,Sim,Sim,Sim,Sim,Sim,Sim,Sim,Não,Não,Não,Não,Não,Sim,Não,Não,Sim,Não,Não,Sim,Não,Não,Sim,Não,Sim,Não
1500859,PA,15,Anapu,31850,4 - 20001 até 50000,1 - Norte,Não possui estrutura,-,-,-,-,-,-,-,-,-,-,-,-,-,-,-,-,-,-,-,-,-,-,-,-,Não,Não,Não,Não,Não,Sim,Não,-,-,Não,-,-,Não,-,-,Não,-,-,Não,-,-,Não,-,-,Não,-,-,Não,-,-,Não,-,-,Não,-,-,Não,-,-,Não,-,-,Não,-,-,Não,-,-,Não,-,-,Não,-,-,Sim,Não,-,-,-,-,Não,-,-,-,-,-,-,-,-,-,-,-,-,-,-,-,-,-,-,-,-,-,-,-,Sim,183,2011,Ativo,Paritário,Sim,Não,Não,Não,12,10,Não,Sim,Não,Sim,Sim,Sim,Sim,Sim,Não,Não,Sim,Sim,Sim,Não,-,-,-,-,-,-,-,-,-,-,-,-,-,-,-,-,-,-,-,-,-,-,-,Não,-,-,-,-,-,-,-,-,-,-,-,-,-,-,-,-,-,-,-,-,-,-,-,Não,-,-,-,-,-,-,-,-,-,-,-,-,-,-,-,-,-,-,-,-,-,-,-,Não,-,-,-,-,-,-,-,-,-,-,-,-,-,-,-,-,-,-,-,-,-,-,-,Não,-,-,-,-,-,-,-,-,-,-,-,-,-,-,-,-,-,-,-,-,-,-,-,Não,-,-,-,Não,-,-,-,Não,-,-,-,Não,-,-,-,Não,-,-,-,Não,-,-,-,Não,-,-,-,Não,-,-,-,Não,-,-,-,Não,-,-,-,Sim,Não,Não,Não,Não,Não,Não,Não,Não,Não,Não,Sim,Não,Não,Não,Não,Não,Sim,Não,Não,Não,Não,Não,Não,Sim,Não,Sim,Não,Sim,Não,Não,Não,Não,Não,Sim,Sim,Sim,Não,Sim,Sim,Não,Não,Não,Não,Não,Não,Não,Não,Não,Sim,Sim,Sim,Não,Não,Sim,Não,Não,Não,Sim,69,2001,1,Sim,Sim,Não,Não,Não,Não,Não,Sim,Não,Não,Não,0,0,0,Sim,Sim,Sim,Não,Não,Não,Não,Não,Não,Não,Não,Sim,Não,Não,Não,Não,Não,Não,Não,Não,Não,Não,Não,Não,Não,Não,Não,Não,Sim,Não,Sim,Sim,Sim,Sim,Não,Sim,Não,Sim,Não,Não,Não,-,-,-,-,-,-,-,-,-,Não,Não,Sim,Sim,Sim,Sim,Sim,Sim,Não,Não,Sim,Sim,Não,Não,Não,Não,Sim
1500909,PA,15,Augusto Corrêa,44573,4 - 20001 até 50000,1 - Norte,Não possui estrutura,-,-,-,-,-,-,-,-,-,-,-,-,-,-,-,-,-,-,-,-,-,-,-,-,Não,Não,Não,Não,Não,Sim,Não,-,-,Não,-,-,Não,-,-,Não,-,-,Não,-,-,Não,-,-,Não,-,-,Não,-,-,Não,-,-,Não,-,-,Não,-,-,Não,-,-,Não,-,-,Não,-,-,Não,-,-,Não,-,-,Sim,Não,-,-,-,-,Não,-,-,-,-,-,-,-,-,-,-,-,-,-,-,-,-,-,-,-,-,-,-,-,Sim,1979,2023,Ativo,Tem maior representação governamental,Sim,Sim,Não,Não,12,10,Não,Sim,Não,Sim,Sim,Sim,Sim,Sim,Sim,Não,Não,Não,Sim,Sim,1691,2009,Ativo,Paritário,Não,Sim,Sim,Sim,12,8,Não,Sim,Não,Sim,Sim,Sim,Sim,Sim,Sim,Não,Não,Não,Não,Sim,1692,2009,Ativo,Paritário,Não,Sim,Sim,Sim,10,16,Não,Sim,Não,Sim,Sim,Sim,Sim,Sim,Sim,Não,Sim,Não,Não,Não,-,-,-,-,-,-,-,-,-,-,-,-,-,-,-,-,-,-,-,-,-,-,-,Não,-,-,-,-,-,-,-,-,-,-,-,-,-,-,-,-,-,-,-,-,-,-,-,Não,-,-,-,-,-,-,-,-,-,-,-,-,-,-,-,-,-,-,-,-,-,-,-,Não,-,-,-,Não,-,-,-,Não,-,-,-,Não,-,-,-,Não,-,-,-,Não,-,-,-,Não,-,-,-,Não,-,-,-,Não,-,-,-,Não,-,-,-,Sim,Não,Não,Não,Não,Não,Não,Não,Não,Não,Não,Sim,Não,Sim,Sim,Não,Não,Não,Não,Sim,Sim,Não,Não,Não,Não,Não,Não,Não,Não,Não,Não,Não,Não,Não,Sim,Sim,Não,Sim,Não,Não,Não,Não,Não,Não,Não,Não,Não,Não,Não,Sim,Não,Sim,Não,Não,Sim,Não,Não,Não,Sim,1979,2023,1,Não,Não,Não,Não,Não,Não,Sim,Sim,Não,Não,Não,0,0,0,Sim,Sim,Sim,Sim,Não,Sim,Não,Sim,Não,Sim,Não,Sim,Não,Sim,Não,Não,Não,Não,Sim,Não,Não,Não,Não,Não,Sim,Não,Não,Não,Não,Não,Sim,Sim,Sim,Sim,Não,Sim,Não,Sim,Não,Não,Não,-,-,-,-,-,-,-,-,-,Não,Não,Não,Não,Sim,Não,Não,Não,Não,Não,Sim,Não,Sim,Não,Não,Não,Não
1500958,PA,15,Aurora do Pará,23774,4 - 20001 até 50000,1 - Norte,Não possui estrutura,-,-,-,-,-,-,-,-,-,-,-,-,-,-,-,-,-,-,-,-,-,-,-,-,Não,Não,Não,Não,Não,Sim,Não,-,-,Não,-,-,Não,-,-,Sim,325,2015,Não,-,-,Não,-,-,Não,-,-,Não,-,-,Não,-,-,Não,-,-,Não,-,-,Não,-,-,Não,-,-,Não,-,-,Não,-,-,Não,-,-,Não,Não,-,-,-,-,Não,-,-,-,-,-,-,-,-,-,-,-,-,-,-,-,-,-,-,-,-,-,-,-,Não,-,-,-,-,-,-,-,-,-,-,-,-,-,-,-,-,-,-,-,-,-,-,-,Sim,325,2015,Ativo,Paritário,Sim,Sim,Sim,Sim,4,16,Sim,Não,Não,Sim,Sim,Sim,Sim,Sim,Não,Não,Sim,Sim,Não,Não,-,-,-,-,-,-,-,-,-,-,-,-,-,-,-,-,-,-,-,-,-,-,-,Não,-,-,-,-,-,-,-,-,-,-,-,-,-,-,-,-,-,-,-,-,-,-,-,Não,-,-,-,-,-,-,-,-,-,-,-,-,-,-,-,-,-,-,-,-,-,-,-,Não,-,-,-,-,-,-,-,-,-,-,-,-,-,-,-,-,-,-,-,-,-,-,-,Não,-,-,-,Não,-,-,-,Não,-,-,-,Não,-,-,-,Não,-,-,-,Não,-,-,-,Não,-,-,-,Não,-,-,-,Não,-,-,-,Não,-,-,-,Sim,Não,Sim,Não,Não,Não,Não,Não,Não,Não,Não,Não,Não,Não,Não,Não,Não,Sim,Não,Não,Não,Não,Não,Não,Não,Não,Não,Não,Não,Não,Não,Não,Não,Sim,Sim,Não,Sim,Sim,Sim,Sim,Não,Sim,Não,Sim,Não,Não,Não,Não,Sim,Sim,Sim,Sim,Não,Não,Sim,Não,Sim,Não,Sim,65,2001,1,Não,Não,Não,Não,Não,Não,Sim,Sim,Não,Não,Não,0,0,0,Não,-,-,-,-,-,-,-,-,-,-,Sim,Não,Sim,Não,Não,Não,Sim,Sim,Não,Não,Não,Não,Não,Não,Não,Não,Não,Sim,Não,Sim,Sim,Sim,Sim,Não,Sim,Sim,Sim,Sim,Não,Não,-,-,-,-,-,-,-,-,-,Não,Não,Não,Não,Não,Não,Não,Não,Não,Sim,Não,Não,Não,Não,Não,Não,Sim
1501006,PA,15,Aveiro,18290,3 - 10001 até 20000,1 - Norte,Não possui estrutura,-,-,-,-,-,-,-,-,-,-,-,-,-,-,-,-,-,-,-,-,-,-,-,-,Não,Não,Não,Não,Não,Sim,Não,-,-,Não,-,-,Não,-,-,Não,-,-,Não,-,-,Não,-,-,Não,-,-,Não,-,-,Não,-,-,Não,-,-,Não,-,-,Não,-,-,Não,-,-,Não,-,-,Não,-,-,Não,-,-,Sim,Não,-,-,-,-,Não,-,-,-,-,-,-,-,-,-,-,-,-,-,-,-,-,-,-,-,-,-,-,-,Sim,14604,2019,Ativo,Paritário,Não,Não,Não,Sim,8,6,Sim,Não,Não,Sim,Sim,Sim,Sim,Sim,Sim,Sim,Sim,Não,Sim,Não,-,-,-,-,-,-,-,-,-,-,-,-,-,-,-,-,-,-,-,-,-,-,-,Não,-,-,-,-,-,-,-,-,-,-,-,-,-,-,-,-,-,-,-,-,-,-,-,Não,-,-,-,-,-,-,-,-,-,-,-,-,-,-,-,-,-,-,-,-,-,-,-,Não,-,-,-,-,-,-,-,-,-,-,-,-,-,-,-,-,-,-,-,-,-,-,-,Não,-,-,-,-,-,-,-,-,-,-,-,-,-,-,-,-,-,-,-,-,-,-,-,Não,-,-,-,Não,-,-,-,Não,-,-,-,Não,-,-,-,Não,-,-,-,Não,-,-,-,Não,-,-,-,Não,-,-,-,Não,-,-,-,Não,-,-,-,Sim,Não,Não,Não,Não,Não,Não,Não,Não,Não,Não,Sim,Não,Não,Não,Não,Não,Sim,Não,Não,Não,Não,Não,Não,Não,Não,Não,Não,Não,Não,Não,Não,Não,Sim,Sim,Sim,Não,Sim,Não,Não,Não,Não,Não,Não,Não,Não,Não,Não,Não,Sim,Sim,Sim,Não,Não,Não,Não,Sim,Não,Sim,14604,2019,1,Sim,Não,Não,Não,Não,Não,Não,Não,Não,Não,Não,0,0,0,Sim,Não,Não,Não,Não,Sim,Não,Sim,Não,Não,Não,Sim,Não,Não,Não,Não,Não,Não,Sim,Não,Não,Não,Não,Não,Sim,Sim,Não,Não,Não,Não,Não,-,-,-,-,-,-,-,-,-,Não,-,-,-,-,-,-,-,-,-,Não,Não,Não,Não,Não,Não,Não,Sim,Não,Não,Sim,Não,Não,Não,Não,Não,Não
1501105,PA,15,Bagre,31892,4 - 20001 até 50000,1 - Norte,Setor subordinado a outra secretaria,Sim,Não,Não,Não,Não,Não,Masculino,43,Preta,Sim,Ensino superior incompleto,Não,Não,Sim,Sim,Sim,Sim,Não,Sim,Não,Sim,Não,Sim,Não,Sim,Não,Não,Não,Não,Não,Não,-,-,Não,-,-,Não,-,-,Não,-,-,Não,-,-,Não,-,-,Não,-,-,Não,-,-,Não,-,-,Não,-,-,Não,-,-,Não,-,-,Não,-,-,Não,-,-,Não,-,-,Não,-,-,Sim,Não,-,-,-,-,Não,-,-,-,-,-,-,-,-,-,-,-,-,-,-,-,-,-,-,-,-,-,-,-,Sim,121,2020,Ativo,Paritário,Não,Não,Sim,Sim,11,20,Não,Sim,Não,Sim,Sim,Sim,Sim,Sim,Não,Não,Não,Não,Não,Não,-,-,-,-,-,-,-,-,-,-,-,-,-,-,-,-,-,-,-,-,-,-,-,Não,-,-,-,-,-,-,-,-,-,-,-,-,-,-,-,-,-,-,-,-,-,-,-,Não,-,-,-,-,-,-,-,-,-,-,-,-,-,-,-,-,-,-,-,-,-,-,-,Sim,95,2021,Ativo,Paritário,Não,Não,Sim,Sim,10,24,Não,Sim,Não,Sim,Sim,Sim,Sim,Sim,Não,Não,Sim,Não,Não,Não,-,-,-,-,-,-,-,-,-,-,-,-,-,-,-,-,-,-,-,-,-,-,-,Não,-,-,-,Não,-,-,-,Não,-,-,-,Não,-,-,-,Não,-,-,-,Não,-,-,-,Não,-,-,-,Não,-,-,-,Não,-,-,-,Não,-,-,-,Sim,Não,Sim,Sim,Não,Sim,Não,Não,Não,Não,Sim,Não,Não,Não,Não,Não,Não,Sim,Sim,Sim,Sim,Não,Sim,Sim,Sim,Sim,Sim,Não,Sim,Não,Sim,Não,Não,Não,Sim,Sim,Sim,Sim,Sim,Não,Não,Não,Não,Sim,Sim,Não,Sim,Não,Sim,Sim,Sim,Sim,Sim,Não,Sim,Sim,Sim,Não,Sim,121,2020,1,Sim,Não,Não,Não,Não,Não,Sim,Sim,Não,Não,Não,0,0,1,Sim,Sim,Sim,Não,Sim,Sim,Não,Sim,Sim,Não,Não,Não,Não,Não,Não,Não,Não,Não,Não,Não,Não,Não,Não,Não,Não,Não,Não,Não,Não,Sim,Sim,Sim,Sim,Sim,Sim,Sim,Não,Sim,Não,Não,Não,-,-,-,-,-,-,-,-,-,Não,Não,Não,Não,Não,Sim,Não,Sim,Não,Não,Sim,Não,Não,Sim,Não,Não,Não
1501204,PA,15,Baião,51641,5 - 50001 até 100000,1 - Norte,Setor subordinado a outra secretaria,Sim,Não,Não,Não,Não,Não,Masculino,56,Branca,Sim,Ensino médio (2º Grau) incompleto,Não,Sim,Sim,Sim,Não,Não,Não,Não,Sim,Sim,Não,Sim,Não,Não,Não,Sim,Sim,Não,Não,Sim,1596,2018,Sim,1442,2010,Não,-,-,Não,-,-,Não,-,-,Não,-,-,Não,-,-,Não,-,-,Não,-,-,Não,-,-,Não,-,-,Não,-,-,Não,-,-,Não,-,-,Não,-,-,Não,-,-,Não,Não,-,-,-,-,Não,-,-,-,-,-,-,-,-,-,-,-,-,-,-,-,-,-,-,-,-,-,-,-,Sim,1453,2011,Ativo,Paritário,Sim,Sim,Sim,Não,12,16,Não,Sim,Não,Sim,Sim,Sim,Sim,Sim,Não,Não,Não,Não,Não,Sim,1443,2010,Inativo,-,-,-,-,-,-,-,-,-,-,-,-,-,-,-,-,-,-,-,-,Sim,1444,2010,Inativo,-,-,-,-,-,-,-,-,-,-,-,-,-,-,-,-,-,-,-,-,Não,-,-,-,-,-,-,-,-,-,-,-,-,-,-,-,-,-,-,-,-,-,-,-,Não,-,-,-,-,-,-,-,-,-,-,-,-,-,-,-,-,-,-,-,-,-,-,-,Não,-,-,-,-,-,-,-,-,-,-,-,-,-,-,-,-,-,-,-,-,-,-,-,Não,-,-,-,Não,-,-,-,Não,-,-,-,Não,-,-,-,Não,-,-,-,Não,-,-,-,Não,-,-,-,Não,-,-,-,Não,-,-,-,Não,-,-,-,Sim,Não,Sim,Não,Não,Não,Não,Não,Não,Não,Não,Não,Não,Sim,Sim,Não,Não,Não,Sim,Não,Sim,Não,Não,Não,Não,Não,Não,Não,Sim,Não,Não,Não,Não,Não,Sim,Sim,Não,Sim,Não,Sim,Não,Não,Não,Não,Não,Não,Não,Não,Sim,Sim,Sim,Sim,Sim,Não,Sim,Não,Não,Não,Sim,1320,2000,1,Sim,Não,Não,Não,Não,Não,Não,Não,Não,Não,Não,0,0,1,Não,-,-,-,-,-,-,-,-,-,-,Sim,Não,Não,Não,Não,Não,Não,Não,Não,Não,Não,Não,Não,Não,Não,Não,Não,Não,Não,Sim,Sim,Sim,Sim,Não,Sim,Não,Sim,Não,Não,Não,-,-,-,-,-,-,-,-,-,Não,Sim,Não,Não,Sim,Não,Não,Sim,Não,Não,Não,Não,Não,Não,Não,Não,Sim
1501253,PA,15,Bannach,4031,1 - Até 5000,1 - Norte,Não possui estrutura,-,-,-,-,-,-,-,-,-,-,-,-,-,-,-,-,-,-,-,-,-,-,-,-,Não,Não,Não,Não,Não,Sim,Sim,210,2015,Não,-,-,Não,-,-,Sim,115,2004,Não,-,-,Não,-,-,Não,-,-,Não,-,-,Não,-,-,Não,-,-,Não,-,-,Não,-,-,Não,-,-,Sim,160,2009,Não,-,-,Não,-,-,Não,Não,-,-,-,-,Não,-,-,-,-,-,-,-,-,-,-,-,-,-,-,-,-,-,-,-,-,-,-,-,Sim,115,2004,Ativo,Paritário,Sim,Sim,Sim,Sim,6,12,Não,Sim,Não,Sim,Sim,Sim,Sim,Sim,Não,Não,Não,Não,Não,Sim,160,2009,Ativo,Paritário,Sim,Sim,Não,Não,4,10,Não,Sim,Não,Sim,Sim,Sim,Sim,Sim,Não,Não,Não,Não,Não,Não,-,-,-,-,-,-,-,-,-,-,-,-,-,-,-,-,-,-,-,-,-,-,-,Não,-,-,-,-,-,-,-,-,-,-,-,-,-,-,-,-,-,-,-,-,-,-,-,Não,-,-,-,-,-,-,-,-,-,-,-,-,-,-,-,-,-,-,-,-,-,-,-,Não,-,-,-,-,-,-,-,-,-,-,-,-,-,-,-,-,-,-,-,-,-,-,-,Não,-,-,-,Não,-,-,-,Não,-,-,-,Não,-,-,-,Não,-,-,-,Não,-,-,-,Não,-,-,-,Não,-,-,-,Não,-,-,-,Não,-,-,-,Sim,Não,Sim,Não,Não,Não,Não,Não,Não,Não,Não,Não,Não,Sim,Não,Não,Não,Não,Não,Não,Não,Não,Não,Não,Não,Não,Não,Não,Não,Não,Não,Não,Não,Sim,Sim,Sim,Não,Não,Sim,Não,Não,Não,Não,Não,Não,Sim,Não,Não,Não,Sim,Sim,Sim,Não,Não,Não,Não,Não,Não,Sim,115,2004,1,Não,Não,Não,Não,Não,Não,Sim,Não,Não,Não,Não,0,0,0,Não,-,-,-,-,-,-,-,-,-,-,Sim,Sim,Sim,Não,Não,Não,Não,Não,Não,Não,Não,Não,Sim,Sim,Não,Não,Não,Não,Não,Sim,Sim,Sim,Sim,Não,Sim,Não,Sim,Não,Não,Não,-,-,-,-,-,-,-,-,-,Não,Não,Não,Não,Não,Sim,Não,Sim,Não,Não,Sim,Não,Não,Sim,Não,Sim,Não
1501303,PA,15,Barcarena,126650,6 - 100001 até 500000,1 - Norte,Setor subordinado a outra secretaria,Sim,Não,Não,Não,Não,Não,Feminino,47,Parda,Sim,Especialização,Não,Sim,Sim,Sim,Sim,Sim,Sim,Sim,Não,Sim,Sim,Sim,Não,Não,Sim,Sim,Sim,Sim,Não,Sim,2093,2011,Sim,2107,2012,Sim,2197,2017,Sim,2093,2011,Não,-,-,Sim,2268,2021,Sim,2268,2021,Sim,2197,2017,Não,-,-,Não,-,-,Não,-,-,Não,-,-,Não,-,-,Sim,2244,2021,Não,-,-,Sim,2173,2016,Não,Não,-,-,-,-,Não,-,-,-,-,-,-,-,-,-,-,-,-,-,-,-,-,-,-,-,-,-,-,-,Sim,1903,1997,Ativo,Paritário,Sim,Sim,Sim,Sim,18,20,Sim,Não,Não,Sim,Sim,Sim,Sim,Sim,Não,Sim,Sim,Sim,Sim,Sim,2244,2021,Ativo,Paritário,Sim,Sim,Sim,Sim,12,20,Não,Sim,Não,Sim,Sim,Sim,Sim,Sim,Não,Não,Não,Sim,Sim,Sim,2076,2010,Ativo,Paritário,Sim,Sim,Sim,Sim,12,28,Não,Sim,Não,Sim,Sim,Sim,Sim,Sim,Não,Sim,Sim,Sim,Sim,Não,-,-,-,-,-,-,-,-,-,-,-,-,-,-,-,-,-,-,-,-,-,-,-,Não,-,-,-,-,-,-,-,-,-,-,-,-,-,-,-,-,-,-,-,-,-,-,-,Não,-,-,-,-,-,-,-,-,-,-,-,-,-,-,-,-,-,-,-,-,-,-,-,Não,-,-,-,Não,-,-,-,Não,-,-,-,Não,-,-,-,Não,-,-,-,Não,-,-,-,Não,-,-,-,Não,-,-,-,Não,-,-,-,Não,-,-,-,Sim,Não,Sim,Não,Não,Não,Sim,Não,Não,Não,Não,Não,Não,Sim,Sim,Não,Não,Não,Sim,Não,Não,Não,Não,Não,Não,Não,Não,Não,Não,Não,Não,Não,Não,Não,Sim,Sim,Sim,Sim,Sim,Sim,Não,Sim,Não,Sim,Sim,Não,Sim,Não,Sim,Sim,Sim,Sim,Não,Não,Sim,Não,Sim,Não,Sim,1903,1997,2,Sim,Não,Não,Não,Não,Não,Não,Não,Não,Não,Não,0,0,0,Sim,Sim,Não,Não,Não,Sim,Não,Sim,Sim,Não,Não,Sim,Não,Sim,Não,Não,Não,Sim,Sim,Não,Sim,Sim,Sim,Não,Sim,Não,Não,Não,Não,Não,Sim,Sim,Sim,Sim,Sim,Sim,Sim,Sim,Não,Não,Sim,Sim,Não,Sim,Sim,Não,Sim,Sim,Sim,Não,Não,Não,Não,Sim,Sim,Não,Não,Não,Sim,Não,Sim,Não,Não,Não,Não,Sim,Sim
1501402,PA,15,Belém,1303403,7 - Maior que 500000,1 - Norte,Secretaria municipal em conjunto com outras políticas setoriais,Não,Não,Não,Não,Não,Sim,Masculino,34,Preta,Não,Ensino superior completo,Não,Não,Sim,Não,Sim,Sim,Sim,Não,Não,Não,Não,Não,Não,Sim,Não,Não,Não,Não,Não,Sim,29,2016,Não,-,-,Sim,34,2015,Não,-,-,Sim,9071,2014,Não,-,-,Não,-,-,Não,-,-,Sim,9199,2016,Não,-,-,Sim,12,2019,Não,-,-,Não,-,-,Não,-,-,Não,-,-,Sim,51133,2006,Não,Não,-,-,-,-,Sim,7823,1997,Ativo,Tem maior representação da sociedade civil,Sim,Sim,Sim,Sim,4,20,Sim,Não,Não,Sim,Sim,Sim,Sim,Sim,Não,Não,Não,Não,Não,Sim,7584,1992,Ativo,Paritário,Sim,Sim,Sim,Sim,6,24,Sim,Não,Não,Sim,Sim,Sim,Sim,Sim,Não,Não,Não,Sim,Não,Sim,7988,2000,Ativo,Tem maior representação da sociedade civil,Sim,Sim,Sim,Sim,2,26,Não,Sim,Não,Sim,Sim,Não,Não,Não,Não,Não,Não,Não,Não,Sim,11853,2011,Ativo,Paritário,Sim,Sim,Sim,Sim,2,36,Sim,Não,Não,Sim,Sim,Sim,Não,Sim,Não,Não,Não,Não,Não,Sim,9903,2023,"Foi criado, mas não foi instalado",-,-,-,-,-,-,-,-,-,-,-,-,-,-,-,-,-,-,-,-,Sim,9969,2023,"Foi criado, mas não foi instalado",-,-,-,-,-,-,-,-,-,-,-,-,-,-,-,-,-,-,-,-,Não,-,-,-,-,-,-,-,-,-,-,-,-,-,-,-,-,-,-,-,-,-,-,-,Não,-,-,-,Não,-,-,-,Não,-,-,-,Sim,104353,2022,2,Não,-,-,-,Não,-,-,-,Não,-,-,-,Não,-,-,-,Não,-,-,-,Não,-,-,-,Não,Sim,Sim,Não,Não,Não,Não,Sim,Não,Não,Não,Não,Não,Sim,Sim,Sim,Não,Não,Sim,Sim,Sim,Não,Não,Sim,Não,Não,Não,Não,Não,Não,Não,Não,Não,Não,Sim,Sim,Não,Sim,Sim,Não,Não,Não,Não,Não,Não,Não,Não,Não,Sim,Sim,Sim,Sim,Não,Sim,Não,Não,Sim,Não,Sim,7584,1992,8,Não,Não,Não,Não,Não,Sim,Não,Não,Não,Não,Não,0,0,0,Sim,Sim,Sim,Não,Sim,Sim,Não,Sim,Não,Não,Não,Sim,Sim,Sim,Não,Não,Não,Não,Não,Não,Não,Não,Não,Não,Não,Não,Não,Não,Não,Não,Sim,Sim,Sim,Sim,Não,Não,Não,Não,Não,Não,Sim,Sim,Não,Não,Não,Não,Sim,Não,Não,Não,Não,Não,Sim,Não,Não,Não,Não,Não,Não,Não,Sim,Sim,Sim,Não,Não,Não,Não
1501451,PA,15,Belterra,18099,3 - 10001 até 20000,1 - Norte,Não possui estrutura,-,-,-,-,-,-,-,-,-,-,-,-,-,-,-,-,-,-,-,-,-,-,-,-,Sim,Sim,Sim,Não,Sim,Não,Não,-,-,Não,-,-,Sim,379,2021,Não,-,-,Não,-,-,Não,-,-,Não,-,-,Não,-,-,Não,-,-,Não,-,-,Não,-,-,Não,-,-,Não,-,-,Não,-,-,Não,-,-,Não,-,-,Não,Não,-,-,-,-,Não,-,-,-,-,-,-,-,-,-,-,-,-,-,-,-,-,-,-,-,-,-,-,-,Sim,224,2015,Ativo,Paritário,Sim,Sim,Sim,Sim,20,20,Sim,Não,Não,Sim,Sim,Sim,Sim,Sim,Não,Sim,Sim,Sim,Não,Não,-,-,-,-,-,-,-,-,-,-,-,-,-,-,-,-,-,-,-,-,-,-,-,Não,-,-,-,-,-,-,-,-,-,-,-,-,-,-,-,-,-,-,-,-,-,-,-,Não,-,-,-,-,-,-,-,-,-,-,-,-,-,-,-,-,-,-,-,-,-,-,-,Não,-,-,-,-,-,-,-,-,-,-,-,-,-,-,-,-,-,-,-,-,-,-,-,Não,-,-,-,-,-,-,-,-,-,-,-,-,-,-,-,-,-,-,-,-,-,-,-,Não,-,-,-,Não,-,-,-,Não,-,-,-,Não,-,-,-,Não,-,-,-,Não,-,-,-,Não,-,-,-,Não,-,-,-,Não,-,-,-,Não,-,-,-,Sim,Não,Sim,Não,Não,Não,Não,Não,Não,Não,Não,Não,Não,Sim,Não,Não,Não,Não,Não,Não,Não,Não,Não,Não,Não,Não,Não,Não,Não,Não,Não,Não,Não,Sim,Sim,Sim,Sim,Sim,Sim,Não,Não,Não,Não,Não,Não,Não,Não,Não,Sim,Sim,Sim,Sim,Não,Não,Sim,Não,Sim,Não,Sim,224,2015,1,Não,Não,Não,Não,Não,Não,Não,Sim,Não,Não,Não,0,0,0,Não,-,-,-,-,-,-,-,-,-,-,Não,Não,Não,Não,Não,Não,Não,Não,Não,Não,Não,Não,Não,Não,Não,Não,Não,Não,Sim,Sim,Sim,Sim,Sim,Sim,Sim,Não,Sim,Sim,Não,Não,-,-,-,-,-,-,-,-,-,Não,Não,Não,Não,Sim,Não,Sim,Sim,Não,Não,Sim,Sim,Não,Sim,Não,Sim,Não
1501501,PA,15,Benevides,63567,5 - 50001 até 100000,1 - Norte,Setor subordinado a outra secretaria,Sim,Não,Não,Não,Não,Não,Feminino,67,Parda,Não,Ensino superior completo,Não,Sim,Sim,Sim,Sim,Sim,Sim,Sim,Sim,Sim,Sim,Sim,Não,Não,Não,Não,Não,Não,Sim,Não,-,-,Não,-,-,Não,-,-,Não,-,-,Não,-,-,Não,-,-,Não,-,-,Não,-,-,Não,-,-,Não,-,-,Não,-,-,Não,-,-,Não,-,-,Não,-,-,Não,-,-,Não,-,-,Sim,Não,-,-,-,-,Não,-,-,-,-,-,-,-,-,-,-,-,-,-,-,-,-,-,-,-,-,-,-,-,Sim,1327,2022,Ativo,Paritário,Sim,Sim,Sim,Sim,15,20,Sim,Não,Não,Sim,Sim,Sim,Sim,Sim,Não,Não,Sim,Não,Sim,Sim,1288,2021,Ativo,Paritário,Sim,Sim,Sim,Sim,12,12,Não,Sim,Não,Sim,Sim,Sim,Sim,Sim,Não,Não,Não,Não,Não,Não,-,-,-,-,-,-,-,-,-,-,-,-,-,-,-,-,-,-,-,-,-,-,-,Não,-,-,-,-,-,-,-,-,-,-,-,-,-,-,-,-,-,-,-,-,-,-,-,Não,-,-,-,-,-,-,-,-,-,-,-,-,-,-,-,-,-,-,-,-,-,-,-,Não,-,-,-,-,-,-,-,-,-,-,-,-,-,-,-,-,-,-,-,-,-,-,-,Não,-,-,-,Não,-,-,-,Não,-,-,-,Não,-,-,-,Não,-,-,-,Não,-,-,-,Não,-,-,-,Não,-,-,-,Não,-,-,-,Não,-,-,-,Sim,Não,Sim,Sim,Não,Sim,Sim,Não,Não,Não,Sim,Não,Não,Sim,Sim,Não,Não,Não,Não,Sim,Não,Não,Não,Não,Sim,Não,Sim,Não,Não,Não,Não,Não,Não,Não,Sim,Sim,Não,Sim,Sim,Não,Não,Não,Não,Não,Sim,Não,Não,Não,Sim,Sim,Sim,Sim,Sim,Sim,Sim,Sim,Sim,Não,Sim,1327,2022,1,Sim,Sim,Não,Sim,Não,Não,Não,Não,Não,Não,Não,0,0,0,Sim,Sim,Não,Não,Sim,Sim,Sim,Sim,Sim,Sim,Não,Sim,Sim,Não,Não,Não,Não,Não,Sim,Não,Não,Não,Não,Não,Sim,Não,Não,Não,Sim,Não,Sim,Sim,Sim,Sim,Sim,Sim,Não,Sim,Sim,Não,Sim,Não,Não,Sim,Não,Não,Não,Sim,Sim,Não,Não,Não,Não,Sim,Sim,Não,Não,Sim,Não,Não,Sim,Sim,Não,Não,Não,Não,Não
1501576,PA,15,Bom Jesus do Tocantins,18005,3 - 10001 até 20000,1 - Norte,Não possui estrutura,-,-,-,-,-,-,-,-,-,-,-,-,-,-,-,-,-,-,-,-,-,-,-,-,Não,Não,Não,Não,Não,Sim,Sim,405,2015,Não,-,-,Não,-,-,Sim,405,2015,Não,-,-,Não,-,-,Não,-,-,Não,-,-,Não,-,-,Não,-,-,Não,-,-,Não,-,-,Não,-,-,Sim,433,2017,Não,-,-,Não,-,-,Não,Não,-,-,-,-,Não,-,-,-,-,-,-,-,-,-,-,-,-,-,-,-,-,-,-,-,-,-,-,-,Sim,357,2010,Ativo,Paritário,Não,Sim,Não,Sim,8,10,Sim,Não,Não,Sim,Sim,Sim,Sim,Sim,Sim,Sim,Sim,Sim,Não,Sim,433,2017,Ativo,Paritário,Não,Sim,Não,Não,24,12,Sim,Não,Não,Sim,Sim,Sim,Sim,Sim,Sim,Sim,Sim,Não,Não,Sim,453,2018,Ativo,Paritário,Não,Sim,Não,Não,24,12,Sim,Não,Não,Sim,Sim,Sim,Sim,Sim,Sim,Sim,Sim,Não,Não,Não,-,-,-,-,-,-,-,-,-,-,-,-,-,-,-,-,-,-,-,-,-,-,-,Não,-,-,-,-,-,-,-,-,-,-,-,-,-,-,-,-,-,-,-,-,-,-,-,Não,-,-,-,-,-,-,-,-,-,-,-,-,-,-,-,-,-,-,-,-,-,-,-,Não,-,-,-,Sim,50,2009,9,Não,-,-,-,Não,-,-,-,Não,-,-,-,Não,-,-,-,Não,-,-,-,Não,-,-,-,Não,-,-,-,Não,-,-,-,Não,Não,Não,Não,Não,Não,Não,Não,Não,Não,Não,Sim,Não,Não,Não,Não,Não,Sim,Sim,Sim,Sim,Não,Sim,Não,Não,Sim,Não,Não,Sim,Não,Não,Não,Sim,Não,Sim,Sim,Não,Sim,Sim,Não,Sim,Não,Não,Não,Não,Não,Não,Não,Não,Sim,Sim,Sim,Não,Não,Não,Sim,Sim,Não,Sim,357,2010,1,Sim,Sim,Não,Não,Não,Não,Não,Não,Não,Não,Não,0,0,1,Sim,Sim,Sim,Sim,Não,Não,Não,Sim,Sim,Não,Não,Sim,Não,Sim,Não,Não,Não,Não,Não,Não,Não,Não,Não,Não,Não,Não,Não,Não,Não,Não,Sim,Sim,Sim,Sim,Sim,Sim,Não,Sim,Sim,Não,Não,-,-,-,-,-,-,-,-,-,Não,Sim,Não,Sim,Não,Não,Não,Não,Não,Não,Sim,Não,Não,Não,Não,Não,Não
1501600,PA,15,Bonito,12622,3 - 10001 até 20000,1 - Norte,Não possui estrutura,-,-,-,-,-,-,-,-,-,-,-,-,-,-,-,-,-,-,-,-,-,-,-,-,Sim,Não,Não,Não,Não,Não,Não,-,-,Não,-,-,Sim,4,2023,Não,-,-,Não,-,-,Não,-,-,Não,-,-,Não,-,-,Não,-,-,Não,-,-,Não,-,-,Não,-,-,Não,-,-,Não,-,-,Não,-,-,Não,-,-,Não,Não,-,-,-,-,Não,-,-,-,-,-,-,-,-,-,-,-,-,-,-,-,-,-,-,-,-,-,-,-,Sim,7,2015,Ativo,Paritário,Sim,Sim,Não,Sim,16,16,Não,Sim,Não,Sim,Sim,Sim,Sim,Sim,Não,Não,Sim,Não,Não,Não,-,-,-,-,-,-,-,-,-,-,-,-,-,-,-,-,-,-,-,-,-,-,-,Não,-,-,-,-,-,-,-,-,-,-,-,-,-,-,-,-,-,-,-,-,-,-,-,Não,-,-,-,-,-,-,-,-,-,-,-,-,-,-,-,-,-,-,-,-,-,-,-,Não,-,-,-,-,-,-,-,-,-,-,-,-,-,-,-,-,-,-,-,-,-,-,-,Não,-,-,-,-,-,-,-,-,-,-,-,-,-,-,-,-,-,-,-,-,-,-,-,Não,-,-,-,Não,-,-,-,Não,-,-,-,Não,-,-,-,Não,-,-,-,Não,-,-,-,Não,-,-,-,Não,-,-,-,Não,-,-,-,Não,-,-,-,Sim,Não,Sim,Não,Não,Não,Não,Não,Não,Não,Não,Não,Não,Não,Não,Não,Não,Sim,Não,Não,Não,Não,Não,Não,Não,Não,Não,Não,Não,Não,Não,Não,Não,Sim,Sim,Sim,Não,Não,Não,Não,Não,Não,Não,Não,Não,Sim,Não,Não,Não,Sim,Sim,Sim,Não,Não,Sim,Não,Não,Não,Sim,7,2015,1,Não,Não,Sim,Não,Não,Não,Não,Não,Não,Não,Não,0,0,0,Não,-,-,-,-,-,-,-,-,-,-,Sim,Não,Sim,Não,Não,Não,Não,Não,Não,Não,Não,Não,Não,Não,Não,Não,Não,Não,Não,Não,-,-,-,-,-,-,-,-,-,Não,-,-,-,-,-,-,-,-,-,Não,Não,Não,Não,Não,Não,Não,Sim,Não,Não,Não,Não,Não,Não,Não,Não,Sim
1501709,PA,15,Bragança,123082,6 - 100001 até 500000,1 - Norte,Não possui estrutura,-,-,-,-,-,-,-,-,-,-,-,-,-,-,-,-,-,-,-,-,-,-,-,-,Não,Sim,Não,Não,Não,Não,Não,-,-,Não,-,-,Não,-,-,Não,-,-,Não,-,-,Não,-,-,Não,-,-,Não,-,-,Não,-,-,Não,-,-,Não,-,-,Não,-,-,Não,-,-,Não,-,-,Não,-,-,Não,-,-,Sim,Não,-,-,-,-,Não,-,-,-,-,-,-,-,-,-,-,-,-,-,-,-,-,-,-,-,-,-,-,-,Sim,2845,1991,Ativo,Paritário,Sim,Sim,Sim,Sim,20,20,Não,Sim,Não,Sim,Sim,Sim,Sim,Sim,Não,Não,Sim,Não,Sim,Sim,4023,2009,Ativo,Paritário,Sim,Sim,Sim,Sim,4,20,Não,Sim,Não,Sim,Sim,Sim,Sim,Sim,Não,Não,Não,Não,Sim,Sim,4015,2009,Ativo,Paritário,Sim,Sim,Não,Sim,5,20,Não,Sim,Não,Sim,Sim,Sim,Sim,Sim,Não,Não,Não,Não,Não,Não,-,-,-,-,-,-,-,-,-,-,-,-,-,-,-,-,-,-,-,-,-,-,-,Não,-,-,-,-,-,-,-,-,-,-,-,-,-,-,-,-,-,-,-,-,-,-,-,Não,-,-,-,-,-,-,-,-,-,-,-,-,-,-,-,-,-,-,-,-,-,-,-,Não,-,-,-,Não,-,-,-,Não,-,-,-,Não,-,-,-,Não,-,-,-,Não,-,-,-,Não,-,-,-,Não,-,-,-,Não,-,-,-,Não,-,-,-,Sim,Não,Sim,Sim,Não,Sim,Não,Não,Não,Não,Não,Não,Não,Sim,Não,Não,Não,Não,Sim,Não,Não,Não,Sim,Não,Sim,Não,Sim,Não,Sim,Não,Sim,Não,Não,Não,Sim,Sim,Sim,Sim,Não,Sim,Não,Não,Não,Não,Não,Não,Não,Não,Não,Sim,Sim,Sim,Sim,Sim,Sim,Não,Sim,Não,Sim,2845,1991,2,Sim,Não,Não,Não,Não,Não,Não,Não,Não,Não,Não,0,0,0,Sim,Sim,Não,Sim,Sim,Sim,Não,Não,Não,Não,Não,Sim,Não,Não,Não,Não,Não,Não,Não,Não,Não,Não,Sim,Não,Não,Não,Não,Não,Não,Não,Sim,Sim,Sim,Sim,Sim,Não,Não,Sim,Não,Não,Sim,Sim,Sim,Sim,Sim,Não,Sim,Sim,Sim,Não,Não,Não,Não,Sim,Sim,Sim,Não,Sim,Não,Não,Sim,Sim,Não,Sim,Não,Sim,Não
1501725,PA,15,Brasil Novo,24718,4 - 20001 até 50000,1 - Norte,Não possui estrutura,-,-,-,-,-,-,-,-,-,-,-,-,-,-,-,-,-,-,-,-,-,-,-,-,Não,Não,Não,Não,Não,Sim,Não,-,-,Não,-,-,Não,-,-,Sim,336,2023,Não,-,-,Não,-,-,Não,-,-,Não,-,-,Não,-,-,Não,-,-,Não,-,-,Não,-,-,Não,-,-,Sim,229,2016,Não,-,-,Não,-,-,Não,Não,-,-,-,-,Não,-,-,-,-,-,-,-,-,-,-,-,-,-,-,-,-,-,-,-,-,-,-,-,Sim,336,2023,Ativo,Paritário,Sim,Sim,Sim,Sim,12,16,Não,Não,Sim,Sim,Sim,Sim,Sim,Sim,Não,Não,Sim,Sim,Sim,Sim,229,2016,Inativo,-,-,-,-,-,-,-,-,-,-,-,-,-,-,-,-,-,-,-,-,Não,-,-,-,-,-,-,-,-,-,-,-,-,-,-,-,-,-,-,-,-,-,-,-,Não,-,-,-,-,-,-,-,-,-,-,-,-,-,-,-,-,-,-,-,-,-,-,-,Não,-,-,-,-,-,-,-,-,-,-,-,-,-,-,-,-,-,-,-,-,-,-,-,Não,-,-,-,-,-,-,-,-,-,-,-,-,-,-,-,-,-,-,-,-,-,-,-,Não,-,-,-,Não,-,-,-,Não,-,-,-,Não,-,-,-,Não,-,-,-,Não,-,-,-,Não,-,-,-,Não,-,-,-,Não,-,-,-,Não,-,-,-,Sim,Não,Sim,Não,Não,Não,Não,Não,Não,Não,Não,Não,Não,Sim,Não,Não,Não,Não,Não,Não,Não,Não,Não,Não,Sim,Não,Não,Não,Não,Não,Não,Não,Não,Não,Sim,Não,Não,Sim,Sim,Não,Não,Não,Não,Não,Não,Não,Não,Não,Não,Sim,Não,Sim,Não,Não,Sim,Não,Não,Não,Sim,336,2023,1,Não,Não,Não,Não,Não,Não,Não,Sim,Não,Não,Não,0,0,0,Não,-,-,-,-,-,-,-,-,-,-,Não,Não,Sim,Não,Não,Não,Não,Não,Não,Não,Não,Não,Não,Não,Não,Não,Não,Não,Não,Sim,Não,Sim,Não,Não,Não,Não,Não,Não,Não,Não,-,-,-,-,-,-,-,-,-,Não,Não,Não,Sim,Não,Não,Não,Sim,Não,Não,Sim,Sim,Não,Não,Não,Não,Não
1501758,PA,15,Brejo Grande do Araguaia,6783,2 - 5001 até 10000,1 - Norte,Não possui estrutura,-,-,-,-,-,-,-,-,-,-,-,-,-,-,-,-,-,-,-,-,-,-,-,-,Não,Não,Não,Não,Não,Sim,Não,-,-,Não,-,-,Não,-,-,Não,-,-,Não,-,-,Não,-,-,Não,-,-,Não,-,-,Não,-,-,Não,-,-,Não,-,-,Não,-,-,Não,-,-,Não,-,-,Não,-,-,Não,-,-,Sim,Em elaboração,-,-,-,-,Não,-,-,-,-,-,-,-,-,-,-,-,-,-,-,-,-,-,-,-,-,-,-,-,Sim,2,2015,Ativo,Paritário,Sim,Sim,Sim,Sim,20,16,Sim,Não,Não,Sim,Sim,Sim,Sim,Sim,Sim,Não,Não,Não,Sim,Não,-,-,-,-,-,-,-,-,-,-,-,-,-,-,-,-,-,-,-,-,-,-,-,Não,-,-,-,-,-,-,-,-,-,-,-,-,-,-,-,-,-,-,-,-,-,-,-,Não,-,-,-,-,-,-,-,-,-,-,-,-,-,-,-,-,-,-,-,-,-,-,-,Não,-,-,-,-,-,-,-,-,-,-,-,-,-,-,-,-,-,-,-,-,-,-,-,Não,-,-,-,-,-,-,-,-,-,-,-,-,-,-,-,-,-,-,-,-,-,-,-,Não,-,-,-,Não,-,-,-,Não,-,-,-,Não,-,-,-,Não,-,-,-,Não,-,-,-,Não,-,-,-,Não,-,-,-,Não,-,-,-,Não,-,-,-,Sim,Não,Sim,Não,Não,Não,Não,Não,Não,Não,Não,Não,Não,Não,Não,Não,Não,Sim,Sim,Não,Não,Não,Não,Não,Sim,Não,Não,Não,Não,Não,Não,Não,Não,Não,Sim,Não,Não,Sim,Sim,Sim,Não,Não,Não,Não,Não,Não,Não,Não,Sim,Sim,Sim,Sim,Sim,Não,Sim,Não,Sim,Não,Sim,411,1996,1,Sim,Não,Não,Não,Não,Não,Não,Sim,Não,Não,Não,0,1,0,Sim,Sim,Não,Não,Não,Não,Não,Sim,Não,Não,Não,Sim,Não,Sim,Não,Não,Não,Não,Não,Não,Não,Não,Não,Não,Sim,Não,Não,Não,Não,Não,Sim,Sim,Sim,Sim,Sim,Sim,Não,Sim,Sim,Não,Não,-,-,-,-,-,-,-,-,-,Não,Não,Não,Sim,Não,Não,Não,Sim,Não,Não,Sim,Não,Não,Não,Não,Não,Sim
1501782,PA,15,Breu Branco,45712,4 - 20001 até 50000,1 - Norte,Não possui estrutura,-,-,-,-,-,-,-,-,-,-,-,-,-,-,-,-,-,-,-,-,-,-,-,-,Não,Não,Não,Não,Não,Sim,Não,-,-,Não,-,-,Não,-,-,Sim,326,2004,Sim,1362,2022,Não,-,-,Não,-,-,Não,-,-,Não,-,-,Não,-,-,Não,-,-,Não,-,-,Não,-,-,Não,-,-,Não,-,-,Não,-,-,Não,Não,-,-,-,-,Não,-,-,-,-,-,-,-,-,-,-,-,-,-,-,-,-,-,-,-,-,-,-,-,Sim,326,2004,Ativo,Paritário,Sim,Sim,Sim,Sim,24,16,Não,Sim,Não,Sim,Sim,Sim,Sim,Sim,Não,Não,Sim,Não,Não,Sim,413,2006,Ativo,Paritário,Sim,Sim,Sim,Sim,12,12,Não,Sim,Não,Sim,Sim,Sim,Sim,Sim,Não,Não,Não,Não,Não,Não,-,-,-,-,-,-,-,-,-,-,-,-,-,-,-,-,-,-,-,-,-,-,-,Não,-,-,-,-,-,-,-,-,-,-,-,-,-,-,-,-,-,-,-,-,-,-,-,Não,-,-,-,-,-,-,-,-,-,-,-,-,-,-,-,-,-,-,-,-,-,-,-,Não,-,-,-,-,-,-,-,-,-,-,-,-,-,-,-,-,-,-,-,-,-,-,-,Não,-,-,-,Não,-,-,-,Não,-,-,-,Não,-,-,-,Não,-,-,-,Não,-,-,-,Não,-,-,-,Não,-,-,-,Não,-,-,-,Não,-,-,-,Sim,Não,Sim,Não,Não,Não,Não,Não,Não,Não,Não,Não,Não,Sim,Não,Não,Não,Não,Não,Não,Sim,Não,Não,Não,Não,Não,Não,Não,Não,Não,Sim,Não,Não,Não,Sim,Sim,Sim,Sim,Sim,Sim,Não,Não,Não,Não,Não,Não,Não,Não,Sim,Sim,Sim,Sim,Não,Sim,Sim,Não,Sim,Não,Sim,326,2004,1,Sim,Não,Não,Não,Não,Não,Sim,Sim,Não,Não,Não,0,0,0,Sim,Sim,Não,Não,Sim,Sim,Não,Não,Não,Não,Não,Sim,Não,Não,Não,Não,Não,Não,Não,Não,Não,Sim,Não,Não,Não,Não,Não,Não,Não,Não,Sim,Sim,Sim,Sim,Sim,Sim,Sim,Sim,Sim,Não,Não,-,-,-,-,-,-,-,-,-,Não,Não,Não,Sim,Não,Não,Não,Sim,Não,Não,Não,Não,Não,Não,Não,Não,Sim
1501808,PA,15,Breves,106968,6 - 100001 até 500000,1 - Norte,Não possui estrutura,-,-,-,-,-,-,-,-,-,-,-,-,-,-,-,-,-,-,-,-,-,-,-,-,Não,Não,Não,Não,Não,Sim,Não,-,-,Não,-,-,Não,-,-,Não,-,-,Não,-,-,Não,-,-,Não,-,-,Não,-,-,Não,-,-,Não,-,-,Não,-,-,Não,-,-,Não,-,-,Não,-,-,Não,-,-,Não,-,-,Sim,Não,-,-,-,-,Não,-,-,-,-,-,-,-,-,-,-,-,-,-,-,-,-,-,-,-,-,-,-,-,Sim,2384,2015,Ativo,Paritário,Sim,Sim,Sim,Sim,30,16,Não,Sim,Não,Sim,Sim,Sim,Sim,Sim,Não,Sim,Sim,Não,Sim,Não,-,-,-,-,-,-,-,-,-,-,-,-,-,-,-,-,-,-,-,-,-,-,-,Não,-,-,-,-,-,-,-,-,-,-,-,-,-,-,-,-,-,-,-,-,-,-,-,Não,-,-,-,-,-,-,-,-,-,-,-,-,-,-,-,-,-,-,-,-,-,-,-,Não,-,-,-,-,-,-,-,-,-,-,-,-,-,-,-,-,-,-,-,-,-,-,-,Não,-,-,-,-,-,-,-,-,-,-,-,-,-,-,-,-,-,-,-,-,-,-,-,Não,-,-,-,Não,-,-,-,Não,-,-,-,Não,-,-,-,Não,-,-,-,Não,-,-,-,Não,-,-,-,Não,-,-,-,Não,-,-,-,Não,-,-,-,Sim,Não,Não,Não,Não,Não,Não,Não,Não,Não,Não,Sim,Não,Não,Não,Não,Não,Sim,Sim,Não,Sim,Não,Sim,Sim,Sim,Não,Não,Não,Não,Não,Não,Não,Não,Não,Sim,Sim,Sim,Não,Sim,Sim,Não,Sim,Não,Não,Não,Sim,Não,Não,Sim,Sim,Sim,Sim,Não,Sim,Não,Não,Sim,Não,Sim,2384,2015,1,Não,Não,Não,Não,Não,Não,Não,Sim,Não,Não,Não,0,0,0,Sim,Não,Não,Não,Não,Sim,Não,Sim,Não,Não,Não,Não,Não,Não,Não,Não,Não,Não,Não,Não,Não,Não,Não,Sim,Não,Não,Não,Não,Não,Não,Sim,Sim,Sim,Sim,Não,Sim,Não,Sim,Não,Não,Não,-,-,-,-,-,-,-,-,-,Não,Não,Não,Não,Sim,Não,Não,Não,Não,Não,Sim,Não,Não,Não,Não,Sim,Não
1501907,PA,15,Bujaru,24383,4 - 20001 até 50000,1 - Norte,Setor subordinado a outra secretaria,Sim,Não,Não,Não,Não,Não,Masculino,59,Branca,Não,Ensino médio (2º Grau) completo,Não,Sim,Sim,Sim,Sim,Sim,Não,Sim,Sim,Sim,Sim,Sim,Não,Não,Sim,Não,Não,Sim,Não,Sim,651,2015,Sim,536,2006,Sim,712,2022,Sim,712,2022,Sim,712,2022,Sim,701,2021,Sim,701,2021,Não,-,-,Não,-,-,Não,-,-,Não,-,-,Não,-,-,Não,-,-,Sim,535,2006,Sim,712,2022,Não,-,-,Não,Não,-,-,-,-,Não,-,-,-,-,-,-,-,-,-,-,-,-,-,-,-,-,-,-,-,-,-,-,-,Sim,651,2015,Ativo,Paritário,Sim,Sim,Sim,Sim,7,20,Não,Não,Sim,Sim,Não,Não,Não,Não,Não,Não,Não,Sim,Não,Sim,535,2006,Ativo,Paritário,Sim,Sim,Sim,Sim,1,24,Não,Não,Sim,Sim,Sim,Não,Não,Não,Não,Não,Não,Não,Não,Sim,546,2007,Ativo,Tem maior representação da sociedade civil,Sim,Sim,Sim,Sim,0,18,Não,Não,Sim,Sim,Sim,Não,Não,Não,Não,Não,Não,Não,Não,Não,-,-,-,-,-,-,-,-,-,-,-,-,-,-,-,-,-,-,-,-,-,-,-,Sim,701,2021,Ativo,Paritário,Sim,Sim,Sim,Sim,3,12,Não,Não,Sim,Sim,Sim,Não,Não,Sim,Não,Não,Não,Sim,Não,Não,-,-,-,-,-,-,-,-,-,-,-,-,-,-,-,-,-,-,-,-,-,-,-,Não,-,-,-,Não,-,-,-,Não,-,-,-,Não,-,-,-,Não,-,-,-,Não,-,-,-,Não,-,-,-,Não,-,-,-,Não,-,-,-,Não,-,-,-,Sim,Não,Sim,Não,Não,Sim,Não,Sim,Não,Não,Não,Não,Não,Sim,Sim,Não,Sim,Não,Sim,Sim,Sim,Não,Sim,Sim,Sim,Não,Sim,Não,Sim,Não,Sim,Não,Não,Não,Sim,Sim,Não,Não,Sim,Não,Não,Não,Não,Não,Não,Não,Não,Não,Não,Sim,Sim,Sim,Sim,Não,Sim,Não,Não,Não,Sim,651,2015,5,Sim,Sim,Não,Não,Não,Não,Sim,Não,Não,Não,Não,0,0,0,Não,-,-,-,-,-,-,-,-,-,-,Sim,Não,Não,Não,Não,Não,Não,Não,Não,Não,Não,Não,Não,Não,Não,Não,Não,Não,Não,Sim,Sim,Sim,Sim,Não,Sim,Não,Sim,Sim,Não,Não,-,-,-,-,-,-,-,-,-,Não,Não,Não,Não,Não,Não,Não,Não,Não,Sim,Não,Não,Não,Não,Não,Sim,Não
1501956,PA,15,Cachoeira do Piriá,19630,3 - 10001 até 20000,1 - Norte,Não possui estrutura,-,-,-,-,-,-,-,-,-,-,-,-,-,-,-,-,-,-,-,-,-,-,-,-,Não,Não,Não,Não,Não,Sim,Não,-,-,Não,-,-,Não,-,-,Não,-,-,Não,-,-,Não,-,-,Não,-,-,Não,-,-,Não,-,-,Não,-,-,Não,-,-,Não,-,-,Não,-,-,Não,-,-,Não,-,-,Não,-,-,Sim,Não,-,-,-,-,Não,-,-,-,-,-,-,-,-,-,-,-,-,-,-,-,-,-,-,-,-,-,-,-,Sim,27,2014,Ativo,Paritário,Sim,Sim,Sim,Sim,9,20,Sim,Não,Não,Sim,Sim,Sim,Sim,Sim,Não,Não,Sim,Não,Sim,Não,-,-,-,-,-,-,-,-,-,-,-,-,-,-,-,-,-,-,-,-,-,-,-,Não,-,-,-,-,-,-,-,-,-,-,-,-,-,-,-,-,-,-,-,-,-,-,-,Não,-,-,-,-,-,-,-,-,-,-,-,-,-,-,-,-,-,-,-,-,-,-,-,Não,-,-,-,-,-,-,-,-,-,-,-,-,-,-,-,-,-,-,-,-,-,-,-,Não,-,-,-,-,-,-,-,-,-,-,-,-,-,-,-,-,-,-,-,-,-,-,-,Não,-,-,-,Não,-,-,-,Não,-,-,-,Não,-,-,-,Não,-,-,-,Não,-,-,-,Não,-,-,-,Não,-,-,-,Não,-,-,-,Não,-,-,-,Sim,Não,Sim,Não,Não,Não,Não,Não,Não,Não,Não,Não,Não,Sim,Não,Não,Não,Não,Não,Não,Não,Não,Não,Não,Não,Não,Não,Não,Não,Não,Não,Não,Não,Sim,Sim,Não,Não,Sim,Não,Sim,Não,Não,Não,Não,Não,Não,Não,Não,Sim,Sim,Não,Sim,Não,Não,Sim,Não,Não,Não,Sim,2712,2014,1,Não,Não,Não,Não,Não,Não,Não,Sim,Não,Não,Não,0,0,0,Sim,Não,Não,Não,Não,Sim,Não,Sim,Não,Não,Não,Não,Não,Não,Não,Não,Não,Não,Não,Não,Não,Não,Não,Não,Não,Não,Não,Não,Não,Sim,Sim,Sim,Sim,Não,Não,Não,Não,Não,Não,Não,Não,-,-,-,-,-,-,-,-,-,Não,Não,Não,Não,Não,Não,Não,Sim,Sim,Não,Sim,Não,Não,Não,Não,Não,Sim
1502004,PA,15,Cachoeira do Arari,23981,4 - 20001 até 50000,1 - Norte,Setor subordinado a outra secretaria,Sim,Não,Não,Não,Não,Não,Feminino,38,Parda,Sim,Especialização,Não,Sim,Sim,Sim,Sim,Sim,Sim,Sim,Não,Sim,Sim,Sim,Não,Sim,Sim,Sim,Sim,Sim,Não,Não,-,-,Sim,60,2008,Não,-,-,Não,-,-,Não,-,-,Não,-,-,Não,-,-,Não,-,-,Não,-,-,Não,-,-,Não,-,-,Não,-,-,Não,-,-,Não,-,-,Não,-,-,Não,-,-,Não,Não,-,-,-,-,Não,-,-,-,-,-,-,-,-,-,-,-,-,-,-,-,-,-,-,-,-,-,-,-,Sim,93,1998,Ativo,Paritário,Sim,Sim,Sim,Sim,18,6,Sim,Não,Não,Sim,Sim,Sim,Sim,Sim,Sim,Sim,Sim,Sim,Sim,Sim,63,2009,Ativo,Paritário,Sim,Sim,Não,Não,12,12,Não,Sim,Não,Sim,Sim,Sim,Sim,Sim,Sim,Sim,Sim,Não,Sim,Sim,68,2009,Inativo,-,-,-,-,-,-,-,-,-,-,-,-,-,-,-,-,-,-,-,-,Não,-,-,-,-,-,-,-,-,-,-,-,-,-,-,-,-,-,-,-,-,-,-,-,Não,-,-,-,-,-,-,-,-,-,-,-,-,-,-,-,-,-,-,-,-,-,-,-,Não,-,-,-,-,-,-,-,-,-,-,-,-,-,-,-,-,-,-,-,-,-,-,-,Não,-,-,-,Não,-,-,-,Não,-,-,-,Não,-,-,-,Não,-,-,-,Sim,65,2023,2,Não,-,-,-,Não,-,-,-,Não,-,-,-,Não,-,-,-,Não,Não,Sim,Não,Não,Não,Não,Não,Não,Não,Não,Não,Não,Sim,Não,Não,Não,Não,Sim,Sim,Sim,Não,Sim,Não,Não,Não,Sim,Não,Sim,Não,Sim,Sim,Não,Não,Sim,Sim,Não,Sim,Sim,Sim,Sim,Não,Não,Não,Não,Não,Sim,Não,Sim,Sim,Sim,Sim,Sim,Sim,Sim,Sim,Sim,Não,Sim,170,2023,1,Sim,Sim,Não,Sim,Sim,Não,Não,Sim,Não,Não,Não,0,0,0,Sim,Sim,Não,Sim,Não,Sim,Não,Sim,Não,Não,Não,Sim,Não,Sim,Sim,Não,Não,Não,Não,Não,Sim,Não,Sim,Não,Sim,Não,Não,Não,Sim,Não,Sim,Sim,Sim,Sim,Sim,Sim,Não,Não,Não,Não,Sim,Não,Não,Sim,Sim,Não,Sim,Sim,Sim,Não,Não,Não,Não,Não,Sim,Sim,Sim,Sim,Não,Não,Sim,Sim,Não,Sim,Não,Sim,Não
1502103,PA,15,Cametá,134184,6 - 100001 até 500000,1 - Norte,Não possui estrutura,-,-,-,-,-,-,-,-,-,-,-,-,-,-,-,-,-,-,-,-,-,-,-,-,Não,Não,Não,Não,Não,Sim,Não,-,-,Não,-,-,Não,-,-,Sim,377,2021,Não,-,-,Não,-,-,Não,-,-,Não,-,-,Não,-,-,Não,-,-,Não,-,-,Não,-,-,Não,-,-,Não,-,-,Não,-,-,Não,-,-,Não,Não,-,-,-,-,Não,-,-,-,-,-,-,-,-,-,-,-,-,-,-,-,-,-,-,-,-,-,-,-,Sim,268,2014,Ativo,Paritário,Não,Sim,Sim,Sim,12,12,Não,Sim,Não,Sim,Sim,Sim,Sim,Sim,Não,Não,Não,Não,Não,Sim,377,2021,Inativo,-,-,-,-,-,-,-,-,-,-,-,-,-,-,-,-,-,-,-,-,Sim,319,2018,"Foi criado, mas não foi instalado",-,-,-,-,-,-,-,-,-,-,-,-,-,-,-,-,-,-,-,-,Não,-,-,-,-,-,-,-,-,-,-,-,-,-,-,-,-,-,-,-,-,-,-,-,Não,-,-,-,-,-,-,-,-,-,-,-,-,-,-,-,-,-,-,-,-,-,-,-,Não,-,-,-,-,-,-,-,-,-,-,-,-,-,-,-,-,-,-,-,-,-,-,-,Não,-,-,-,Não,-,-,-,Não,-,-,-,Não,-,-,-,Não,-,-,-,Não,-,-,-,Não,-,-,-,Não,-,-,-,Não,-,-,-,Não,-,-,-,Sim,Não,Sim,Não,Não,Não,Não,Não,Não,Não,Não,Não,Não,Sim,Não,Não,Não,Não,Sim,Não,Sim,Não,Não,Não,Sim,Não,Não,Não,Não,Não,Sim,Não,Não,Não,Sim,Não,Não,Não,Não,Sim,Não,Não,Não,Não,Não,Não,Não,Não,Sim,Sim,Sim,Sim,Não,Sim,Sim,Não,Sim,Não,Sim,268,2014,2,Sim,Não,Não,Não,Não,Não,Não,Não,Não,Não,Não,0,0,0,Não,-,-,-,-,-,-,-,-,-,-,Não,Não,Não,Não,Não,Não,Não,Não,Não,Não,Não,Não,Não,Não,Não,Não,Não,Não,Sim,Sim,Sim,Sim,Sim,Não,Sim,Não,Sim,Não,Não,Não,-,-,-,-,-,-,-,-,-,Não,Não,Não,Não,Não,Não,Não,Não,Não,Sim,Não,Não,Não,Não,Não,Não,Sim
1502152,PA,15,Canaã dos Carajás,77079,5 - 50001 até 100000,1 - Norte,Setor subordinado a outra secretaria,Sim,Não,Não,Não,Não,Não,Feminino,49,Parda,Não,Especialização,Sim,Sim,Sim,Sim,Sim,Sim,Sim,Sim,Sim,Sim,Não,Sim,Não,Não,Não,Não,Não,Não,Sim,Sim,553,2012,Não,-,-,Sim,775,2017,Não,-,-,Não,-,-,Não,-,-,Não,-,-,Não,-,-,Não,-,-,Não,-,-,Não,-,-,Não,-,-,Sim,25,2001,Sim,131,2006,Não,-,-,Não,-,-,Não,Não,-,-,-,-,Não,-,-,-,-,-,-,-,-,-,-,-,-,-,-,-,-,-,-,-,-,-,-,-,Sim,667,2015,Ativo,Paritário,Sim,Sim,Sim,Sim,17,28,Sim,Não,Não,Sim,Sim,Sim,Sim,Sim,Não,Não,Sim,Sim,Sim,Sim,967,2021,Ativo,Paritário,Sim,Sim,Sim,Sim,15,12,Sim,Não,Não,Sim,Sim,Sim,Sim,Sim,Não,Não,Sim,Não,Sim,Sim,190,2008,Ativo,Paritário,Sim,Sim,Sim,Sim,12,24,Sim,Não,Não,Sim,Sim,Sim,Sim,Sim,Não,Não,Sim,Não,Sim,Não,-,-,-,-,-,-,-,-,-,-,-,-,-,-,-,-,-,-,-,-,-,-,-,Não,-,-,-,-,-,-,-,-,-,-,-,-,-,-,-,-,-,-,-,-,-,-,-,Não,-,-,-,-,-,-,-,-,-,-,-,-,-,-,-,-,-,-,-,-,-,-,-,Não,-,-,-,Não,-,-,-,Não,-,-,-,Não,-,-,-,Não,-,-,-,Não,-,-,-,Não,-,-,-,Não,-,-,-,Não,-,-,-,Não,-,-,-,Sim,Não,Sim,Não,Não,Não,Não,Não,Não,Não,Sim,Não,Não,Sim,Não,Não,Não,Não,Sim,Não,Sim,Não,Não,Não,Sim,Não,Não,Não,Não,Não,Sim,Não,Não,Não,Sim,Sim,Sim,Sim,Sim,Sim,Não,Não,Não,Sim,Não,Sim,Não,Não,Sim,Sim,Sim,Sim,Não,Sim,Sim,Não,Não,Não,Sim,667,2015,1,Não,Não,Não,Não,Não,Não,Não,Sim,Não,Não,Não,0,0,0,Sim,Sim,Sim,Sim,Sim,Sim,Não,Sim,Não,Não,Não,Sim,Não,Sim,Sim,Não,Não,Não,Não,Não,Não,Sim,Não,Não,Sim,Não,Não,Não,Não,Não,Sim,Sim,Sim,Sim,Não,Sim,Não,Sim,Sim,Não,Sim,Sim,Não,Sim,Sim,Sim,Sim,Sim,Sim,Não,Não,Não,Não,Não,Sim,Não,Não,Sim,Não,Não,Não,Sim,Não,Não,Não,Não,Sim
1502202,PA,15,Capanema,70394,5 - 50001 até 100000,1 - Norte,Não possui estrutura,-,-,-,-,-,-,-,-,-,-,-,-,-,-,-,-,-,-,-,-,-,-,-,-,Não,Não,Não,Não,Não,Sim,Não,-,-,Não,-,-,Não,-,-,Não,-,-,Não,-,-,Não,-,-,Não,-,-,Não,-,-,Não,-,-,Não,-,-,Não,-,-,Não,-,-,Não,-,-,Não,-,-,Não,-,-,Não,-,-,Sim,Não,-,-,-,-,Não,-,-,-,-,-,-,-,-,-,-,-,-,-,-,-,-,-,-,-,-,-,-,-,Sim,4954,1991,Ativo,Paritário,Sim,Sim,Não,Sim,14,24,Não,Sim,Não,Sim,Não,Sim,Sim,Sim,Não,Sim,Sim,Não,Sim,Sim,6202,2006,Ativo,Paritário,Sim,Sim,Não,Sim,13,24,Não,Sim,Não,Sim,Sim,Sim,Sim,Sim,Não,Sim,Sim,Não,Sim,Sim,6204,2006,Inativo,-,-,-,-,-,-,-,-,-,-,-,-,-,-,-,-,-,-,-,-,Não,-,-,-,-,-,-,-,-,-,-,-,-,-,-,-,-,-,-,-,-,-,-,-,Não,-,-,-,-,-,-,-,-,-,-,-,-,-,-,-,-,-,-,-,-,-,-,-,Não,-,-,-,-,-,-,-,-,-,-,-,-,-,-,-,-,-,-,-,-,-,-,-,Não,-,-,-,Não,-,-,-,Não,-,-,-,Não,-,-,-,Não,-,-,-,Não,-,-,-,Não,-,-,-,Não,-,-,-,Não,-,-,-,Não,-,-,-,Sim,Não,Sim,Sim,Sim,Não,Não,Não,Não,Não,Não,Não,Não,Sim,Não,Não,Não,Não,Sim,Sim,Não,Não,Sim,Não,Sim,Não,Não,Não,Não,Não,Não,Não,Não,Não,Sim,Sim,Sim,Sim,Sim,Sim,Sim,Não,Sim,Sim,Sim,Sim,Não,Não,Sim,Sim,Sim,Sim,Sim,Sim,Sim,Sim,Sim,Não,Sim,4954,1991,1,Sim,Não,Não,Não,Não,Não,Não,Sim,Não,Não,Não,0,0,0,Sim,Sim,Não,Não,Sim,Sim,Não,Sim,Sim,Sim,Não,Sim,Não,Sim,Sim,Não,Não,Não,Sim,Não,Não,Sim,Não,Não,Sim,Não,Não,Não,Sim,Não,Sim,Sim,Sim,Sim,Não,Sim,Não,Sim,Sim,Não,Sim,Sim,Sim,Sim,Sim,Sim,Sim,Sim,Sim,Não,Não,Não,Não,Sim,Sim,Não,Não,Não,Não,Não,Sim,Sim,Sim,Não,Não,Sim,Não
1502301,PA,15,Capitão Poço,56506,5 - 50001 até 100000,1 - Norte,Setor subordinado a outra secretaria,Sim,Não,Não,Não,Não,Não,Masculino,47,Parda,Sim,Ensino médio (2º Grau) completo,Sim,Sim,Sim,Sim,Sim,Sim,Sim,Não,Sim,Sim,Sim,Sim,Não,Sim,Sim,Sim,Sim,Sim,Não,Não,-,-,Não,-,-,Não,-,-,Não,-,-,Não,-,-,Não,-,-,Não,-,-,Não,-,-,Não,-,-,Não,-,-,Não,-,-,Não,-,-,Não,-,-,Não,-,-,Não,-,-,Não,-,-,Sim,Não,-,-,-,-,Não,-,-,-,-,-,-,-,-,-,-,-,-,-,-,-,-,-,-,-,-,-,-,-,Sim,589,2015,Ativo,Paritário,Sim,Sim,Sim,Sim,13,20,Não,Sim,Não,Sim,Sim,Sim,Sim,Sim,Sim,Não,Sim,Sim,Sim,Não,-,-,-,-,-,-,-,-,-,-,-,-,-,-,-,-,-,-,-,-,-,-,-,Não,-,-,-,-,-,-,-,-,-,-,-,-,-,-,-,-,-,-,-,-,-,-,-,Não,-,-,-,-,-,-,-,-,-,-,-,-,-,-,-,-,-,-,-,-,-,-,-,Não,-,-,-,-,-,-,-,-,-,-,-,-,-,-,-,-,-,-,-,-,-,-,-,Não,-,-,-,-,-,-,-,-,-,-,-,-,-,-,-,-,-,-,-,-,-,-,-,Não,-,-,-,Não,-,-,-,Não,-,-,-,Não,-,-,-,Não,-,-,-,Não,-,-,-,Não,-,-,-,Não,-,-,-,Não,-,-,-,Não,-,-,-,Sim,Não,Sim,Não,Não,Não,Não,Não,Não,Não,Não,Não,Não,Sim,Não,Não,Não,Não,Sim,Sim,Sim,Sim,Sim,Sim,Não,Sim,Não,Sim,Sim,Sim,Sim,Não,Não,Não,Sim,Sim,Sim,Não,Não,Sim,Sim,Não,Não,Sim,Sim,Não,Não,Não,Sim,Sim,Sim,Sim,Sim,Sim,Sim,Sim,Sim,Não,Sim,589,2015,1,Sim,Não,Não,Não,Não,Não,Sim,Sim,Não,Não,Não,0,0,0,Não,-,-,-,-,-,-,-,-,-,-,Não,Não,Não,Não,Não,Não,Não,Não,Não,Não,Não,Não,Não,Não,Não,Não,Não,Não,Sim,Sim,Sim,Sim,Não,Não,Não,Não,Não,Não,Não,Sim,Sim,Sim,Sim,Sim,Sim,Sim,Sim,Sim,Não,Não,Não,Não,Não,Sim,Sim,Não,Sim,Não,Não,Sim,Não,Não,Não,Não,Sim,Não
1502400,PA,15,Castanhal,192256,6 - 100001 até 500000,1 - Norte,Não possui estrutura,-,-,-,-,-,-,-,-,-,-,-,-,-,-,-,-,-,-,-,-,-,-,-,-,Não,Não,Não,Não,Não,Sim,Sim,37,2021,Não,-,-,Não,-,-,Não,-,-,Sim,36,2023,Não,-,-,Não,-,-,Não,-,-,Não,-,-,Não,-,-,Não,-,-,Não,-,-,Não,-,-,Sim,64,2022,Não,-,-,Sim,1,2016,Não,Não,-,-,-,-,Não,-,-,-,-,-,-,-,-,-,-,-,-,-,-,-,-,-,-,-,-,-,-,-,Sim,3,1992,Ativo,Paritário,Sim,Sim,Sim,Não,15,24,Não,Sim,Não,Sim,Sim,Sim,Sim,Sim,Não,Não,Sim,Não,Não,Sim,25,2008,Ativo,Paritário,Sim,Sim,Sim,Não,0,24,Não,Sim,Não,Sim,Sim,Não,Não,Sim,Não,Não,Sim,Não,Sim,Sim,48,2009,Ativo,Paritário,Não,Sim,Não,Não,10,24,Não,Sim,Não,Sim,Sim,Não,Não,Sim,Não,Não,Não,Não,Sim,Não,-,-,-,-,-,-,-,-,-,-,-,-,-,-,-,-,-,-,-,-,-,-,-,Sim,34,2020,Ativo,Paritário,Sim,Sim,Sim,Sim,0,28,Não,Sim,Não,Sim,Sim,Não,Não,Sim,Não,Não,Sim,Não,Sim,Não,-,-,-,-,-,-,-,-,-,-,-,-,-,-,-,-,-,-,-,-,-,-,-,Não,-,-,-,Não,-,-,-,Não,-,-,-,Não,-,-,-,Não,-,-,-,Sim,14,2023,0,Não,-,-,-,Não,-,-,-,Não,-,-,-,Não,-,-,-,Não,Não,Sim,Sim,Não,Sim,Sim,Sim,Não,Não,Não,Não,Não,Sim,Sim,Não,Não,Não,Não,Não,Sim,Não,Sim,Não,Não,Não,Não,Não,Não,Não,Não,Não,Não,Não,Sim,Sim,Não,Sim,Não,Sim,Não,Não,Não,Não,Sim,Não,Não,Não,Não,Sim,Não,Sim,Sim,Sim,Sim,Não,Não,Não,Sim,3,1992,1,Não,Não,Não,Não,Não,Não,Não,Sim,Não,Não,Não,0,0,0,Sim,Sim,Não,Sim,Sim,Não,Não,Sim,Não,Não,Não,Sim,Sim,Não,Sim,Não,Não,Não,Sim,Não,Sim,Sim,Não,Não,Sim,Não,Não,Não,Sim,Não,Sim,Sim,Sim,Sim,Sim,Sim,Não,Sim,Não,Não,Não,-,-,-,-,-,-,-,-,-,Não,Não,Não,Não,Sim,Não,Não,Sim,Não,Não,Não,Sim,Não,Sim,Não,Sim,Sim
1502509,PA,15,Chaves,20757,4 - 20001 até 50000,1 - Norte,Setor subordinado a outra secretaria,Sim,Sim,Não,Sim,Não,Sim,Feminino,35,Parda,Sim,Especialização,Não,Sim,Sim,Sim,Sim,Sim,Não,Sim,Não,Não,Não,Sim,Não,Sim,Sim,Sim,Sim,Sim,Não,Sim,315,2015,Não,-,-,Sim,315,2015,Não,-,-,Sim,10,2022,Não,-,-,Não,-,-,Não,-,-,Não,-,-,Não,-,-,Não,-,-,Não,-,-,Não,-,-,Não,-,-,Não,-,-,Não,-,-,Não,Não,-,-,-,-,Não,-,-,-,-,-,-,-,-,-,-,-,-,-,-,-,-,-,-,-,-,-,-,-,Sim,315,2015,Ativo,Paritário,Sim,Sim,Sim,Sim,12,12,Não,Sim,Não,Sim,Sim,Sim,Sim,Sim,Sim,Não,Sim,Sim,Sim,Não,-,-,-,-,-,-,-,-,-,-,-,-,-,-,-,-,-,-,-,-,-,-,-,Não,-,-,-,-,-,-,-,-,-,-,-,-,-,-,-,-,-,-,-,-,-,-,-,Não,-,-,-,-,-,-,-,-,-,-,-,-,-,-,-,-,-,-,-,-,-,-,-,Não,-,-,-,-,-,-,-,-,-,-,-,-,-,-,-,-,-,-,-,-,-,-,-,Não,-,-,-,-,-,-,-,-,-,-,-,-,-,-,-,-,-,-,-,-,-,-,-,Sim,315,2015,12,Sim,315,2015,6,Não,-,-,-,Não,-,-,-,Não,-,-,-,Não,-,-,-,Não,-,-,-,Não,-,-,-,Não,-,-,-,Não,-,-,-,Não,Não,Sim,Sim,Não,Sim,Não,Não,Não,Não,Não,Não,Não,Sim,Não,Não,Não,Não,Sim,Não,Sim,Não,Sim,Não,Sim,Não,Sim,Sim,Não,Não,Sim,Não,Não,Não,Sim,Sim,Sim,Sim,Sim,Não,Não,Não,Não,Não,Sim,Não,Não,Não,Sim,Sim,Sim,Sim,Sim,Não,Sim,Sim,Não,Não,Sim,315,2015,1,Sim,Sim,Não,Sim,Não,Não,Sim,Sim,Não,Não,Não,0,0,0,Sim,Sim,Não,Não,Não,Sim,Não,Sim,Não,Não,Não,Sim,Não,Sim,Sim,Não,Não,Não,Sim,Não,Não,Não,Sim,Não,Não,Não,Não,Não,Não,Não,Sim,Sim,Sim,Sim,Sim,Sim,Não,Sim,Não,Não,Não,-,-,-,-,-,-,-,-,-,Não,Sim,Não,Não,Sim,Não,Não,Sim,Não,Não,Não,Sim,Não,Não,Não,Não,Sim
1502608,PA,15,Colares,12868,3 - 10001 até 20000,1 - Norte,Setor subordinado diretamente à chefia do Executivo,-,-,-,-,-,-,Feminino,73,Parda,Não,Ensino médio (2º Grau) completo,Não,Não,Não,Não,Não,Não,Não,Não,Não,Não,Não,Não,Sim,Não,Não,Não,Não,Não,Sim,Não,-,-,Não,-,-,Não,-,-,Não,-,-,Não,-,-,Não,-,-,Não,-,-,Não,-,-,Não,-,-,Não,-,-,Não,-,-,Não,-,-,Não,-,-,Não,-,-,Não,-,-,Não,-,-,Sim,Não,-,-,-,-,Não,-,-,-,-,-,-,-,-,-,-,-,-,-,-,-,-,-,-,-,-,-,-,-,Não,-,-,-,-,-,-,-,-,-,-,-,-,-,-,-,-,-,-,-,-,-,-,-,Não,-,-,-,-,-,-,-,-,-,-,-,-,-,-,-,-,-,-,-,-,-,-,-,Não,-,-,-,-,-,-,-,-,-,-,-,-,-,-,-,-,-,-,-,-,-,-,-,Não,-,-,-,-,-,-,-,-,-,-,-,-,-,-,-,-,-,-,-,-,-,-,-,Não,-,-,-,-,-,-,-,-,-,-,-,-,-,-,-,-,-,-,-,-,-,-,-,Não,-,-,-,-,-,-,-,-,-,-,-,-,-,-,-,-,-,-,-,-,-,-,-,Não,-,-,-,Não,-,-,-,Não,-,-,-,Não,-,-,-,Não,-,-,-,Não,-,-,-,Não,-,-,-,Não,-,-,-,Não,-,-,-,Não,-,-,-,Sim,Não,Sim,Não,Não,Não,Não,Não,Não,Não,Não,Não,Não,Sim,Não,Não,Não,Não,Não,Não,Não,Não,Não,Não,Não,Não,Não,Não,Não,Não,Não,Não,Não,Sim,Sim,Sim,Não,Não,Sim,Não,Sim,Não,Não,Não,Sim,Não,Não,Não,Sim,Sim,Sim,Sim,Sim,Sim,Sim,Sim,Sim,Não,Sim,91,2015,1,Não,Não,Sim,Não,Não,Não,Sim,Não,Não,Não,Não,0,0,0,Não,-,-,-,-,-,-,-,-,-,-,Não,Não,Não,Não,Não,Não,Não,Não,Não,Não,Não,Não,Não,Não,Não,Não,Não,Não,Sim,Sim,Sim,Sim,Sim,Sim,Sim,Não,Sim,Sim,Não,Não,-,-,-,-,-,-,-,-,-,Não,Não,Não,Não,Sim,Não,Não,Sim,Não,Não,Sim,Sim,Sim,Não,Não,Sim,Não
1502707,PA,15,Conceição do Araguaia,44617,4 - 20001 até 50000,1 - Norte,Setor subordinado a outra secretaria,Sim,Não,Não,Não,Não,Não,Feminino,46,Parda,Não,Ensino superior completo,Não,Sim,Sim,Sim,Sim,Não,Sim,Não,Não,Não,Não,Não,Não,Não,Não,Não,Não,Não,Sim,Sim,1180,2013,Sim,949,2006,Não,-,-,Sim,1260,2017,Sim,140,2017,Não,-,-,Não,-,-,Não,-,-,Não,-,-,Não,-,-,Não,-,-,Não,-,-,Sim,1088,2009,Sim,719,1998,Não,-,-,Não,-,-,Não,Não,-,-,-,-,Não,-,-,-,-,-,-,-,-,-,-,-,-,-,-,-,-,-,-,-,-,-,-,-,Sim,1215,2015,Ativo,Paritário,Sim,Sim,Sim,Sim,12,20,Sim,Não,Não,Sim,Sim,Sim,Sim,Sim,Sim,Não,Sim,Sim,Sim,Sim,1098,2009,Ativo,Paritário,Sim,Sim,Sim,Sim,12,16,Sim,Não,Não,Sim,Sim,Sim,Sim,Sim,Sim,Não,Sim,Sim,Sim,Não,-,-,-,-,-,-,-,-,-,-,-,-,-,-,-,-,-,-,-,-,-,-,-,Não,-,-,-,-,-,-,-,-,-,-,-,-,-,-,-,-,-,-,-,-,-,-,-,Não,-,-,-,-,-,-,-,-,-,-,-,-,-,-,-,-,-,-,-,-,-,-,-,Não,-,-,-,-,-,-,-,-,-,-,-,-,-,-,-,-,-,-,-,-,-,-,-,Não,-,-,-,Não,-,-,-,Não,-,-,-,Não,-,-,-,Não,-,-,-,Não,-,-,-,Não,-,-,-,Não,-,-,-,Não,-,-,-,Não,-,-,-,Sim,Sim,Sim,Sim,Não,Sim,Sim,Não,Sim,Não,Sim,Não,Não,Sim,Sim,Não,Não,Não,Sim,Sim,Sim,Não,Não,Não,Sim,Não,Não,Não,Não,Não,Não,Não,Não,Não,Sim,Sim,Sim,Sim,Sim,Sim,Não,Sim,Não,Sim,Sim,Não,Não,Não,Sim,Sim,Sim,Sim,Sim,Não,Sim,Não,Sim,Não,Sim,486,1991,1,Não,Não,Não,Não,Não,Não,Sim,Sim,Não,Não,Não,0,0,0,Sim,Sim,Não,Sim,Sim,Sim,Sim,Sim,Sim,Não,Não,Sim,Sim,Sim,Sim,Não,Não,Sim,Sim,Não,Sim,Sim,Sim,Não,Sim,Não,Não,Não,Não,Não,Sim,Sim,Sim,Sim,Sim,Sim,Sim,Sim,Sim,Não,Sim,Sim,Não,Sim,Não,Sim,Sim,Sim,Sim,Não,Não,Não,Não,Sim,Sim,Sim,Sim,Sim,Não,Não,Não,Sim,Sim,Não,Não,Sim,Não
1502756,PA,15,Concórdia do Pará,26881,4 - 20001 até 50000,1 - Norte,Setor subordinado a outra secretaria,Sim,Não,Não,Não,Não,Não,Feminino,58,Parda,Não,Ensino superior completo,Não,Não,Sim,Sim,Sim,Sim,Sim,Sim,Não,Sim,Não,Não,Não,Não,Sim,Sim,Sim,Sim,Não,Sim,745,2015,Sim,261,2007,Não,-,-,Sim,745,2015,Não,-,-,Sim,908,2008,Não,-,-,Não,-,-,Não,-,-,Não,-,-,Não,-,-,Não,-,-,Não,-,-,Não,-,-,Não,-,-,Não,-,-,Não,Não,-,-,-,-,Não,-,-,-,-,-,-,-,-,-,-,-,-,-,-,-,-,-,-,-,-,-,-,-,Sim,745,2015,Ativo,Paritário,Sim,Sim,Sim,Sim,8,20,Não,Sim,Não,Sim,Sim,Sim,Sim,Sim,Não,Sim,Sim,Sim,Não,Sim,190,2001,"Foi criado, mas não foi instalado",-,-,-,-,-,-,-,-,-,-,-,-,-,-,-,-,-,-,-,-,Sim,190,2001,Inativo,-,-,-,-,-,-,-,-,-,-,-,-,-,-,-,-,-,-,-,-,Não,-,-,-,-,-,-,-,-,-,-,-,-,-,-,-,-,-,-,-,-,-,-,-,Sim,908,2018,Ativo,Paritário,Sim,Sim,Sim,Sim,6,16,Não,Sim,Não,Sim,Sim,Sim,Sim,Sim,Sim,Sim,Sim,Sim,Sim,Não,-,-,-,-,-,-,-,-,-,-,-,-,-,-,-,-,-,-,-,-,-,-,-,Não,-,-,-,Não,-,-,-,Não,-,-,-,Não,-,-,-,Não,-,-,-,Não,-,-,-,Não,-,-,-,Não,-,-,-,Não,-,-,-,Não,-,-,-,Sim,Não,Não,Sim,Não,Sim,Sim,Sim,Não,Não,Não,Não,Não,Sim,Não,Não,Sim,Não,Sim,Sim,Sim,Não,Sim,Sim,Sim,Não,Sim,Não,Sim,Não,Sim,Não,Sim,Não,Sim,Sim,Não,Sim,Não,Não,Sim,Não,Sim,Sim,Não,Não,Sim,Não,Sim,Sim,Sim,Sim,Sim,Sim,Sim,Não,Sim,Não,Sim,745,2015,1,Sim,Não,Não,Não,Não,Não,Sim,Sim,Não,Não,Não,0,0,0,Sim,Sim,Não,Não,Não,Sim,Não,Sim,Sim,Não,Não,Sim,Não,Sim,Não,Não,Não,Não,Não,Não,Não,Não,Não,Não,Sim,Não,Não,Não,Não,Não,Sim,Sim,Sim,Sim,Não,Sim,Sim,Sim,Sim,Não,Sim,Sim,Não,Sim,Não,Sim,Não,Não,Sim,Não,Não,Sim,Não,Não,Não,Sim,Não,Sim,Não,Não,Não,Não,Não,Não,Não,Não,Sim
1502764,PA,15,Cumaru do Norte,14036,3 - 10001 até 20000,1 - Norte,Não possui estrutura,-,-,-,-,-,-,-,-,-,-,-,-,-,-,-,-,-,-,-,-,-,-,-,-,Sim,Não,Não,Não,Não,Não,Não,-,-,Não,-,-,Não,-,-,Não,-,-,Não,-,-,Não,-,-,Não,-,-,Não,-,-,Não,-,-,Não,-,-,Não,-,-,Não,-,-,Não,-,-,Não,-,-,Não,-,-,Não,-,-,Sim,Não,-,-,-,-,Não,-,-,-,-,-,-,-,-,-,-,-,-,-,-,-,-,-,-,-,-,-,-,-,Não,-,-,-,-,-,-,-,-,-,-,-,-,-,-,-,-,-,-,-,-,-,-,-,Não,-,-,-,-,-,-,-,-,-,-,-,-,-,-,-,-,-,-,-,-,-,-,-,Não,-,-,-,-,-,-,-,-,-,-,-,-,-,-,-,-,-,-,-,-,-,-,-,Não,-,-,-,-,-,-,-,-,-,-,-,-,-,-,-,-,-,-,-,-,-,-,-,Não,-,-,-,-,-,-,-,-,-,-,-,-,-,-,-,-,-,-,-,-,-,-,-,Não,-,-,-,-,-,-,-,-,-,-,-,-,-,-,-,-,-,-,-,-,-,-,-,Não,-,-,-,Não,-,-,-,Não,-,-,-,Não,-,-,-,Não,-,-,-,Não,-,-,-,Não,-,-,-,Não,-,-,-,Não,-,-,-,Não,-,-,-,Sim,Não,Sim,Não,Não,Não,Não,Não,Não,Não,Não,Não,Não,Sim,Não,Não,Não,Não,Não,Não,Não,Não,Sim,Não,Sim,Não,Sim,Não,Não,Não,Não,Não,Não,Não,Sim,Sim,Não,Não,Não,Não,Sim,Não,Não,Não,Não,Não,Não,Não,Não,Sim,Não,Sim,Não,Não,Não,Não,Não,Não,Sim,288,2013,1,Sim,Não,Não,Não,Não,Não,Não,Não,Não,Não,Não,0,0,1,Não,-,-,-,-,-,-,-,-,-,-,Sim,Não,Não,Não,Não,Não,Não,Não,Não,Não,Não,Não,Não,Não,Não,Não,Não,Não,Não,Sim,Sim,Não,Não,Não,Sim,Não,Sim,Não,Não,Não,-,-,-,-,-,-,-,-,-,Não,Não,Não,Não,Não,Não,Não,Sim,Não,Não,Sim,Não,Não,Não,Não,Não,Não
1502772,PA,15,Curionópolis,19950,3 - 10001 até 20000,1 - Norte,Setor subordinado a outra secretaria,Sim,Não,Não,Não,Não,Não,Masculino,63,Parda,Sim,Especialização,Não,Sim,Sim,Sim,Sim,Sim,Não,Sim,Não,Não,Não,Não,Não,Sim,Sim,Sim,Sim,Não,Não,Sim,1208,2021,Sim,1208,2021,Sim,1208,2021,Sim,1208,2021,Sim,1208,2021,Não,-,-,Não,-,-,Sim,1208,2021,Não,-,-,Não,-,-,Não,-,-,Não,-,-,Não,-,-,Sim,1208,2021,Não,-,-,Não,-,-,Não,Não,-,-,-,-,Não,-,-,-,-,-,-,-,-,-,-,-,-,-,-,-,-,-,-,-,-,-,-,-,Sim,232,2022,Ativo,Paritário,Sim,Sim,Sim,Sim,12,12,Sim,Não,Não,Sim,Sim,Sim,Sim,Sim,Não,Sim,Sim,Sim,Sim,Não,-,-,-,-,-,-,-,-,-,-,-,-,-,-,-,-,-,-,-,-,-,-,-,Sim,1120,2016,Inativo,-,-,-,-,-,-,-,-,-,-,-,-,-,-,-,-,-,-,-,-,Não,-,-,-,-,-,-,-,-,-,-,-,-,-,-,-,-,-,-,-,-,-,-,-,Não,-,-,-,-,-,-,-,-,-,-,-,-,-,-,-,-,-,-,-,-,-,-,-,Não,-,-,-,-,-,-,-,-,-,-,-,-,-,-,-,-,-,-,-,-,-,-,-,Sim,9,2022,6,Não,-,-,-,Não,-,-,-,Não,-,-,-,Não,-,-,-,Sim,37,2022,4,Não,-,-,-,Não,-,-,-,Não,-,-,-,Não,-,-,-,Não,Não,Sim,Não,Não,Sim,Não,Não,Não,Não,Sim,Não,Não,Sim,Não,Não,Não,Não,Não,Sim,Não,Não,Não,Não,Sim,Não,Sim,Sim,Não,Não,Não,Sim,Não,Não,Sim,Sim,Sim,Sim,Sim,Sim,Não,Sim,Não,Sim,Sim,Não,Não,Não,Sim,Sim,Sim,Sim,Sim,Sim,Sim,Não,Sim,Não,Sim,1106,2015,1,Sim,Não,Não,Não,Não,Não,Não,Não,Não,Não,Não,0,0,0,Sim,Sim,Não,Sim,Sim,Sim,Não,Sim,Não,Não,Não,Sim,Sim,Sim,Não,Sim,Não,Não,Não,Não,Não,Sim,Não,Não,Sim,Não,Não,Não,Não,Não,Sim,Não,Sim,Não,Não,Não,Não,Não,Não,Não,Não,-,-,-,-,-,-,-,-,-,Não,Não,Não,Não,Não,Não,Não,Sim,Não,Não,Sim,Sim,Sim,Sim,Não,Não,Não
1502806,PA,15,Curralinho,33903,4 - 20001 até 50000,1 - Norte,Não possui estrutura,-,-,-,-,-,-,-,-,-,-,-,-,-,-,-,-,-,-,-,-,-,-,-,-,Sim,Não,Não,Não,Não,Não,Não,-,-,Não,-,-,Não,-,-,Não,-,-,Sim,849,2015,Não,-,-,Não,-,-,Não,-,-,Não,-,-,Não,-,-,Não,-,-,Não,-,-,Não,-,-,Sim,840,2015,Não,-,-,Não,-,-,Não,Não,-,-,-,-,Não,-,-,-,-,-,-,-,-,-,-,-,-,-,-,-,-,-,-,-,-,-,-,-,Sim,420,1999,Ativo,Paritário,Sim,Sim,Sim,Sim,15,20,Sim,Não,Não,Sim,Sim,Sim,Sim,Sim,Sim,Não,Sim,Sim,Não,Sim,840,2015,Ativo,Paritário,Sim,Sim,Sim,Sim,9,20,Não,Sim,Não,Sim,Sim,Sim,Sim,Sim,Sim,Não,Não,Sim,Sim,Não,-,-,-,-,-,-,-,-,-,-,-,-,-,-,-,-,-,-,-,-,-,-,-,Não,-,-,-,-,-,-,-,-,-,-,-,-,-,-,-,-,-,-,-,-,-,-,-,Não,-,-,-,-,-,-,-,-,-,-,-,-,-,-,-,-,-,-,-,-,-,-,-,Não,-,-,-,-,-,-,-,-,-,-,-,-,-,-,-,-,-,-,-,-,-,-,-,Não,-,-,-,Não,-,-,-,Não,-,-,-,Não,-,-,-,Não,-,-,-,Não,-,-,-,Não,-,-,-,Não,-,-,-,Não,-,-,-,Não,-,-,-,Sim,Não,Sim,Não,Não,Não,Não,Não,Não,Não,Sim,Não,Não,Sim,Não,Não,Não,Não,Não,Não,Não,Não,Não,Não,Sim,Não,Não,Não,Não,Não,Não,Não,Não,Não,Sim,Sim,Sim,Sim,Sim,Não,Não,Não,Não,Sim,Não,Não,Não,Não,Sim,Sim,Sim,Sim,Sim,Não,Sim,Sim,Não,Não,Sim,420,1999,1,Sim,Sim,Não,Não,Não,Não,Sim,Sim,Não,Não,Não,0,0,0,Não,-,-,-,-,-,-,-,-,-,-,Sim,Não,Não,Não,Não,Não,Não,Não,Não,Sim,Não,Não,Não,Não,Não,Não,Não,Sim,Não,Sim,Não,Sim,Sim,Não,Sim,Não,Sim,Não,Não,Não,-,-,-,-,-,-,-,-,-,Não,Não,Não,Não,Sim,Não,Não,Sim,Não,Não,Não,Não,Não,Não,Não,Não,Sim
1502855,PA,15,Curuá,14117,3 - 10001 até 20000,1 - Norte,Setor subordinado a outra secretaria,Sim,Não,Não,Não,Não,Não,Feminino,40,Parda,Não,Ensino superior completo,Não,Sim,Sim,Sim,Sim,Não,Não,Não,Não,Não,Não,Não,Não,Sim,Sim,Sim,Sim,Sim,Não,Não,-,-,Não,-,-,Não,-,-,Sim,391,2023,Não,-,-,Não,-,-,Não,-,-,Não,-,-,Não,-,-,Não,-,-,Não,-,-,Não,-,-,Não,-,-,Sim,345,2018,Não,-,-,Não,-,-,Não,"Sim, regulamentado por instrumento legal",Decreto,416,2021,-,Não,-,-,-,-,-,-,-,-,-,-,-,-,-,-,-,-,-,-,-,-,-,-,-,Sim,352,2019,Inativo,-,-,-,-,-,-,-,-,-,-,-,-,-,-,-,-,-,-,-,-,Não,-,-,-,-,-,-,-,-,-,-,-,-,-,-,-,-,-,-,-,-,-,-,-,Não,-,-,-,-,-,-,-,-,-,-,-,-,-,-,-,-,-,-,-,-,-,-,-,Não,-,-,-,-,-,-,-,-,-,-,-,-,-,-,-,-,-,-,-,-,-,-,-,Não,-,-,-,-,-,-,-,-,-,-,-,-,-,-,-,-,-,-,-,-,-,-,-,Não,-,-,-,-,-,-,-,-,-,-,-,-,-,-,-,-,-,-,-,-,-,-,-,Não,-,-,-,Não,-,-,-,Não,-,-,-,Não,-,-,-,Não,-,-,-,Não,-,-,-,Não,-,-,-,Não,-,-,-,Não,-,-,-,Não,-,-,-,Sim,Sim,Sim,Sim,Não,Sim,Sim,Não,Não,Não,Sim,Não,Sim,Sim,Sim,Sim,Sim,Não,Sim,Sim,Sim,Sim,Sim,Sim,Sim,Sim,Sim,Sim,Sim,Sim,Sim,Sim,Sim,Não,Sim,Sim,Sim,Sim,Sim,Sim,Sim,Sim,Sim,Sim,Sim,Sim,Sim,Não,Sim,Sim,Sim,Sim,Sim,Não,Sim,Sim,Sim,Não,Sim,390,2023,1,Sim,Sim,Não,Sim,Sim,Não,Não,Não,Não,Não,Não,0,0,0,Sim,Sim,Sim,Não,Não,Sim,Não,Não,Não,Sim,Não,Sim,Não,Não,Não,Não,Não,Não,Não,Não,Não,Não,Não,Não,Não,Não,Não,Não,Sim,Não,Sim,Sim,Sim,Sim,Sim,Sim,Não,Sim,Não,Não,Não,-,-,-,-,-,-,-,-,-,"Sim, em área pública destinada a este fim",Não,Não,Sim,Não,Não,Não,Sim,Não,Não,Sim,Não,Não,Sim,Não,Sim,Não
1502905,PA,15,Curuçá,41262,4 - 20001 até 50000,1 - Norte,Setor subordinado a outra secretaria,Sim,Não,Não,Não,Não,Não,Feminino,40,Parda,Não,Ensino superior incompleto,Não,Sim,Sim,Sim,Sim,Sim,Não,Sim,Não,Não,Sim,Não,Não,Não,Não,Não,Não,Não,Sim,Sim,2063,2015,Sim,2135,2019,Sim,12594,2012,Sim,2063,2015,Sim,2063,2015,Não,-,-,Não,-,-,Não,-,-,Não,-,-,Não,-,-,Não,-,-,Não,-,-,Não,-,-,Sim,2056,2014,Não,-,-,Não,-,-,Não,Não,-,-,-,-,Não,-,-,-,-,-,-,-,-,-,-,-,-,-,-,-,-,-,-,-,-,-,-,-,Sim,2063,2015,Ativo,Paritário,Não,Sim,Não,Sim,6,20,Sim,Não,Não,Sim,Sim,Sim,Sim,Sim,Sim,Não,Sim,Não,Não,Não,-,-,-,-,-,-,-,-,-,-,-,-,-,-,-,-,-,-,-,-,-,-,-,Não,-,-,-,-,-,-,-,-,-,-,-,-,-,-,-,-,-,-,-,-,-,-,-,Não,-,-,-,-,-,-,-,-,-,-,-,-,-,-,-,-,-,-,-,-,-,-,-,Não,-,-,-,-,-,-,-,-,-,-,-,-,-,-,-,-,-,-,-,-,-,-,-,Não,-,-,-,-,-,-,-,-,-,-,-,-,-,-,-,-,-,-,-,-,-,-,-,Não,-,-,-,Não,-,-,-,Não,-,-,-,Não,-,-,-,Não,-,-,-,Não,-,-,-,Não,-,-,-,Não,-,-,-,Não,-,-,-,Não,-,-,-,Sim,Não,Sim,Não,Não,Não,Não,Não,Não,Não,Não,Não,Não,Sim,Não,Não,Não,Não,Sim,Não,Sim,Não,Sim,Não,Sim,Não,Sim,Sim,Sim,Não,Não,Não,Não,Não,Sim,Sim,Sim,Sim,Sim,Não,Não,Não,Não,Sim,Não,Sim,Sim,Não,Sim,Sim,Sim,Sim,Sim,Sim,Sim,Sim,Sim,Não,Sim,1858,2001,1,Sim,Sim,Sim,Sim,Não,Não,Sim,Sim,Não,Não,Não,0,0,0,Sim,Sim,Não,Não,Não,Sim,Sim,Sim,Sim,Sim,Não,Sim,Não,Não,Sim,Não,Não,Não,Não,Não,Não,Não,Não,Não,Sim,Não,Não,Não,Sim,Não,Sim,Sim,Sim,Sim,Sim,Sim,Sim,Sim,Sim,Não,Não,-,-,-,-,-,-,-,-,-,Não,Sim,Não,Sim,Sim,Sim,Sim,Sim,Não,Não,Sim,Sim,Não,Não,Não,Não,Não
1502939,PA,15,Dom Eliseu,58484,5 - 50001 até 100000,1 - Norte,Setor subordinado a outra secretaria,Sim,Não,Não,Não,Não,Não,Feminino,44,Branca,Sim,Ensino superior completo,Não,Sim,Sim,Sim,Sim,Sim,Sim,Sim,Não,Não,Não,Não,Não,Sim,Não,Não,Não,Não,Não,Sim,526,2023,Não,-,-,Não,-,-,Não,-,-,Não,-,-,Não,-,-,Não,-,-,Não,-,-,Não,-,-,Não,-,-,Não,-,-,Não,-,-,Não,-,-,Não,-,-,Não,-,-,Não,-,-,Não,Não,-,-,-,-,Não,-,-,-,-,-,-,-,-,-,-,-,-,-,-,-,-,-,-,-,-,-,-,-,Sim,526,2023,Ativo,Paritário,Não,Não,Sim,Não,8,20,Não,Sim,Não,Sim,Sim,Sim,Sim,Sim,Não,Não,Sim,Sim,Sim,Não,-,-,-,-,-,-,-,-,-,-,-,-,-,-,-,-,-,-,-,-,-,-,-,Não,-,-,-,-,-,-,-,-,-,-,-,-,-,-,-,-,-,-,-,-,-,-,-,Não,-,-,-,-,-,-,-,-,-,-,-,-,-,-,-,-,-,-,-,-,-,-,-,Não,-,-,-,-,-,-,-,-,-,-,-,-,-,-,-,-,-,-,-,-,-,-,-,Não,-,-,-,-,-,-,-,-,-,-,-,-,-,-,-,-,-,-,-,-,-,-,-,Não,-,-,-,Não,-,-,-,Não,-,-,-,Não,-,-,-,Não,-,-,-,Não,-,-,-,Não,-,-,-,Não,-,-,-,Não,-,-,-,Não,-,-,-,Sim,Não,Sim,Sim,Não,Sim,Sim,Não,Não,Não,Não,Não,Sim,Sim,Não,Não,Não,Não,Sim,Sim,Não,Não,Não,Sim,Não,Não,Não,Sim,Sim,Sim,Não,Não,Não,Não,Sim,Sim,Não,Não,Sim,Sim,Sim,Não,Sim,Sim,Sim,Sim,Não,Não,Sim,Sim,Sim,Sim,Sim,Sim,Sim,Não,Sim,Não,Sim,526,2023,1,Não,Não,Não,Não,Não,Não,Não,Sim,Não,Não,Não,0,1,0,Sim,Não,Não,Não,Não,Não,Não,Sim,Sim,Não,Não,Sim,Não,Sim,Não,Não,Não,Não,Não,Não,Não,Não,Não,Não,Não,Não,Não,Não,Não,Não,Sim,Sim,Não,Sim,Não,Sim,Não,Sim,Não,Não,Sim,Sim,Sim,Não,Não,Sim,Não,Sim,Não,Não,Não,Não,Não,Não,Sim,Não,Não,Não,Não,Não,Sim,Sim,Não,Não,Não,Sim,Não
1502954,PA,15,Eldorado do Carajás,28192,4 - 20001 até 50000,1 - Norte,Setor subordinado a outra secretaria,Sim,Não,Não,Não,Não,Não,Feminino,36,Branca,Sim,Ensino superior completo,Não,Sim,Sim,Sim,Sim,Não,Sim,Não,Não,Não,Não,Sim,Não,Sim,Sim,Sim,Sim,Não,Não,Sim,499,2022,Não,-,-,Não,-,-,Sim,132,2002,Não,-,-,Não,-,-,Não,-,-,Não,-,-,Não,-,-,Não,-,-,Não,-,-,Não,-,-,Não,-,-,Sim,374,2015,Sim,276,2011,Sim,277,2011,Não,Não,-,-,-,-,Não,-,-,-,-,-,-,-,-,-,-,-,-,-,-,-,-,-,-,-,-,-,-,-,Sim,373,2015,Ativo,Paritário,Não,Sim,Não,Não,20,16,Sim,Não,Não,Sim,Sim,Sim,Sim,Sim,Não,Não,Não,Não,Sim,Sim,374,2015,Ativo,Paritário,Não,Sim,Não,Não,20,16,Sim,Não,Não,Sim,Sim,Sim,Sim,Sim,Não,Não,Não,Não,Sim,Não,-,-,-,-,-,-,-,-,-,-,-,-,-,-,-,-,-,-,-,-,-,-,-,Não,-,-,-,-,-,-,-,-,-,-,-,-,-,-,-,-,-,-,-,-,-,-,-,Não,-,-,-,-,-,-,-,-,-,-,-,-,-,-,-,-,-,-,-,-,-,-,-,Não,-,-,-,-,-,-,-,-,-,-,-,-,-,-,-,-,-,-,-,-,-,-,-,Não,-,-,-,Não,-,-,-,Não,-,-,-,Não,-,-,-,Não,-,-,-,Sim,499,2022,4,Não,-,-,-,Não,-,-,-,Não,-,-,-,Não,-,-,-,Não,Não,Sim,Sim,Não,Não,Não,Não,Não,Não,Não,Não,Não,Sim,Sim,Não,Não,Não,Sim,Não,Sim,Sim,Não,Não,Sim,Não,Sim,Não,Sim,Não,Sim,Não,Não,Não,Sim,Sim,Não,Sim,Não,Sim,Não,Não,Não,Não,Não,Não,Não,Não,Não,Sim,Sim,Sim,Sim,Sim,Não,Não,Não,Não,Sim,373,2015,1,Não,Não,Não,Não,Não,Não,Não,Sim,Não,Não,Não,0,1,0,Sim,Sim,Não,Não,Não,Sim,Não,Sim,Não,Não,Não,Sim,Não,Sim,Não,Não,Não,Não,Sim,Não,Não,Não,Não,Não,Não,Não,Não,Não,Não,Não,Sim,Sim,Sim,Sim,Não,Não,Não,Sim,Sim,Não,Sim,Sim,Sim,Sim,Sim,Sim,Sim,Sim,Sim,Não,Não,Não,Não,Não,Sim,Sim,Não,Sim,Não,Não,Sim,Sim,Não,Não,Não,Não,Não
1503002,PA,15,Faro,8728,2 - 5001 até 10000,1 - Norte,Não possui estrutura,-,-,-,-,-,-,-,-,-,-,-,-,-,-,-,-,-,-,-,-,-,-,-,-,Não,Não,Não,Não,Não,Sim,Sim,5675,2019,Não,-,-,Não,-,-,Não,-,-,Não,-,-,Não,-,-,Não,-,-,Não,-,-,Não,-,-,Não,-,-,Não,-,-,Não,-,-,Não,-,-,Não,-,-,Não,-,-,Não,-,-,Não,Não,-,-,-,-,Não,-,-,-,-,-,-,-,-,-,-,-,-,-,-,-,-,-,-,-,-,-,-,-,Sim,413,2015,Ativo,Paritário,Sim,Sim,Sim,Sim,14,16,Sim,Não,Não,Sim,Sim,Sim,Não,Sim,Sim,Não,Sim,Sim,Não,Não,-,-,-,-,-,-,-,-,-,-,-,-,-,-,-,-,-,-,-,-,-,-,-,Sim,347,2013,Inativo,-,-,-,-,-,-,-,-,-,-,-,-,-,-,-,-,-,-,-,-,Não,-,-,-,-,-,-,-,-,-,-,-,-,-,-,-,-,-,-,-,-,-,-,-,Não,-,-,-,-,-,-,-,-,-,-,-,-,-,-,-,-,-,-,-,-,-,-,-,Não,-,-,-,-,-,-,-,-,-,-,-,-,-,-,-,-,-,-,-,-,-,-,-,Não,-,-,-,Não,-,-,-,Não,-,-,-,Não,-,-,-,Não,-,-,-,Não,-,-,-,Não,-,-,-,Não,-,-,-,Não,-,-,-,Não,-,-,-,Sim,Sim,Sim,Não,Não,Não,Não,Não,Não,Não,Não,Não,Não,Sim,Não,Não,Não,Não,Sim,Não,Sim,Não,Não,Não,Não,Não,Não,Não,Não,Não,Não,Não,Não,Não,Sim,Não,Não,Não,Não,Não,Não,Não,Não,Não,Não,Não,Não,Sim,Não,Sim,Sim,Não,Não,Não,Sim,Não,Sim,Não,Sim,413,2015,1,Sim,Não,Não,Não,Não,Não,Sim,Sim,Não,Não,Não,0,0,0,Sim,Sim,Não,Não,Não,Não,Não,Sim,Não,Não,Não,Sim,Não,Sim,Não,Não,Não,Não,Não,Não,Não,Não,Não,Não,Não,Não,Não,Não,Não,Não,Sim,Sim,Sim,Sim,Sim,Sim,Não,Sim,Não,Não,Não,-,-,-,-,-,-,-,-,-,Não,Não,Não,Não,Não,Não,Não,Sim,Não,Não,Não,Sim,Não,Não,Não,Não,Não
1503044,PA,15,Floresta do Araguaia,17898,3 - 10001 até 20000,1 - Norte,Não possui estrutura,-,-,-,-,-,-,-,-,-,-,-,-,-,-,-,-,-,-,-,-,-,-,-,-,Não,Não,Não,Não,Sim,Não,Não,-,-,Não,-,-,Não,-,-,Não,-,-,Não,-,-,Não,-,-,Não,-,-,Não,-,-,Não,-,-,Não,-,-,Não,-,-,Não,-,-,Não,-,-,Não,-,-,Não,-,-,Não,-,-,Sim,Não,-,-,-,-,Não,-,-,-,-,-,-,-,-,-,-,-,-,-,-,-,-,-,-,-,-,-,-,-,Sim,14,1997,Ativo,Paritário,Sim,Não,Sim,Sim,10,16,Não,Não,Sim,Sim,Sim,Sim,Sim,Sim,Não,Não,Não,Não,Não,Não,-,-,-,-,-,-,-,-,-,-,-,-,-,-,-,-,-,-,-,-,-,-,-,Não,-,-,-,-,-,-,-,-,-,-,-,-,-,-,-,-,-,-,-,-,-,-,-,Não,-,-,-,-,-,-,-,-,-,-,-,-,-,-,-,-,-,-,-,-,-,-,-,Não,-,-,-,-,-,-,-,-,-,-,-,-,-,-,-,-,-,-,-,-,-,-,-,Não,-,-,-,-,-,-,-,-,-,-,-,-,-,-,-,-,-,-,-,-,-,-,-,Não,-,-,-,Não,-,-,-,Não,-,-,-,Não,-,-,-,Não,-,-,-,Não,-,-,-,Não,-,-,-,Não,-,-,-,Não,-,-,-,Não,-,-,-,Sim,Não,Sim,Não,Não,Não,Não,Não,Não,Não,Não,Não,Não,Não,Não,Não,Não,Sim,Sim,Não,Não,Não,Não,Não,Não,Não,Não,Não,Não,Não,Não,Não,Não,Não,Sim,Sim,Não,Sim,Não,Sim,Não,Não,Não,Não,Não,Não,Não,Não,Sim,Não,Não,Sim,Não,Sim,Não,Sim,Não,Não,Sim,14,1997,1,Não,Não,Não,Não,Não,Não,Sim,Sim,Não,Não,Não,0,0,0,Sim,Sim,Não,Não,Não,Sim,Não,Não,Não,Não,Não,Sim,Não,Não,Não,Não,Não,Não,Não,Não,Não,Não,Não,Não,Não,Não,Não,Não,Não,Não,Sim,Não,Não,Sim,Não,Sim,Não,Sim,Não,Não,Não,-,-,-,-,-,-,-,-,-,Não,Não,Não,Não,Sim,Não,Não,Não,Não,Não,Sim,Não,Não,Não,Não,Não,Não
1503077,PA,15,Garrafão do Norte,24703,4 - 20001 até 50000,1 - Norte,Não possui estrutura,-,-,-,-,-,-,-,-,-,-,-,-,-,-,-,-,-,-,-,-,-,-,-,-,Não,Não,Não,Não,Não,Sim,Sim,442,2019,Sim,478,2022,Não,-,-,Sim,429,2017,Não,-,-,Não,-,-,Não,-,-,Não,-,-,Não,-,-,Não,-,-,Não,-,-,Não,-,-,Não,-,-,Sim,400,2015,Não,-,-,Não,-,-,Não,Não,-,-,-,-,Não,-,-,-,-,-,-,-,-,-,-,-,-,-,-,-,-,-,-,-,-,-,-,-,Sim,442,2019,Ativo,Paritário,Sim,Sim,Sim,Sim,16,10,Não,Sim,Não,Sim,Sim,Sim,Sim,Não,Não,Não,Sim,Não,Não,Sim,400,2015,Inativo,-,-,-,-,-,-,-,-,-,-,-,-,-,-,-,-,-,-,-,-,Não,-,-,-,-,-,-,-,-,-,-,-,-,-,-,-,-,-,-,-,-,-,-,-,Não,-,-,-,-,-,-,-,-,-,-,-,-,-,-,-,-,-,-,-,-,-,-,-,Não,-,-,-,-,-,-,-,-,-,-,-,-,-,-,-,-,-,-,-,-,-,-,-,Não,-,-,-,-,-,-,-,-,-,-,-,-,-,-,-,-,-,-,-,-,-,-,-,Não,-,-,-,Não,-,-,-,Não,-,-,-,Não,-,-,-,Não,-,-,-,Não,-,-,-,Não,-,-,-,Não,-,-,-,Não,-,-,-,Não,-,-,-,Sim,Não,Sim,Não,Não,Sim,Não,Não,Não,Não,Não,Não,Não,Não,Não,Não,Não,Sim,Sim,Sim,Sim,Sim,Sim,Sim,Sim,Sim,Sim,Sim,Sim,Sim,Sim,Sim,Não,Não,Sim,Sim,Sim,Sim,Sim,Sim,Sim,Sim,Sim,Sim,Não,Sim,Não,Não,Sim,Sim,Sim,Sim,Sim,Sim,Sim,Sim,Sim,Não,Sim,130,1997,1,Sim,Sim,Não,Sim,Não,Não,Sim,Não,Não,Não,Não,0,0,0,Sim,Não,Sim,Sim,Não,Sim,Não,Sim,Não,Sim,Não,Sim,Não,Sim,Sim,Não,Não,Não,Sim,Não,Não,Não,Não,Não,Não,Não,Não,Não,Sim,Não,Sim,Sim,Sim,Sim,Sim,Sim,Não,Sim,Não,Não,Não,-,-,-,-,-,-,-,-,-,Não,Sim,Sim,Sim,Sim,Sim,Não,Sim,Não,Não,Sim,Sim,Não,Não,Não,Sim,Não
1503093,PA,15,Goianésia do Pará,26362,4 - 20001 até 50000,1 - Norte,Não possui estrutura,-,-,-,-,-,-,-,-,-,-,-,-,-,-,-,-,-,-,-,-,-,-,-,-,Sim,Não,Não,Não,Não,Não,Sim,703,2019,Não,-,-,Não,-,-,Sim,703,2019,Não,-,-,Não,-,-,Não,-,-,Não,-,-,Não,-,-,Não,-,-,Não,-,-,Não,-,-,Não,-,-,Sim,616,2015,Não,-,-,Não,-,-,Não,Não,-,-,-,-,Não,-,-,-,-,-,-,-,-,-,-,-,-,-,-,-,-,-,-,-,-,-,-,-,Sim,749,2021,Ativo,Paritário,Sim,Sim,Sim,Sim,12,20,Não,Sim,Não,Sim,Sim,Sim,Sim,Sim,Não,Não,Sim,Não,Não,Sim,616,2015,Ativo,Paritário,Sim,Sim,Sim,Sim,12,20,Não,Sim,Não,Sim,Sim,Sim,Sim,Sim,Não,Não,Sim,Não,Sim,Não,-,-,-,-,-,-,-,-,-,-,-,-,-,-,-,-,-,-,-,-,-,-,-,Não,-,-,-,-,-,-,-,-,-,-,-,-,-,-,-,-,-,-,-,-,-,-,-,Não,-,-,-,-,-,-,-,-,-,-,-,-,-,-,-,-,-,-,-,-,-,-,-,Não,-,-,-,-,-,-,-,-,-,-,-,-,-,-,-,-,-,-,-,-,-,-,-,Não,-,-,-,Não,-,-,-,Não,-,-,-,Não,-,-,-,Não,-,-,-,Não,-,-,-,Não,-,-,-,Não,-,-,-,Não,-,-,-,Não,-,-,-,Sim,Sim,Sim,Sim,Não,Sim,Sim,Não,Não,Não,Não,Não,Não,Sim,Sim,Não,Não,Não,Sim,Sim,Não,Não,Não,Não,Sim,Não,Sim,Não,Sim,Não,Sim,Não,Não,Não,Sim,Sim,Não,Sim,Sim,Sim,Não,Não,Não,Não,Sim,Não,Não,Não,Sim,Sim,Sim,Sim,Sim,Sim,Sim,Não,Sim,Não,Sim,749,2021,1,Não,Não,Não,Não,Não,Não,Não,Não,Não,Não,Sim,0,0,0,Não,-,-,-,-,-,-,-,-,-,-,Sim,Sim,Não,Sim,Não,Não,Não,Não,Não,Não,Sim,Não,Não,Sim,Não,Não,Não,Não,Não,Sim,Sim,Sim,Não,Não,Não,Não,Sim,Não,Não,Não,-,-,-,-,-,-,-,-,-,Não,Sim,Não,Não,Sim,Não,Não,Sim,Não,Não,Não,Não,Não,Não,Não,Não,Sim
1503101,PA,15,Gurupá,31786,4 - 20001 até 50000,1 - Norte,Setor subordinado a outra secretaria,Sim,Não,Não,Não,Não,Não,Feminino,40,Parda,Sim,Especialização,Não,Sim,Sim,Sim,Sim,Sim,Sim,Sim,Não,Sim,Não,Sim,Não,Não,Sim,Sim,Sim,Não,Não,Não,-,-,Não,-,-,Não,-,-,Não,-,-,Não,-,-,Sim,1186,2015,Não,-,-,Não,-,-,Sim,1186,2015,Não,-,-,Não,-,-,Sim,1186,2015,Não,-,-,Não,-,-,Não,-,-,Não,-,-,Não,"Sim, não é regulamentado por instrumento legal",-,-,-,2021,Não,-,-,-,-,-,-,-,-,-,-,-,-,-,-,-,-,-,-,-,-,-,-,-,Sim,759,1992,Ativo,Paritário,Sim,Sim,Não,Sim,12,12,Não,Sim,Não,Sim,Sim,Sim,Sim,Sim,Sim,Não,Sim,Sim,Sim,Não,-,-,-,-,-,-,-,-,-,-,-,-,-,-,-,-,-,-,-,-,-,-,-,Não,-,-,-,-,-,-,-,-,-,-,-,-,-,-,-,-,-,-,-,-,-,-,-,Sim,1186,2015,Ativo,Paritário,Sim,Sim,Não,Sim,10,24,Não,Sim,Não,Sim,Sim,Sim,Sim,Não,Não,Não,Não,Não,Não,Sim,1186,2015,Ativo,Paritário,Sim,Não,Não,Sim,10,24,Não,Sim,Não,Sim,Sim,Sim,Sim,Sim,Sim,Sim,Sim,Não,Sim,Sim,1186,2015,Ativo,Paritário,Sim,Sim,Não,Não,10,24,Não,Sim,Não,Sim,Sim,Sim,Sim,Sim,Não,Não,Não,Não,Não,Não,-,-,-,Não,-,-,-,Não,-,-,-,Não,-,-,-,Não,-,-,-,Não,-,-,-,Não,-,-,-,Não,-,-,-,Não,-,-,-,Não,-,-,-,Sim,Não,Sim,Não,Não,Sim,Não,Sim,Sim,Sim,Sim,Não,Não,Sim,Não,Não,Não,Não,Sim,Sim,Sim,Não,Sim,Sim,Não,Sim,Sim,Não,Sim,Não,Sim,Não,Não,Não,Sim,Sim,Não,Sim,Sim,Sim,Não,Não,Não,Não,Não,Não,Sim,Não,Sim,Sim,Sim,Sim,Sim,Não,Não,Não,Não,Não,Sim,759,1992,1,Não,Não,Não,Não,Não,Não,Não,Não,Não,Não,Sim,0,0,0,Sim,Sim,Não,Não,Não,Sim,Não,Sim,Não,Não,Não,Sim,Não,Sim,Não,Não,Não,Não,Sim,Não,Não,Não,Não,Não,Não,Não,Não,Não,Sim,Não,Sim,Sim,Sim,Sim,Sim,Sim,Não,Sim,Não,Não,Sim,Sim,Sim,Sim,Sim,Sim,Sim,Sim,Sim,Não,Não,Sim,Não,Não,Sim,Sim,Sim,Sim,Não,Não,Sim,Sim,Não,Sim,Não,Sim,Não
1503200,PA,15,Igarapé-Açu,35797,4 - 20001 até 50000,1 - Norte,Não possui estrutura,-,-,-,-,-,-,-,-,-,-,-,-,-,-,-,-,-,-,-,-,-,-,-,-,Não,Não,Não,Não,Não,Sim,Sim,37,1997,Não,-,-,Não,-,-,Sim,813,2020,Não,-,-,Não,-,-,Não,-,-,Não,-,-,Não,-,-,Não,-,-,Não,-,-,Não,-,-,Não,-,-,Sim,796,2019,Não,-,-,Não,-,-,Não,Não,-,-,-,-,Não,-,-,-,-,-,-,-,-,-,-,-,-,-,-,-,-,-,-,-,-,-,-,-,Sim,37,1997,Ativo,Paritário,Sim,Sim,Sim,Sim,7,16,Não,Sim,Não,Sim,Sim,Sim,Sim,Sim,Não,Não,Não,Sim,Sim,Sim,796,2019,Ativo,Paritário,Sim,Sim,Sim,Sim,7,16,Não,Sim,Não,Sim,Sim,Sim,Sim,Sim,Não,Não,Não,Não,Não,Não,-,-,-,-,-,-,-,-,-,-,-,-,-,-,-,-,-,-,-,-,-,-,-,Não,-,-,-,-,-,-,-,-,-,-,-,-,-,-,-,-,-,-,-,-,-,-,-,Não,-,-,-,-,-,-,-,-,-,-,-,-,-,-,-,-,-,-,-,-,-,-,-,Não,-,-,-,-,-,-,-,-,-,-,-,-,-,-,-,-,-,-,-,-,-,-,-,Não,-,-,-,Não,-,-,-,Não,-,-,-,Não,-,-,-,Não,-,-,-,Não,-,-,-,Não,-,-,-,Não,-,-,-,Não,-,-,-,Não,-,-,-,Sim,Não,Sim,Sim,Não,Não,Não,Não,Não,Não,Não,Não,Não,Sim,Não,Não,Não,Não,Não,Não,Não,Não,Não,Não,Não,Não,Não,Não,Não,Não,Não,Não,Não,Sim,Sim,Não,Sim,Não,Não,Não,Sim,Não,Não,Não,Não,Não,Não,Não,Não,Sim,Sim,Sim,Não,Não,Sim,Não,Não,Não,Sim,59,1997,1,Não,Não,Não,Não,Não,Não,Não,Sim,Não,Não,Não,0,0,0,Sim,Sim,Não,Não,Não,Sim,Não,Sim,Não,Não,Não,Não,Não,Não,Não,Não,Não,Não,Não,Não,Não,Não,Não,Não,Não,Não,Não,Não,Não,Sim,Sim,Sim,Não,Sim,Sim,Sim,Não,Sim,Não,Não,Não,-,-,-,-,-,-,-,-,-,Não,Não,Não,Sim,Não,Não,Não,Sim,Sim,Não,Não,Não,Não,Não,Não,Não,Sim
1503309,PA,15,Igarapé-Miri,64831,5 - 50001 até 100000,1 - Norte,Não possui estrutura,-,-,-,-,-,-,-,-,-,-,-,-,-,-,-,-,-,-,-,-,-,-,-,-,Não,Não,Não,Não,Não,Sim,Não,-,-,Não,-,-,Não,-,-,Não,-,-,Não,-,-,Não,-,-,Não,-,-,Não,-,-,Não,-,-,Não,-,-,Não,-,-,Não,-,-,Não,-,-,Não,-,-,Não,-,-,Não,-,-,Sim,Não,-,-,-,-,Não,-,-,-,-,-,-,-,-,-,-,-,-,-,-,-,-,-,-,-,-,-,-,-,Sim,5099,2015,Ativo,Paritário,Sim,Sim,Sim,Sim,24,24,Não,Sim,Não,Sim,Sim,Sim,Sim,Sim,Não,Não,Sim,Sim,Não,Não,-,-,-,-,-,-,-,-,-,-,-,-,-,-,-,-,-,-,-,-,-,-,-,Sim,5017,2011,"Foi criado, mas não foi instalado",-,-,-,-,-,-,-,-,-,-,-,-,-,-,-,-,-,-,-,-,Não,-,-,-,-,-,-,-,-,-,-,-,-,-,-,-,-,-,-,-,-,-,-,-,Não,-,-,-,-,-,-,-,-,-,-,-,-,-,-,-,-,-,-,-,-,-,-,-,Não,-,-,-,-,-,-,-,-,-,-,-,-,-,-,-,-,-,-,-,-,-,-,-,Não,-,-,-,Não,-,-,-,Não,-,-,-,Não,-,-,-,Não,-,-,-,Não,-,-,-,Não,-,-,-,Não,-,-,-,Não,-,-,-,Não,-,-,-,Sim,Não,Sim,Não,Não,Não,Não,Não,Não,Não,Não,Não,Não,Sim,Não,Não,Não,Não,Não,Sim,Não,Não,Sim,Não,Sim,Não,Não,Não,Não,Não,Não,Não,Não,Não,Sim,Sim,Não,Sim,Sim,Sim,Não,Sim,Não,Sim,Não,Sim,Não,Não,Sim,Sim,Sim,Sim,Não,Sim,Sim,Não,Sim,Não,Sim,5099,2015,1,Não,Não,Não,Não,Não,Não,Não,Sim,Não,Não,Não,0,0,0,Sim,Sim,Não,Não,Não,Sim,Não,Sim,Sim,Sim,Não,Sim,Não,Sim,Não,Não,Não,Não,Não,Não,Não,Não,Não,Não,Sim,Não,Não,Não,Não,Não,Sim,Sim,Sim,Sim,Sim,Sim,Não,Sim,Não,Não,Não,-,-,-,-,-,-,-,-,-,Não,Sim,Não,Sim,Sim,Não,Não,Sim,Sim,Não,Sim,Não,Não,Não,Não,Sim,Sim
1503408,PA,15,Inhangapi,10325,3 - 10001 até 20000,1 - Norte,Não possui estrutura,-,-,-,-,-,-,-,-,-,-,-,-,-,-,-,-,-,-,-,-,-,-,-,-,Não,Não,Não,Não,Não,Sim,Sim,643,2015,Não,-,-,Não,-,-,Não,-,-,Não,-,-,Não,-,-,Não,-,-,Não,-,-,Não,-,-,Não,-,-,Não,-,-,Não,-,-,Não,-,-,Sim,646,2014,Não,-,-,Não,-,-,Não,Não,-,-,-,-,Não,-,-,-,-,-,-,-,-,-,-,-,-,-,-,-,-,-,-,-,-,-,-,-,Sim,643,2015,Ativo,Paritário,Sim,Sim,Não,Não,6,18,Não,Sim,Não,Sim,Sim,Sim,Sim,Sim,Não,Não,Não,Não,Sim,Sim,646,2014,Ativo,Paritário,Não,Sim,Não,Não,3,16,Não,Sim,Não,Sim,Sim,Sim,Sim,Sim,Não,Não,Não,Não,Sim,Não,-,-,-,-,-,-,-,-,-,-,-,-,-,-,-,-,-,-,-,-,-,-,-,Não,-,-,-,-,-,-,-,-,-,-,-,-,-,-,-,-,-,-,-,-,-,-,-,Não,-,-,-,-,-,-,-,-,-,-,-,-,-,-,-,-,-,-,-,-,-,-,-,Não,-,-,-,-,-,-,-,-,-,-,-,-,-,-,-,-,-,-,-,-,-,-,-,Não,-,-,-,Não,-,-,-,Não,-,-,-,Não,-,-,-,Não,-,-,-,Não,-,-,-,Não,-,-,-,Não,-,-,-,Não,-,-,-,Não,-,-,-,Sim,Não,Não,Não,Não,Não,Não,Não,Não,Não,Não,Sim,Não,Sim,Sim,Não,Não,Não,Não,Não,Não,Não,Não,Não,Não,Não,Não,Não,Não,Não,Não,Não,Não,Sim,Sim,Não,Não,Sim,Sim,Não,Não,Sim,Não,Não,Sim,Não,Sim,Não,Sim,Sim,Sim,Sim,Não,Não,Sim,Não,Sim,Não,Sim,643,2015,1,Sim,Não,Não,Não,Não,Não,Não,Não,Não,Não,Não,0,0,0,Sim,Sim,Não,Não,Não,Sim,Não,Não,Não,Não,Não,Sim,Não,Sim,Não,Não,Não,Não,Não,Não,Não,Não,Não,Não,Não,Não,Não,Não,Não,Não,Sim,Sim,Sim,Sim,Sim,Sim,Não,Sim,Sim,Não,Não,-,-,-,-,-,-,-,-,-,Não,Não,Não,Não,Não,Sim,Não,Sim,Não,Não,Não,Não,Não,Não,Não,Não,Sim
1503457,PA,15,Ipixuna do Pará,30329,4 - 20001 até 50000,1 - Norte,Setor subordinado a outra secretaria,Sim,Não,Não,Não,Não,Não,Feminino,42,Parda,Sim,Ensino superior completo,Não,Sim,Sim,Sim,Sim,Sim,Não,Sim,Não,Sim,Não,Não,Não,Sim,Não,Não,Não,Não,Não,Sim,295,2015,Não,-,-,Não,-,-,Não,-,-,Não,-,-,Não,-,-,Não,-,-,Não,-,-,Não,-,-,Não,-,-,Não,-,-,Não,-,-,Não,-,-,Não,-,-,Não,-,-,Não,-,-,Não,Em elaboração,-,-,-,-,Não,-,-,-,-,-,-,-,-,-,-,-,-,-,-,-,-,-,-,-,-,-,-,-,Sim,333,2018,Ativo,Paritário,Não,Sim,Sim,Sim,5,10,Sim,Não,Não,Sim,Sim,Sim,Sim,Sim,Não,Não,Não,Não,Não,Sim,177,2006,Inativo,-,-,-,-,-,-,-,-,-,-,-,-,-,-,-,-,-,-,-,-,Não,-,-,-,-,-,-,-,-,-,-,-,-,-,-,-,-,-,-,-,-,-,-,-,Não,-,-,-,-,-,-,-,-,-,-,-,-,-,-,-,-,-,-,-,-,-,-,-,Não,-,-,-,-,-,-,-,-,-,-,-,-,-,-,-,-,-,-,-,-,-,-,-,Não,-,-,-,-,-,-,-,-,-,-,-,-,-,-,-,-,-,-,-,-,-,-,-,Não,-,-,-,Não,-,-,-,Não,-,-,-,Não,-,-,-,Não,-,-,-,Não,-,-,-,Não,-,-,-,Não,-,-,-,Não,-,-,-,Não,-,-,-,Sim,Não,Sim,Sim,Não,Sim,Não,Sim,Não,Não,Sim,Não,Não,Sim,Não,Não,Não,Não,Sim,Sim,Sim,Não,Sim,Sim,Sim,Não,Não,Sim,Sim,Sim,Não,Não,Não,Não,Sim,Sim,Sim,Sim,Sim,Sim,Sim,Sim,Sim,Sim,Sim,Sim,Sim,Não,Sim,Sim,Sim,Sim,Sim,Sim,Sim,Sim,Sim,Não,Sim,165,2005,1,Sim,Não,Não,Não,Não,Não,Sim,Não,Não,Não,Não,0,1,0,Sim,Sim,Não,Não,Não,Sim,Não,Não,Não,Não,Não,Sim,Sim,Sim,Sim,Não,Não,Sim,Sim,Não,Sim,Não,Não,Não,Não,Não,Não,Não,Sim,Não,Sim,Não,Não,Não,Não,Não,Não,Não,Não,Sim,Não,-,-,-,-,-,-,-,-,-,Não,Não,Não,Não,Não,Não,Não,Sim,Não,Não,Sim,Sim,Não,Sim,Não,Não,Sim
1503507,PA,15,Irituia,30955,4 - 20001 até 50000,1 - Norte,Setor subordinado a outra secretaria,Sim,Não,Não,Não,Não,Não,Feminino,45,Parda,Sim,Ensino médio (2º Grau) incompleto,Sim,Sim,Sim,Sim,Sim,Sim,Sim,Sim,Sim,Sim,Sim,Sim,Não,Sim,Sim,Sim,Sim,Não,Não,Sim,372,2013,Não,-,-,Não,-,-,Não,-,-,Não,-,-,Não,-,-,Não,-,-,Não,-,-,Não,-,-,Não,-,-,Não,-,-,Não,-,-,Não,-,-,Não,-,-,Não,-,-,Não,-,-,Não,Não,-,-,-,-,Não,-,-,-,-,-,-,-,-,-,-,-,-,-,-,-,-,-,-,-,-,-,-,-,Sim,382,2015,Ativo,Paritário,Sim,Sim,Sim,Não,40,20,Não,Sim,Não,Sim,Sim,Sim,Sim,Sim,Sim,Não,Sim,Não,Sim,Sim,514,2006,Inativo,-,-,-,-,-,-,-,-,-,-,-,-,-,-,-,-,-,-,-,-,Não,-,-,-,-,-,-,-,-,-,-,-,-,-,-,-,-,-,-,-,-,-,-,-,Não,-,-,-,-,-,-,-,-,-,-,-,-,-,-,-,-,-,-,-,-,-,-,-,Não,-,-,-,-,-,-,-,-,-,-,-,-,-,-,-,-,-,-,-,-,-,-,-,Não,-,-,-,-,-,-,-,-,-,-,-,-,-,-,-,-,-,-,-,-,-,-,-,Não,-,-,-,Não,-,-,-,Não,-,-,-,Não,-,-,-,Não,-,-,-,Não,-,-,-,Não,-,-,-,Não,-,-,-,Não,-,-,-,Não,-,-,-,Sim,Não,Sim,Não,Não,Não,Não,Não,Não,Não,Não,Não,Não,Sim,Não,Não,Não,Não,Sim,Sim,Sim,Sim,Sim,Sim,Não,Sim,Não,Sim,Sim,Sim,Sim,Não,Não,Não,Sim,Sim,Não,Sim,Não,Sim,Não,Não,Não,Não,Não,Não,Não,Não,Não,Sim,Sim,Sim,Não,Sim,Sim,Não,Não,Não,Sim,382,2015,1,Não,Não,Não,Não,Não,Não,Não,Sim,Não,Não,Não,0,0,0,Não,-,-,-,-,-,-,-,-,-,-,Não,Não,Não,Não,Não,Não,Não,Não,Não,Não,Não,Não,Não,Não,Não,Não,Não,Não,Sim,Sim,Não,Não,Não,Não,Não,Não,Não,Não,Sim,Sim,Sim,Não,Sim,Sim,Não,Sim,Sim,Não,Não,Não,Não,Não,Não,Sim,Não,Não,Não,Não,Não,Não,Sim,Não,Não,Não,Não,Não
1503606,PA,15,Itaituba,123314,6 - 100001 até 500000,1 - Norte,Não possui estrutura,-,-,-,-,-,-,-,-,-,-,-,-,-,-,-,-,-,-,-,-,-,-,-,-,Não,Não,Não,Não,Não,Sim,Não,-,-,Não,-,-,Não,-,-,Não,-,-,Não,-,-,Não,-,-,Não,-,-,Não,-,-,Não,-,-,Não,-,-,Não,-,-,Não,-,-,Não,-,-,Não,-,-,Não,-,-,Não,-,-,Sim,Não,-,-,-,-,Não,-,-,-,-,-,-,-,-,-,-,-,-,-,-,-,-,-,-,-,-,-,-,-,Sim,1193,1993,Ativo,Paritário,Sim,Sim,Não,Sim,22,20,Não,Sim,Não,Sim,Sim,Sim,Sim,Sim,Sim,Não,Sim,Não,Sim,Sim,2921,2016,Ativo,Paritário,Sim,Sim,Sim,Sim,3,20,Não,Sim,Não,Sim,Sim,Sim,Sim,Sim,Não,Não,Sim,Não,Não,Sim,2753,2014,Ativo,Paritário,Sim,Sim,Sim,Sim,2,20,Não,Sim,Não,Sim,Sim,Sim,Sim,Sim,Não,Não,Sim,Não,Não,Não,-,-,-,-,-,-,-,-,-,-,-,-,-,-,-,-,-,-,-,-,-,-,-,Não,-,-,-,-,-,-,-,-,-,-,-,-,-,-,-,-,-,-,-,-,-,-,-,Não,-,-,-,-,-,-,-,-,-,-,-,-,-,-,-,-,-,-,-,-,-,-,-,Não,-,-,-,Não,-,-,-,Não,-,-,-,Não,-,-,-,Não,-,-,-,Sim,48,2023,9,Não,-,-,-,Não,-,-,-,Não,-,-,-,Não,-,-,-,Não,Não,Sim,Não,Não,Sim,Não,Não,Não,Não,Não,Não,Não,Sim,Sim,Não,Não,Não,Sim,Não,Não,Não,Sim,Não,Sim,Não,Não,Não,Não,Não,Sim,Não,Sim,Não,Sim,Sim,Não,Sim,Não,Sim,Não,Não,Não,Não,Não,Não,Não,Não,Sim,Sim,Sim,Sim,Não,Sim,Sim,Sim,Sim,Não,Sim,1193,1993,1,Não,Não,Não,Não,Não,Não,Não,Sim,Não,Não,Não,0,0,0,Sim,Sim,Não,Não,Não,Sim,Não,Não,Não,Sim,Não,Sim,Não,Não,Não,Não,Não,Não,Não,Não,Não,Não,Não,Não,Não,Não,Não,Não,Não,Não,Sim,Sim,Sim,Sim,Não,Sim,Não,Sim,Sim,Não,Sim,Sim,Não,Sim,Sim,Não,Sim,Sim,Sim,Não,Não,Não,Não,Sim,Sim,Não,Não,Sim,Não,Não,Sim,Não,Não,Não,Não,Sim,Não
1503705,PA,15,Itupiranga,49754,4 - 20001 até 50000,1 - Norte,Não possui estrutura,-,-,-,-,-,-,-,-,-,-,-,-,-,-,-,-,-,-,-,-,-,-,-,-,Não,Não,Não,Não,Não,Sim,Sim,185,2019,Não,-,-,Não,-,-,Sim,185,2019,Sim,185,2019,Não,-,-,Não,-,-,Não,-,-,Não,-,-,Não,-,-,Não,-,-,Não,-,-,Não,-,-,Não,-,-,Não,-,-,Não,-,-,Não,Não,-,-,-,-,Não,-,-,-,-,-,-,-,-,-,-,-,-,-,-,-,-,-,-,-,-,-,-,-,Sim,185,2019,Ativo,Paritário,Sim,Sim,Sim,Sim,10,24,Não,Sim,Não,Sim,Sim,Sim,Sim,Sim,Não,Não,Sim,Sim,Não,Sim,168,2017,Ativo,Paritário,Sim,Sim,Sim,Sim,6,8,Não,Sim,Não,Sim,Sim,Sim,Sim,Sim,Sim,Não,Sim,Sim,Não,Não,-,-,-,-,-,-,-,-,-,-,-,-,-,-,-,-,-,-,-,-,-,-,-,Não,-,-,-,-,-,-,-,-,-,-,-,-,-,-,-,-,-,-,-,-,-,-,-,Não,-,-,-,-,-,-,-,-,-,-,-,-,-,-,-,-,-,-,-,-,-,-,-,Não,-,-,-,-,-,-,-,-,-,-,-,-,-,-,-,-,-,-,-,-,-,-,-,Não,-,-,-,Não,-,-,-,Não,-,-,-,Não,-,-,-,Não,-,-,-,Não,-,-,-,Não,-,-,-,Não,-,-,-,Não,-,-,-,Não,-,-,-,Sim,Não,Sim,Não,Não,Sim,Não,Não,Não,Não,Não,Não,Não,Sim,Sim,Não,Não,Não,Sim,Sim,Sim,Sim,Sim,Não,Sim,Não,Sim,Sim,Sim,Não,Sim,Não,Sim,Não,Sim,Sim,Sim,Sim,Sim,Sim,Não,Sim,Não,Sim,Sim,Não,Sim,Não,Sim,Sim,Sim,Sim,Sim,Sim,Sim,Sim,Sim,Não,Sim,17,1996,1,Sim,Não,Não,Não,Sim,Não,Não,Sim,Não,Não,Não,0,0,0,Sim,Sim,Não,Sim,Sim,Sim,Não,Sim,Não,Não,Não,Sim,Não,Sim,Não,Não,Não,Não,Sim,Não,Não,Sim,Sim,Não,Não,Não,Não,Não,Não,Não,Sim,Sim,Sim,Sim,Sim,Sim,Sim,Sim,Não,Não,Sim,Sim,Não,Sim,Não,Não,Sim,Sim,Sim,Não,Não,Não,Não,Sim,Sim,Não,Não,Sim,Não,Não,Não,Não,Sim,Não,Não,Não,Sim
1503754,PA,15,Jacareacanga,24042,4 - 20001 até 50000,1 - Norte,Não possui estrutura,-,-,-,-,-,-,-,-,-,-,-,-,-,-,-,-,-,-,-,-,-,-,-,-,Sim,Sim,Sim,Sim,Não,Não,Não,-,-,Não,-,-,Não,-,-,Não,-,-,Não,-,-,Não,-,-,Não,-,-,Não,-,-,Não,-,-,Não,-,-,Não,-,-,Não,-,-,Não,-,-,Não,-,-,Não,-,-,Não,-,-,Sim,Não,-,-,-,-,Não,-,-,-,-,-,-,-,-,-,-,-,-,-,-,-,-,-,-,-,-,-,-,-,Sim,406,2014,Ativo,Tem maior representação governamental,Sim,Sim,Não,Sim,5,24,Não,Sim,Não,Sim,Sim,Sim,Sim,Sim,Não,Não,Não,Não,Não,Não,-,-,-,-,-,-,-,-,-,-,-,-,-,-,-,-,-,-,-,-,-,-,-,Sim,351,2012,Ativo,Paritário,Não,Sim,Não,Não,2,5,Não,Sim,Não,Sim,Sim,Não,Sim,Sim,Sim,Não,Não,Não,Não,Não,-,-,-,-,-,-,-,-,-,-,-,-,-,-,-,-,-,-,-,-,-,-,-,Não,-,-,-,-,-,-,-,-,-,-,-,-,-,-,-,-,-,-,-,-,-,-,-,Não,-,-,-,-,-,-,-,-,-,-,-,-,-,-,-,-,-,-,-,-,-,-,-,Não,-,-,-,Não,-,-,-,Não,-,-,-,Não,-,-,-,Não,-,-,-,Não,-,-,-,Não,-,-,-,Não,-,-,-,Não,-,-,-,Não,-,-,-,Sim,Não,Sim,Não,Não,Sim,Não,Não,Não,Não,Não,Não,Não,Sim,Não,Não,Não,Não,Sim,Não,Sim,Não,Sim,Não,Sim,Não,Sim,Não,Não,Não,Sim,Não,Sim,Não,Sim,Sim,Sim,Sim,Sim,Sim,Não,Não,Sim,Sim,Sim,Não,Não,Não,Não,Sim,Sim,Sim,Não,Sim,Sim,Sim,Sim,Não,Sim,172,2001,1,Não,Não,Não,Não,Sim,Não,Não,Sim,Não,Não,Não,0,0,0,Sim,Sim,Não,Não,Não,Sim,Não,Sim,Sim,Sim,Não,Não,Não,Sim,Não,Não,Não,Não,Não,Não,Não,Não,Não,Não,Não,Sim,Não,Não,Não,Não,Sim,Não,Sim,Sim,Sim,Sim,Não,Sim,Sim,Não,Sim,Sim,Não,Não,Sim,Não,Não,Sim,Sim,Não,Não,Não,Não,Sim,Sim,Sim,Sim,Sim,Sim,Não,Sim,Não,Não,Não,Não,Não,Sim
1503804,PA,15,Jacundá,37707,4 - 20001 até 50000,1 - Norte,Não possui estrutura,-,-,-,-,-,-,-,-,-,-,-,-,-,-,-,-,-,-,-,-,-,-,-,-,Não,Não,Não,Não,Não,Sim,Sim,2137,1992,Não,-,-,Não,-,-,Sim,2137,1992,Não,-,-,Não,-,-,Não,-,-,Não,-,-,Não,-,-,Não,-,-,Não,-,-,Não,-,-,Não,-,-,Sim,37,2018,Não,-,-,Não,-,-,Não,Não,-,-,-,-,Não,-,-,-,-,-,-,-,-,-,-,-,-,-,-,-,-,-,-,-,-,-,-,-,Sim,2137,1992,Ativo,Paritário,Sim,Sim,Sim,Sim,33,12,Não,Sim,Não,Sim,Sim,Sim,Sim,Sim,Sim,Sim,Não,Não,Não,Sim,2143,2011,Ativo,Paritário,Sim,Sim,Sim,Sim,13,24,Sim,Não,Não,Sim,Sim,Sim,Sim,Sim,Sim,Sim,Não,Não,Não,Não,-,-,-,-,-,-,-,-,-,-,-,-,-,-,-,-,-,-,-,-,-,-,-,Não,-,-,-,-,-,-,-,-,-,-,-,-,-,-,-,-,-,-,-,-,-,-,-,Não,-,-,-,-,-,-,-,-,-,-,-,-,-,-,-,-,-,-,-,-,-,-,-,Não,-,-,-,-,-,-,-,-,-,-,-,-,-,-,-,-,-,-,-,-,-,-,-,Não,-,-,-,Não,-,-,-,Não,-,-,-,Não,-,-,-,Não,-,-,-,Não,-,-,-,Não,-,-,-,Não,-,-,-,Não,-,-,-,Não,-,-,-,Sim,Não,Sim,Sim,Não,Não,Não,Não,Não,Não,Não,Não,Não,Sim,Sim,Não,Não,Não,Sim,Não,Não,Não,Não,Não,Não,Não,Não,Não,Não,Não,Não,Não,Não,Não,Sim,Não,Não,Sim,Sim,Sim,Não,Não,Não,Não,Não,Não,Não,Não,Não,Sim,Não,Sim,Não,Sim,Sim,Não,Não,Não,Sim,1,2012,1,Não,Não,Não,Não,Não,Não,Não,Sim,Não,Não,Não,0,0,0,Sim,Sim,Não,Sim,Não,Não,Não,Não,Não,Não,Não,Sim,Não,Sim,Não,Não,Não,Não,Não,Não,Não,Não,Não,Não,Não,Não,Não,Não,Não,Não,Sim,Sim,Sim,Sim,Não,Sim,Não,Não,Não,Não,Sim,Não,Sim,Não,Não,Não,Não,Não,Sim,Não,Não,Não,Não,Não,Não,Não,Não,Sim,Não,Não,Sim,Não,Não,Não,Não,Sim,Não
1503903,PA,15,Juruti,50881,5 - 50001 até 100000,1 - Norte,Não possui estrutura,-,-,-,-,-,-,-,-,-,-,-,-,-,-,-,-,-,-,-,-,-,-,-,-,Não,Não,Não,Não,Não,Sim,Não,-,-,Sim,921,2005,Não,-,-,Não,-,-,Não,-,-,Não,-,-,Não,-,-,Não,-,-,Não,-,-,Não,-,-,Não,-,-,Não,-,-,Sim,958,2007,Sim,1195,2022,Não,-,-,Não,-,-,Não,Não,-,-,-,-,Não,-,-,-,-,-,-,-,-,-,-,-,-,-,-,-,-,-,-,-,-,-,-,-,Sim,247,1999,Ativo,Paritário,Sim,Sim,Sim,Sim,18,16,Não,Não,Sim,Sim,Sim,Sim,Sim,Sim,Não,Não,Não,Sim,Não,Sim,1035,2012,Inativo,-,-,-,-,-,-,-,-,-,-,-,-,-,-,-,-,-,-,-,-,Sim,1044,2012,Inativo,-,-,-,-,-,-,-,-,-,-,-,-,-,-,-,-,-,-,-,-,Não,-,-,-,-,-,-,-,-,-,-,-,-,-,-,-,-,-,-,-,-,-,-,-,Não,-,-,-,-,-,-,-,-,-,-,-,-,-,-,-,-,-,-,-,-,-,-,-,Não,-,-,-,-,-,-,-,-,-,-,-,-,-,-,-,-,-,-,-,-,-,-,-,Não,-,-,-,Não,-,-,-,Não,-,-,-,Não,-,-,-,Não,-,-,-,Não,-,-,-,Não,-,-,-,Não,-,-,-,Não,-,-,-,Não,-,-,-,Sim,Não,Sim,Não,Não,Não,Não,Não,Não,Não,Não,Não,Não,Sim,Não,Não,Não,Não,Sim,Não,Não,Não,Sim,Não,Sim,Não,Não,Não,Não,Não,Não,Não,Não,Não,Sim,Não,Não,Não,Não,Sim,Não,Não,Não,Não,Não,Não,Não,Não,Não,Sim,Não,Sim,Sim,Não,Sim,Não,Não,Não,Sim,247,1999,1,Sim,Não,Não,Não,Não,Não,Não,Não,Não,Não,Não,0,0,0,Sim,Sim,Não,Não,Não,Sim,Não,Não,Não,Não,Não,Sim,Não,Não,Não,Não,Não,Não,Não,Não,Não,Não,Não,Não,Não,Não,Não,Não,Não,Não,Sim,Sim,Sim,Sim,Não,Sim,Não,Não,Não,Não,Não,-,-,-,-,-,-,-,-,-,Não,Não,Não,Não,Sim,Não,Não,Sim,Não,Não,Sim,Não,Não,Não,Não,Sim,Não
1504000,PA,15,Limoeiro do Ajuru,29569,4 - 20001 até 50000,1 - Norte,Não possui estrutura,-,-,-,-,-,-,-,-,-,-,-,-,-,-,-,-,-,-,-,-,-,-,-,-,Não,Não,Não,Não,Não,Sim,Não,-,-,Não,-,-,Não,-,-,Não,-,-,Não,-,-,Não,-,-,Não,-,-,Não,-,-,Não,-,-,Não,-,-,Não,-,-,Não,-,-,Não,-,-,Não,-,-,Não,-,-,Não,-,-,Sim,Não,-,-,-,-,Não,-,-,-,-,-,-,-,-,-,-,-,-,-,-,-,-,-,-,-,-,-,-,-,Sim,186,2015,Ativo,Paritário,Sim,Sim,Sim,Sim,12,24,Não,Sim,Não,Sim,Sim,Sim,Sim,Sim,Não,Não,Sim,Sim,Sim,Não,-,-,-,-,-,-,-,-,-,-,-,-,-,-,-,-,-,-,-,-,-,-,-,Não,-,-,-,-,-,-,-,-,-,-,-,-,-,-,-,-,-,-,-,-,-,-,-,Não,-,-,-,-,-,-,-,-,-,-,-,-,-,-,-,-,-,-,-,-,-,-,-,Não,-,-,-,-,-,-,-,-,-,-,-,-,-,-,-,-,-,-,-,-,-,-,-,Não,-,-,-,-,-,-,-,-,-,-,-,-,-,-,-,-,-,-,-,-,-,-,-,Não,-,-,-,Não,-,-,-,Não,-,-,-,Não,-,-,-,Não,-,-,-,Não,-,-,-,Não,-,-,-,Não,-,-,-,Não,-,-,-,Não,-,-,-,Sim,Não,Sim,Não,Não,Não,Não,Não,Não,Não,Não,Não,Não,Sim,Não,Não,Não,Não,Sim,Não,Sim,Não,Não,Não,Não,Não,Não,Não,Não,Não,Não,Não,Não,Não,Sim,Não,Não,Sim,Não,Não,Não,Não,Não,Não,Não,Não,Não,Não,Sim,Sim,Sim,Sim,Não,Não,Sim,Não,Não,Não,Sim,186,2015,1,Não,Não,Não,Não,Não,Não,Não,Sim,Não,Não,Não,0,0,0,Sim,Não,Não,Não,Não,Sim,Não,Sim,Não,Não,Não,Não,Não,Não,Não,Não,Não,Não,Não,Não,Não,Não,Não,Não,Não,Não,Não,Não,Não,Sim,Sim,Não,Não,Não,Não,Não,Não,Não,Não,Sim,Não,-,-,-,-,-,-,-,-,-,Não,Não,Não,Não,Não,Não,Não,Sim,Não,Não,Sim,Não,Não,Não,Não,Não,Sim
1504059,PA,15,Mãe do Rio,34353,4 - 20001 até 50000,1 - Norte,Não possui estrutura,-,-,-,-,-,-,-,-,-,-,-,-,-,-,-,-,-,-,-,-,-,-,-,-,Não,Não,Não,Não,Não,Sim,Não,-,-,Não,-,-,Não,-,-,Não,-,-,Não,-,-,Não,-,-,Não,-,-,Não,-,-,Não,-,-,Não,-,-,Não,-,-,Não,-,-,Não,-,-,Não,-,-,Não,-,-,Não,-,-,Sim,Não,-,-,-,-,Não,-,-,-,-,-,-,-,-,-,-,-,-,-,-,-,-,-,-,-,-,-,-,-,Sim,646,1993,Ativo,Paritário,Não,Sim,Não,Não,12,20,Não,Sim,Não,Sim,Sim,Sim,Sim,Sim,Não,Não,Sim,Não,Não,Não,-,-,-,-,-,-,-,-,-,-,-,-,-,-,-,-,-,-,-,-,-,-,-,Não,-,-,-,-,-,-,-,-,-,-,-,-,-,-,-,-,-,-,-,-,-,-,-,Não,-,-,-,-,-,-,-,-,-,-,-,-,-,-,-,-,-,-,-,-,-,-,-,Não,-,-,-,-,-,-,-,-,-,-,-,-,-,-,-,-,-,-,-,-,-,-,-,Não,-,-,-,-,-,-,-,-,-,-,-,-,-,-,-,-,-,-,-,-,-,-,-,Não,-,-,-,Não,-,-,-,Não,-,-,-,Não,-,-,-,Não,-,-,-,Não,-,-,-,Não,-,-,-,Não,-,-,-,Não,-,-,-,Não,-,-,-,Sim,Não,Não,Não,Não,Não,Não,Não,Não,Não,Não,Sim,Não,Não,Não,Não,Não,Sim,Sim,Não,Não,Não,Sim,Não,Sim,Não,Não,Não,Sim,Não,Não,Não,Não,Não,Sim,Não,Não,Sim,Sim,Sim,Não,Não,Não,Não,Não,Não,Não,Não,Sim,Sim,Não,Sim,Não,Sim,Não,Não,Não,Não,Sim,646,2015,1,Sim,Não,Não,Não,Não,Não,Sim,Sim,Não,Não,Não,0,0,0,Sim,Sim,Não,Sim,Sim,Sim,Não,Não,Não,Não,Não,Sim,Não,Sim,Não,Não,Não,Não,Não,Não,Não,Não,Não,Não,Não,Não,Não,Não,Sim,Não,Sim,Não,Sim,Sim,Não,Sim,Não,Sim,Não,Não,Sim,Não,Não,Sim,Sim,Não,Não,Sim,Não,Não,Não,Não,Não,Não,Sim,Sim,Não,Sim,Não,Não,Não,Sim,Não,Não,Não,Não,Não
1504109,PA,15,Magalhães Barata,8115,2 - 5001 até 10000,1 - Norte,Não possui estrutura,-,-,-,-,-,-,-,-,-,-,-,-,-,-,-,-,-,-,-,-,-,-,-,-,Não,Sim,Não,Não,Sim,Não,Não,-,-,Não,-,-,Não,-,-,Não,-,-,Não,-,-,Não,-,-,Não,-,-,Não,-,-,Não,-,-,Não,-,-,Não,-,-,Não,-,-,Não,-,-,Não,-,-,Não,-,-,Não,-,-,Sim,Não,-,-,-,-,Não,-,-,-,-,-,-,-,-,-,-,-,-,-,-,-,-,-,-,-,-,-,-,-,Sim,16,2015,Ativo,Paritário,Não,Sim,Não,Não,9,12,Sim,Não,Não,Sim,Sim,Sim,Sim,Sim,Não,Sim,Sim,Sim,Não,Não,-,-,-,-,-,-,-,-,-,-,-,-,-,-,-,-,-,-,-,-,-,-,-,Não,-,-,-,-,-,-,-,-,-,-,-,-,-,-,-,-,-,-,-,-,-,-,-,Não,-,-,-,-,-,-,-,-,-,-,-,-,-,-,-,-,-,-,-,-,-,-,-,Não,-,-,-,-,-,-,-,-,-,-,-,-,-,-,-,-,-,-,-,-,-,-,-,Não,-,-,-,-,-,-,-,-,-,-,-,-,-,-,-,-,-,-,-,-,-,-,-,Sim,7,2022,1,Não,-,-,-,Não,-,-,-,Não,-,-,-,Não,-,-,-,Não,-,-,-,Não,-,-,-,Não,-,-,-,Não,-,-,-,Não,-,-,-,Não,Não,Sim,Não,Não,Não,Não,Não,Não,Não,Não,Não,Não,Sim,Não,Não,Não,Não,Sim,Não,Sim,Não,Não,Não,Não,Não,Não,Não,Não,Não,Não,Não,Não,Não,Sim,Sim,Sim,Não,Não,Não,Não,Não,Não,Sim,Sim,Não,Não,Não,Não,Sim,Sim,Sim,Não,Não,Sim,Não,Não,Não,Sim,16,2015,1,Sim,Não,Não,Não,Não,Não,Não,Sim,Não,Não,Não,0,0,0,Não,-,-,-,-,-,-,-,-,-,-,Não,Não,Não,Não,Não,Não,Não,Não,Não,Não,Não,Não,Não,Não,Não,Não,Não,Não,Sim,Sim,Sim,Não,Sim,Sim,Sim,Não,Sim,Não,Não,Não,-,-,-,-,-,-,-,-,-,Não,Não,Não,Sim,Sim,Não,Não,Não,Não,Não,Sim,Não,Não,Não,Não,Sim,Não
1504208,PA,15,Marabá,266533,6 - 100001 até 500000,1 - Norte,Não possui estrutura,-,-,-,-,-,-,-,-,-,-,-,-,-,-,-,-,-,-,-,-,-,-,-,-,Não,Não,Não,Não,Não,Sim,Sim,17458,2011,Sim,17623,2014,Sim,17012,2002,Sim,17809,2017,Não,-,-,Sim,255,2013,Não,-,-,Não,-,-,Sim,92,2017,Não,-,-,Não,-,-,Não,-,-,Sim,17873,2018,Sim,17325,2008,Não,-,-,Sim,10098,2000,Não,Não,-,-,-,-,Não,-,-,-,-,-,-,-,-,-,-,-,-,-,-,-,-,-,-,-,-,-,-,-,Sim,13726,1994,Ativo,Paritário,Sim,Sim,Não,Sim,12,18,Não,Sim,Não,Sim,Sim,Sim,Sim,Sim,Sim,Sim,Sim,Sim,Não,Sim,17325,2008,Ativo,Paritário,Sim,Sim,Não,Sim,10,16,Não,Sim,Não,Sim,Sim,Não,Sim,Sim,Não,Sim,Sim,Não,Não,Sim,17590,2012,Ativo,Paritário,Sim,Sim,Não,Sim,20,16,Não,Sim,Não,Não,-,-,-,-,-,-,-,-,-,Não,-,-,-,-,-,-,-,-,-,-,-,-,-,-,-,-,-,-,-,-,-,-,-,Não,-,-,-,-,-,-,-,-,-,-,-,-,-,-,-,-,-,-,-,-,-,-,-,Não,-,-,-,-,-,-,-,-,-,-,-,-,-,-,-,-,-,-,-,-,-,-,-,Não,-,-,-,Não,-,-,-,Não,-,-,-,Não,-,-,-,Não,-,-,-,Não,-,-,-,Não,-,-,-,Não,-,-,-,Não,-,-,-,Não,-,-,-,Sim,Não,Sim,Não,Não,Não,Sim,Não,Não,Não,Não,Não,Não,Sim,Sim,Sim,Não,Não,Sim,Não,Sim,Não,Não,Não,Não,Não,Não,Sim,Não,Não,Sim,Não,Não,Não,Sim,Sim,Sim,Não,Sim,Não,Sim,Sim,Sim,Sim,Sim,Não,Não,Não,Sim,Sim,Sim,Sim,Sim,Sim,Sim,Não,Sim,Não,Sim,17663,2014,2,Sim,Não,Não,Não,Não,Não,Não,Não,Não,Não,Não,1,1,0,Sim,Sim,Sim,Sim,Sim,Sim,Não,Sim,Não,Sim,Não,Sim,Não,Sim,Não,Sim,Não,Sim,Não,Não,Não,Sim,Não,Não,Não,Não,Não,Não,Não,Não,Sim,Sim,Sim,Sim,Sim,Sim,Sim,Sim,Não,Não,Sim,Não,Sim,Não,Sim,Sim,Sim,Sim,Sim,Não,Não,Não,Não,Sim,Sim,Não,Sim,Sim,Não,Não,Sim,Sim,Sim,Não,Não,Não,Não
1504307,PA,15,Maracanã,25971,4 - 20001 até 50000,1 - Norte,Não possui estrutura,-,-,-,-,-,-,-,-,-,-,-,-,-,-,-,-,-,-,-,-,-,-,-,-,Não,Não,Não,Não,Não,Sim,Não,-,-,Não,-,-,Não,-,-,Não,-,-,Não,-,-,Não,-,-,Não,-,-,Não,-,-,Não,-,-,Não,-,-,Não,-,-,Não,-,-,Não,-,-,Não,-,-,Não,-,-,Não,-,-,Sim,Não,-,-,-,-,Não,-,-,-,-,-,-,-,-,-,-,-,-,-,-,-,-,-,-,-,-,-,-,-,Sim,5,2015,Ativo,Paritário,Não,Sim,Não,Sim,10,22,Não,Sim,Não,Não,-,-,-,-,-,-,-,-,-,Não,-,-,-,-,-,-,-,-,-,-,-,-,-,-,-,-,-,-,-,-,-,-,-,Não,-,-,-,-,-,-,-,-,-,-,-,-,-,-,-,-,-,-,-,-,-,-,-,Não,-,-,-,-,-,-,-,-,-,-,-,-,-,-,-,-,-,-,-,-,-,-,-,Não,-,-,-,-,-,-,-,-,-,-,-,-,-,-,-,-,-,-,-,-,-,-,-,Não,-,-,-,-,-,-,-,-,-,-,-,-,-,-,-,-,-,-,-,-,-,-,-,Não,-,-,-,Não,-,-,-,Não,-,-,-,Não,-,-,-,Não,-,-,-,Não,-,-,-,Não,-,-,-,Não,-,-,-,Não,-,-,-,Não,-,-,-,Sim,Não,Sim,Não,Não,Sim,Não,Não,Não,Não,Sim,Não,Não,Sim,Não,Não,Não,Não,Sim,Não,Sim,Não,Sim,Não,Não,Não,Não,Não,Sim,Não,Não,Não,Não,Não,Sim,Sim,Não,Não,Sim,Sim,Sim,Não,Não,Não,Não,Não,Não,Não,Não,Sim,Sim,Sim,Não,Não,Não,Não,Não,Não,Sim,30,1994,1,Não,Não,Não,Não,Não,Não,Não,Não,Não,Não,Sim,0,0,0,Não,-,-,-,-,-,-,-,-,-,-,Sim,Não,Não,Não,Não,Não,Não,Não,Não,Não,Não,Não,Não,Não,Não,Não,Não,Não,Não,Sim,Sim,Sim,Sim,Não,Não,Não,Sim,Não,Não,Sim,Sim,Não,Sim,Não,Não,Sim,Sim,Não,Não,Não,Não,Não,Sim,Sim,Não,Não,Não,Não,Não,Sim,Não,Sim,Não,Não,Sim,Não
1504406,PA,15,Marapanim,26573,4 - 20001 até 50000,1 - Norte,Não possui estrutura,-,-,-,-,-,-,-,-,-,-,-,-,-,-,-,-,-,-,-,-,-,-,-,-,Não,Não,Não,Não,Não,Sim,Não,-,-,Não,-,-,Não,-,-,Não,-,-,Não,-,-,Não,-,-,Não,-,-,Não,-,-,Não,-,-,Não,-,-,Não,-,-,Não,-,-,Não,-,-,Não,-,-,Não,-,-,Não,-,-,Sim,Não,-,-,-,-,Não,-,-,-,-,-,-,-,-,-,-,-,-,-,-,-,-,-,-,-,-,-,-,-,Sim,1792,2015,Ativo,Paritário,Sim,Sim,Sim,Sim,6,10,Não,Sim,Não,Sim,Não,Sim,Sim,Sim,Não,Não,Sim,Não,Não,Não,-,-,-,-,-,-,-,-,-,-,-,-,-,-,-,-,-,-,-,-,-,-,-,Não,-,-,-,-,-,-,-,-,-,-,-,-,-,-,-,-,-,-,-,-,-,-,-,Sim,1932,2022,"Foi criado, mas não foi instalado",-,-,-,-,-,-,-,-,-,-,-,-,-,-,-,-,-,-,-,-,Não,-,-,-,-,-,-,-,-,-,-,-,-,-,-,-,-,-,-,-,-,-,-,-,Não,-,-,-,-,-,-,-,-,-,-,-,-,-,-,-,-,-,-,-,-,-,-,-,Não,-,-,-,Não,-,-,-,Não,-,-,-,Não,-,-,-,Não,-,-,-,Não,-,-,-,Não,-,-,-,Não,-,-,-,Não,-,-,-,Não,-,-,-,Sim,Sim,Sim,Não,Não,Não,Não,Não,Não,Não,Não,Não,Não,Sim,Não,Não,Não,Não,Sim,Não,Não,Não,Sim,Não,Sim,Não,Sim,Não,Sim,Não,Sim,Não,Não,Não,Sim,Sim,Sim,Não,Não,Não,Não,Sim,Não,Sim,Não,Não,Não,Não,Sim,Sim,Sim,Sim,Não,Não,Sim,Não,Sim,Não,Sim,1539,1998,1,Sim,Sim,Não,Sim,Não,Não,Não,Sim,Não,Não,Não,0,0,0,Sim,Sim,Não,Não,Não,Sim,Não,Sim,Não,Não,Não,Sim,Não,Não,Não,Não,Não,Não,Não,Não,Não,Não,Não,Não,Não,Não,Não,Não,Não,Não,Sim,Sim,Sim,Sim,Não,Sim,Não,Sim,Não,Não,Não,-,-,-,-,-,-,-,-,-,Não,Não,Não,Não,Sim,Não,Não,Sim,Não,Não,Sim,Não,Não,Não,Não,Sim,Não
1504422,PA,15,Marituba,111785,6 - 100001 até 500000,1 - Norte,Não possui estrutura,-,-,-,-,-,-,-,-,-,-,-,-,-,-,-,-,-,-,-,-,-,-,-,-,Não,Não,Não,Não,Não,Sim,Não,-,-,Não,-,-,Não,-,-,Sim,655,2023,Não,-,-,Não,-,-,Não,-,-,Não,-,-,Não,-,-,Não,-,-,Não,-,-,Não,-,-,Não,-,-,Não,-,-,Não,-,-,Não,-,-,Não,Não,-,-,-,-,Não,-,-,-,-,-,-,-,-,-,-,-,-,-,-,-,-,-,-,-,-,-,-,-,Sim,44,1998,Ativo,Paritário,Não,Sim,Não,Não,7,20,Não,Sim,Não,Sim,Sim,Sim,Sim,Sim,Não,Não,Não,Não,Sim,Sim,277,2021,Ativo,Paritário,Não,Sim,Não,Não,1,20,Não,Sim,Não,Sim,Sim,Sim,Sim,Sim,Não,Não,Não,Não,Não,Sim,588,2022,Ativo,Paritário,Não,Sim,Não,Não,8,24,Não,Sim,Não,Sim,Sim,Sim,Sim,Sim,Não,Não,Não,Não,Sim,Não,-,-,-,-,-,-,-,-,-,-,-,-,-,-,-,-,-,-,-,-,-,-,-,Não,-,-,-,-,-,-,-,-,-,-,-,-,-,-,-,-,-,-,-,-,-,-,-,Não,-,-,-,-,-,-,-,-,-,-,-,-,-,-,-,-,-,-,-,-,-,-,-,Não,-,-,-,Não,-,-,-,Não,-,-,-,Não,-,-,-,Não,-,-,-,Não,-,-,-,Não,-,-,-,Não,-,-,-,Não,-,-,-,Não,-,-,-,Sim,Não,Sim,Não,Não,Não,Não,Não,Não,Não,Sim,Não,Não,Sim,Não,Não,Não,Não,Sim,Não,Sim,Não,Não,Não,Sim,Não,Não,Não,Não,Não,Não,Não,Não,Não,Sim,Sim,Não,Sim,Não,Sim,Não,Não,Não,Não,Sim,Não,Não,Não,Sim,Sim,Sim,Sim,Não,Sim,Sim,Não,Não,Não,Sim,655,2023,2,Sim,Não,Não,Não,Não,Não,Não,Não,Não,Não,Não,0,0,0,Não,-,-,-,-,-,-,-,-,-,-,Sim,Não,Não,Não,Não,Não,Não,Não,Não,Não,Não,Não,Não,Não,Não,Não,Não,Não,Não,Sim,Sim,Sim,Sim,Sim,Sim,Não,Sim,Sim,Não,Sim,Sim,Não,Sim,Não,Não,Sim,Sim,Sim,Não,Não,Não,Não,Não,Não,Não,Não,Sim,Não,Não,Não,Não,Não,Não,Não,Não,Sim
1504455,PA,15,Medicilândia,27094,4 - 20001 até 50000,1 - Norte,Não possui estrutura,-,-,-,-,-,-,-,-,-,-,-,-,-,-,-,-,-,-,-,-,-,-,-,-,Não,Não,Não,Não,Não,Sim,Não,-,-,Não,-,-,Não,-,-,Não,-,-,Não,-,-,Não,-,-,Não,-,-,Não,-,-,Não,-,-,Não,-,-,Não,-,-,Não,-,-,Não,-,-,Não,-,-,Não,-,-,Não,-,-,Sim,Não,-,-,-,-,Não,-,-,-,-,-,-,-,-,-,-,-,-,-,-,-,-,-,-,-,-,-,-,-,Sim,427,2015,Ativo,Paritário,Sim,Sim,Não,Sim,12,20,Não,Sim,Não,Sim,Sim,Sim,Sim,Sim,Não,Não,Sim,Não,Sim,Sim,461,2018,"Foi criado, mas não foi instalado",-,-,-,-,-,-,-,-,-,-,-,-,-,-,-,-,-,-,-,-,Não,-,-,-,-,-,-,-,-,-,-,-,-,-,-,-,-,-,-,-,-,-,-,-,Não,-,-,-,-,-,-,-,-,-,-,-,-,-,-,-,-,-,-,-,-,-,-,-,Não,-,-,-,-,-,-,-,-,-,-,-,-,-,-,-,-,-,-,-,-,-,-,-,Não,-,-,-,-,-,-,-,-,-,-,-,-,-,-,-,-,-,-,-,-,-,-,-,Não,-,-,-,Não,-,-,-,Não,-,-,-,Não,-,-,-,Não,-,-,-,Não,-,-,-,Não,-,-,-,Não,-,-,-,Não,-,-,-,Não,-,-,-,Sim,Não,Sim,Não,Não,Não,Não,Não,Não,Não,Não,Não,Não,Não,Não,Não,Não,Sim,Sim,Não,Sim,Não,Sim,Não,Sim,Não,Sim,Não,Não,Não,Não,Não,Não,Não,Sim,Sim,Não,Sim,Sim,Sim,Não,Não,Não,Não,Não,Não,Não,Não,Sim,Sim,Sim,Sim,Não,Não,Sim,Não,Sim,Não,Sim,427,2015,1,Sim,Não,Não,Não,Não,Não,Não,Não,Não,Não,Não,0,0,0,Sim,Não,Não,Não,Não,Não,Não,Não,Não,Não,Sim,Não,Não,Não,Não,Não,Não,Não,Não,Não,Não,Não,Não,Não,Não,Não,Não,Não,Não,Sim,Sim,Sim,Sim,Sim,Não,Sim,Não,Sim,Não,Não,Sim,Não,Não,Sim,Não,Não,Não,Sim,Não,Não,Sim,Não,Não,Não,Não,Não,Não,Não,Sim,Não,Não,Não,Não,Sim,Não,Sim,Não
1504505,PA,15,Melgaço,27881,4 - 20001 até 50000,1 - Norte,Não possui estrutura,-,-,-,-,-,-,-,-,-,-,-,-,-,-,-,-,-,-,-,-,-,-,-,-,Sim,Não,Não,Não,Não,Não,Não,-,-,Não,-,-,Não,-,-,Não,-,-,Não,-,-,Não,-,-,Não,-,-,Não,-,-,Não,-,-,Não,-,-,Não,-,-,Não,-,-,Não,-,-,Não,-,-,Não,-,-,Não,-,-,Sim,Não,-,-,-,-,Não,-,-,-,-,-,-,-,-,-,-,-,-,-,-,-,-,-,-,-,-,-,-,-,Sim,486,2001,Ativo,Paritário,Sim,Sim,Sim,Sim,12,24,Não,Sim,Não,Sim,Sim,Não,Não,Não,Não,Não,Não,Não,Não,Não,-,-,-,-,-,-,-,-,-,-,-,-,-,-,-,-,-,-,-,-,-,-,-,Não,-,-,-,-,-,-,-,-,-,-,-,-,-,-,-,-,-,-,-,-,-,-,-,Não,-,-,-,-,-,-,-,-,-,-,-,-,-,-,-,-,-,-,-,-,-,-,-,Não,-,-,-,-,-,-,-,-,-,-,-,-,-,-,-,-,-,-,-,-,-,-,-,Não,-,-,-,-,-,-,-,-,-,-,-,-,-,-,-,-,-,-,-,-,-,-,-,Não,-,-,-,Não,-,-,-,Não,-,-,-,Não,-,-,-,Não,-,-,-,Não,-,-,-,Não,-,-,-,Não,-,-,-,Não,-,-,-,Não,-,-,-,Sim,Sim,Sim,Não,Não,Não,Não,Não,Não,Não,Não,Não,Não,Não,Não,Não,Não,Sim,Sim,Não,Sim,Não,Sim,Não,Sim,Sim,Não,Não,Não,Não,Não,Não,Não,Não,Sim,Sim,Não,Sim,Não,Não,Não,Não,Não,Não,Não,Não,Não,Não,Sim,Não,Sim,Sim,Sim,Não,Não,Sim,Não,Não,Sim,486,2001,1,Não,Não,Não,Não,Não,Não,Não,Não,Não,Não,Sim,0,0,0,Não,-,-,-,-,-,-,-,-,-,-,Não,Não,Não,Não,Não,Não,Não,Não,Não,Não,Não,Não,Não,Não,Não,Não,Não,Não,Sim,Não,-,-,-,-,-,-,-,-,-,Não,-,-,-,-,-,-,-,-,-,Não,Não,Não,Sim,Não,Não,Não,Não,Sim,Não,Não,Não,Não,Não,Não,Não,Sim
1504604,PA,15,Mocajuba,27198,4 - 20001 até 50000,1 - Norte,Não possui estrutura,-,-,-,-,-,-,-,-,-,-,-,-,-,-,-,-,-,-,-,-,-,-,-,-,Não,Não,Não,Não,Não,Sim,Não,-,-,Não,-,-,Não,-,-,Não,-,-,Não,-,-,Não,-,-,Não,-,-,Não,-,-,Não,-,-,Não,-,-,Não,-,-,Não,-,-,Não,-,-,Não,-,-,Não,-,-,Não,-,-,Sim,Não,-,-,-,-,Não,-,-,-,-,-,-,-,-,-,-,-,-,-,-,-,-,-,-,-,-,-,-,-,Sim,3070,2012,Ativo,Paritário,Sim,Sim,Sim,Sim,6,8,Não,Sim,Não,Sim,Sim,Sim,Sim,Sim,Não,Não,Sim,Sim,Não,Não,-,-,-,-,-,-,-,-,-,-,-,-,-,-,-,-,-,-,-,-,-,-,-,Não,-,-,-,-,-,-,-,-,-,-,-,-,-,-,-,-,-,-,-,-,-,-,-,Não,-,-,-,-,-,-,-,-,-,-,-,-,-,-,-,-,-,-,-,-,-,-,-,Não,-,-,-,-,-,-,-,-,-,-,-,-,-,-,-,-,-,-,-,-,-,-,-,Não,-,-,-,-,-,-,-,-,-,-,-,-,-,-,-,-,-,-,-,-,-,-,-,Não,-,-,-,Não,-,-,-,Não,-,-,-,Não,-,-,-,Não,-,-,-,Não,-,-,-,Não,-,-,-,Não,-,-,-,Não,-,-,-,Não,-,-,-,Sim,Não,Sim,Não,Não,Não,Não,Não,Não,Não,Não,Não,Não,Sim,Não,Não,Não,Não,Sim,Sim,Sim,Não,Não,Não,Sim,Não,Não,Não,Não,Não,Sim,Não,Não,Não,Sim,Sim,Sim,Sim,Sim,Sim,Sim,Não,Não,Sim,Sim,Não,Não,Não,Sim,Sim,Sim,Sim,Não,Sim,Sim,Sim,Sim,Não,Sim,3070,2012,1,Não,Não,Não,Não,Não,Não,Não,Sim,Não,Não,Não,0,0,0,Sim,Sim,Não,Não,Não,Não,Não,Não,Não,Não,Não,Não,Não,Não,Não,Não,Não,Não,Não,Não,Não,Não,Não,Não,Sim,Não,Não,Não,Não,Não,Sim,Sim,Não,Sim,Sim,Não,Não,Não,Não,Não,Não,-,-,-,-,-,-,-,-,-,Não,Não,Não,Não,Sim,Sim,Não,Sim,Não,Não,Sim,Não,Não,Não,Não,Sim,Sim
1504703,PA,15,Moju,84094,5 - 50001 até 100000,1 - Norte,Não possui estrutura,-,-,-,-,-,-,-,-,-,-,-,-,-,-,-,-,-,-,-,-,-,-,-,-,Sim,Não,Não,Não,Não,Não,Sim,914,2015,Não,-,-,Não,-,-,Não,-,-,Não,-,-,Não,-,-,Não,-,-,Não,-,-,Não,-,-,Não,-,-,Não,-,-,Não,-,-,Não,-,-,Não,-,-,Não,-,-,Não,-,-,Não,Não,-,-,-,-,Não,-,-,-,-,-,-,-,-,-,-,-,-,-,-,-,-,-,-,-,-,-,-,-,Sim,914,2015,Ativo,Paritário,Não,Não,Não,Sim,16,14,Não,Sim,Não,Sim,Sim,Sim,Sim,Sim,Não,Não,Sim,Não,Não,Não,-,-,-,-,-,-,-,-,-,-,-,-,-,-,-,-,-,-,-,-,-,-,-,Não,-,-,-,-,-,-,-,-,-,-,-,-,-,-,-,-,-,-,-,-,-,-,-,Não,-,-,-,-,-,-,-,-,-,-,-,-,-,-,-,-,-,-,-,-,-,-,-,Não,-,-,-,-,-,-,-,-,-,-,-,-,-,-,-,-,-,-,-,-,-,-,-,Não,-,-,-,-,-,-,-,-,-,-,-,-,-,-,-,-,-,-,-,-,-,-,-,Sim,914,2015,12,Não,-,-,-,Não,-,-,-,Não,-,-,-,Não,-,-,-,Não,-,-,-,Não,-,-,-,Não,-,-,-,Não,-,-,-,Não,-,-,-,Não,Não,Sim,Não,Não,Não,Não,Não,Não,Não,Não,Não,Não,Sim,Não,Não,Não,Não,Sim,Sim,Sim,Não,Sim,Não,Sim,Não,Sim,Não,Sim,Não,Sim,Sim,Não,Não,Sim,Sim,Sim,Sim,Sim,Sim,Não,Não,Não,Sim,Sim,Sim,Sim,Não,Sim,Sim,Sim,Sim,Sim,Sim,Sim,Sim,Sim,Não,Sim,914,2015,1,Sim,Sim,Sim,Sim,Sim,Não,Não,Sim,Não,Não,Não,0,1,0,Sim,Sim,Sim,Não,Sim,Sim,Não,Sim,Não,Sim,Não,Sim,Não,Sim,Não,Não,Não,Não,Sim,Sim,Não,Sim,Não,Não,Sim,Sim,Não,Não,Sim,Não,Sim,Sim,Sim,Sim,Sim,Sim,Sim,Sim,Sim,Não,Não,-,-,-,-,-,-,-,-,-,Não,Não,Não,Não,Não,Não,Não,Não,Não,Sim,Sim,Não,Não,Não,Não,Não,Não
1504752,PA,15,Mojuí dos Campos,23501,4 - 20001 até 50000,1 - Norte,Não possui estrutura,-,-,-,-,-,-,-,-,-,-,-,-,-,-,-,-,-,-,-,-,-,-,-,-,Não,Não,Não,Não,Não,Sim,Não,-,-,Não,-,-,Não,-,-,Sim,51,2015,Não,-,-,Não,-,-,Não,-,-,Não,-,-,Não,-,-,Não,-,-,Não,-,-,Não,-,-,Não,-,-,Não,-,-,Não,-,-,Não,-,-,Não,Não,-,-,-,-,Não,-,-,-,-,-,-,-,-,-,-,-,-,-,-,-,-,-,-,-,-,-,-,-,Sim,51,2015,Ativo,Tem maior representação da sociedade civil,Sim,Sim,Sim,Sim,30,12,Não,Sim,Não,Sim,Sim,Sim,Sim,Sim,Não,Não,Sim,Não,Não,Sim,125,2021,Ativo,Paritário,Sim,Sim,Sim,Sim,24,16,Não,Sim,Não,Sim,Sim,Sim,Sim,Sim,Não,Não,Sim,Não,Não,Não,-,-,-,-,-,-,-,-,-,-,-,-,-,-,-,-,-,-,-,-,-,-,-,Não,-,-,-,-,-,-,-,-,-,-,-,-,-,-,-,-,-,-,-,-,-,-,-,Não,-,-,-,-,-,-,-,-,-,-,-,-,-,-,-,-,-,-,-,-,-,-,-,Não,-,-,-,-,-,-,-,-,-,-,-,-,-,-,-,-,-,-,-,-,-,-,-,Não,-,-,-,Não,-,-,-,Não,-,-,-,Não,-,-,-,Não,-,-,-,Não,-,-,-,Não,-,-,-,Não,-,-,-,Não,-,-,-,Não,-,-,-,Sim,Não,Sim,Sim,Não,Não,Não,Não,Não,Não,Não,Não,Não,Sim,Sim,Não,Não,Não,Não,Não,Não,Não,Não,Não,Não,Não,Não,Não,Não,Não,Não,Não,Não,Sim,Sim,Sim,Não,Não,Sim,Não,Não,Não,Não,Não,Não,Não,Não,Não,Não,Não,Não,Não,Não,Não,Não,Não,Não,Sim,Sim,51,2015,1,Não,Não,Não,Não,Não,Não,Não,Não,Não,Não,Sim,0,0,0,Sim,Sim,Não,Não,Não,Sim,Não,Não,Não,Não,Não,Não,Não,Não,Não,Não,Não,Não,Não,Não,Não,Não,Não,Não,Não,Não,Não,Não,Não,Sim,Sim,Não,Sim,Sim,Não,Sim,Não,Sim,Não,Não,Não,-,-,-,-,-,-,-,-,-,Não,Não,Não,Não,Não,Não,Não,Não,Não,Sim,Não,Sim,Não,Não,Não,Sim,Não
1504802,PA,15,Monte Alegre,60012,5 - 50001 até 100000,1 - Norte,Não possui estrutura,-,-,-,-,-,-,-,-,-,-,-,-,-,-,-,-,-,-,-,-,-,-,-,-,Não,Não,Não,Não,Não,Sim,Não,-,-,Não,-,-,Não,-,-,Não,-,-,Não,-,-,Não,-,-,Não,-,-,Não,-,-,Não,-,-,Não,-,-,Não,-,-,Não,-,-,Não,-,-,Não,-,-,Não,-,-,Não,-,-,Sim,Não,-,-,-,-,Não,-,-,-,-,-,-,-,-,-,-,-,-,-,-,-,-,-,-,-,-,-,-,-,Sim,5024,2016,Ativo,Paritário,Não,Sim,Não,Sim,8,16,Sim,Não,Não,Sim,Sim,Sim,Sim,Sim,Sim,Não,Sim,Sim,Sim,Não,-,-,-,-,-,-,-,-,-,-,-,-,-,-,-,-,-,-,-,-,-,-,-,Não,-,-,-,-,-,-,-,-,-,-,-,-,-,-,-,-,-,-,-,-,-,-,-,Não,-,-,-,-,-,-,-,-,-,-,-,-,-,-,-,-,-,-,-,-,-,-,-,Não,-,-,-,-,-,-,-,-,-,-,-,-,-,-,-,-,-,-,-,-,-,-,-,Não,-,-,-,-,-,-,-,-,-,-,-,-,-,-,-,-,-,-,-,-,-,-,-,Não,-,-,-,Não,-,-,-,Não,-,-,-,Não,-,-,-,Não,-,-,-,Não,-,-,-,Não,-,-,-,Não,-,-,-,Não,-,-,-,Não,-,-,-,Sim,Não,Não,Não,Não,Não,Não,Não,Não,Não,Não,Sim,Não,Não,Não,Não,Não,Sim,Não,Não,Não,Não,Não,Não,Não,Não,Não,Não,Não,Não,Não,Não,Não,Sim,Sim,Não,Não,Não,Não,Sim,Não,Não,Não,Não,Não,Não,Não,Não,Não,Sim,Não,Sim,Não,Não,Sim,Não,Não,Não,Sim,4425,1999,1,Sim,Não,Não,Não,Não,Não,Não,Sim,Não,Não,Não,0,0,0,Não,-,-,-,-,-,-,-,-,-,-,Não,Não,Não,Não,Não,Não,Não,Não,Não,Não,Não,Não,Não,Não,Não,Não,Não,Não,Sim,Sim,Não,Sim,Não,Não,Sim,Não,Sim,Não,Não,Não,-,-,-,-,-,-,-,-,-,Não,Não,Não,Não,Não,Sim,Não,Sim,Não,Não,Não,Não,Não,Não,Não,Não,Sim
1504901,PA,15,Muaná,45368,4 - 20001 até 50000,1 - Norte,Não informou,Não informou,Não informou,Não informou,Não informou,Não informou,Não informou,Não informou,Não informou,Não informou,Não informou,Não informou,Não informou,Não informou,Não informou,Não informou,Não informou,Não informou,Não informou,Não informou,Não informou,Não informou,Não informou,Não informou,Não informou,Não informou,Não informou,Não informou,Não informou,Não informou,Não informou,Não informou,Não informou,Não informou,Não informou,Não informou,Não informou,Não informou,Não informou,Não informou,Não informou,Não informou,Não informou,Não informou,Não informou,Não informou,Não informou,Não informou,Não informou,Não informou,Não informou,Não informou,Não informou,Não informou,Não informou,Não informou,Não informou,Não informou,Não informou,Não informou,Não informou,Não informou,Não informou,Não informou,Não informou,Não informou,Não informou,Não informou,Não informou,Não informou,Não informou,Não informou,Não informou,Não informou,Não informou,Não informou,Não informou,Não informou,Não informou,Não informou,Não informou,Não informou,Não informou,Não informou,Não informou,Não informou,Não informou,Não informou,Não informou,Não informou,Não informou,Não informou,Não informou,Não informou,Não informou,Não informou,Não informou,Não informou,Não informou,Não informou,Não informou,Não informou,Não informou,Não informou,Não informou,Não informou,Não informou,Não informou,Não informou,Não informou,Não informou,Não informou,Não informou,Não informou,Não informou,Não informou,Não informou,Não informou,Não informou,Não informou,Não informou,Não informou,Não informou,Não informou,Não informou,Não informou,Não informou,Não informou,Não informou,Não informou,Não informou,Não informou,Não informou,Não informou,Não informou,Não informou,Não informou,Não informou,Não informou,Não informou,Não informou,Não informou,Não informou,Não informou,Não informou,Não informou,Não informou,Não informou,Não informou,Não informou,Não informou,Não informou,Não informou,Não informou,Não informou,Não informou,Não informou,Não informou,Não informou,Não informou,Não informou,Não informou,Não informou,Não informou,Não informou,Não informou,Não informou,Não informou,Não informou,Não informou,Não informou,Não informou,Não informou,Não informou,Não informou,Não informou,Não informou,Não informou,Não informou,Não informou,Não informou,Não informou,Não informou,Não informou,Não informou,Não informou,Não informou,Não informou,Não informou,Não informou,Não informou,Não informou,Não informou,Não informou,Não informou,Não informou,Não informou,Não informou,Não informou,Não informou,Não informou,Não informou,Não informou,Não informou,Não informou,Não informou,Não informou,Não informou,Não informou,Não informou,Não informou,Não informou,Não informou,Não informou,Não informou,Não informou,Não informou,Não informou,Não informou,Não informou,Não informou,Não informou,Não informou,Não informou,Não informou,Não informou,Não informou,Não informou,Não informou,Não informou,Não informou,Não informou,Não informou,Não informou,Não informou,Não informou,Não informou,Não informou,Não informou,Não informou,Não informou,Não informou,Não informou,Não informou,Não informou,Não informou,Não informou,Não informou,Não informou,Não informou,Não informou,Não informou,Não informou,Não informou,Não informou,Não informou,Não informou,Não informou,Não informou,Não informou,Não informou,Não informou,Não informou,Não informou,Não informou,Não informou,Não informou,Não informou,Não informou,Não informou,Não informou,Não informou,Não informou,Não informou,Não informou,Não informou,Não informou,Não informou,Não informou,Não informou,Não informou,Não informou,Não informou,Não informou,Não informou,Não informou,Não informou,Não informou,Não informou,Não informou,Não informou,Não informou,Não informou,Não informou,Não informou,Não informou,Não informou,Não informou,Não informou,Não informou,Não informou,Não informou,Não informou,Não informou,Não informou,Não informou,Não informou,Não informou,Não informou,Não informou,Não informou,Não informou,Não informou,Não informou,Não informou,Não informou,Não informou,Não informou,Não informou,Não informou,Não informou,Não informou,Não informou,Não informou,Não informou,Não informou,Não informou,Não informou,Não informou,Não informou,Não informou,Não informou,Não informou,Não informou,Não informou,Não informou,Não informou,Não informou,Não informou,Não informou,Não informou,Não informou,Não informou,Não informou,Não informou,Não informou,Não informou,Não informou,Não informou,Não informou,Não informou,Não informou,Não informou,Não informou,Não informou,Não informou,Não informou,Não informou,Não informou,Não informou,Não informou,Não informou,Não informou,Não informou,Não informou,Não informou,Não informou,Não informou,Não informou,Não informou,Não informou,Não informou,Não informou,Não informou,Não informou,Não informou,Não informou,Não informou,Não informou,Não informou,Não informou,Não informou,Não informou,Não informou,Não informou,Não informou,Não informou,Não informou,Não informou,Não informou,Não informou,Não informou,Não informou,Não informou,Não informou,Não informou,Não informou,Não informou,Não informou,Não informou,Não informou,Não informou,Não informou,Não informou,Não informou,Não informou,Não informou,Não informou,Não informou,Não informou,Não informou,Não informou,Não informou,Não informou,Não informou,Não informou,Não informou,Não informou,Não informou,Não informou,Não informou,Não informou,Não informou,Não informou,Não informou,Não informou,Não informou,Não informou,Não informou,Não informou,Não informou,Não informou,Não informou,Não informou,Não informou,Não informou
1504950,PA,15,Nova Esperança do Piriá,20478,4 - 20001 até 50000,1 - Norte,Não possui estrutura,-,-,-,-,-,-,-,-,-,-,-,-,-,-,-,-,-,-,-,-,-,-,-,-,Não,Não,Não,Não,Não,Sim,Sim,167,2010,Sim,219,2015,Sim,167,2010,Sim,167,2010,Sim,167,2010,Sim,1,1993,Não,-,-,Não,-,-,Não,-,-,Não,-,-,Não,-,-,Não,-,-,Sim,184,2012,Não,-,-,Não,-,-,Não,-,-,Não,Não,-,-,-,-,Não,-,-,-,-,-,-,-,-,-,-,-,-,-,-,-,-,-,-,-,-,-,-,-,Sim,167,2010,Ativo,Paritário,Sim,Não,Não,Sim,12,10,Não,Não,Sim,Sim,Sim,Sim,Sim,Sim,Não,Sim,Sim,Sim,Sim,Não,-,-,-,-,-,-,-,-,-,-,-,-,-,-,-,-,-,-,-,-,-,-,-,Não,-,-,-,-,-,-,-,-,-,-,-,-,-,-,-,-,-,-,-,-,-,-,-,Não,-,-,-,-,-,-,-,-,-,-,-,-,-,-,-,-,-,-,-,-,-,-,-,Não,-,-,-,-,-,-,-,-,-,-,-,-,-,-,-,-,-,-,-,-,-,-,-,Não,-,-,-,-,-,-,-,-,-,-,-,-,-,-,-,-,-,-,-,-,-,-,-,Não,-,-,-,Não,-,-,-,Não,-,-,-,Não,-,-,-,Não,-,-,-,Não,-,-,-,Não,-,-,-,Não,-,-,-,Não,-,-,-,Não,-,-,-,Sim,Não,Sim,Não,Não,Não,Não,Não,Não,Não,Não,Não,Não,Sim,Não,Não,Não,Não,Sim,Não,Não,Não,Não,Não,Sim,Não,Não,Não,Não,Não,Não,Não,Não,Não,Sim,Sim,Não,Sim,Sim,Não,Não,Não,Não,Não,Não,Não,Não,Não,Sim,Sim,Sim,Sim,Não,Não,Não,Sim,Não,Não,Sim,167,2010,1,Não,Não,Não,Não,Não,Não,Não,Não,Não,Não,Sim,0,0,0,Sim,Sim,Não,Não,Sim,Sim,Não,Não,Não,Não,Não,Sim,Não,Não,Sim,Não,Não,Não,Sim,Não,Não,Sim,Sim,Não,Não,Não,Não,Não,Sim,Não,Não,-,-,-,-,-,-,-,-,-,Não,-,-,-,-,-,-,-,-,-,Não,Não,Não,Não,Não,Não,Não,Sim,Não,Não,Não,Não,Não,Não,Não,Não,Sim
1504976,PA,15,Nova Ipixuna,13955,3 - 10001 até 20000,1 - Norte,Setor subordinado a outra secretaria,Sim,Não,Não,Não,Não,Não,Feminino,38,Branca,Não,Ensino superior completo,Não,Sim,Sim,Sim,Sim,Sim,Sim,Sim,Não,Não,Não,Sim,Não,Sim,Não,Não,Não,Não,Não,Sim,699,2015,Sim,797,2021,Não,-,-,Sim,181,2003,Não,-,-,Sim,798,2021,Não,-,-,Não,-,-,Não,-,-,Não,-,-,Não,-,-,Não,-,-,Sim,652,2013,Sim,293,2006,Não,-,-,Não,-,-,Não,Não,-,-,-,-,Não,-,-,-,-,-,-,-,-,-,-,-,-,-,-,-,-,-,-,-,-,-,-,-,Sim,181,2003,Ativo,Paritário,Sim,Sim,Sim,Sim,4,16,Não,Sim,Não,Sim,Sim,Sim,Sim,Sim,Não,Sim,Sim,Não,Sim,Sim,293,2006,Ativo,Paritário,Sim,Sim,Não,Sim,1,20,Não,Não,Sim,Sim,Sim,Sim,Sim,Sim,Não,Não,Não,Não,Sim,Sim,652,2013,Inativo,-,-,-,-,-,-,-,-,-,-,-,-,-,-,-,-,-,-,-,-,Não,-,-,-,-,-,-,-,-,-,-,-,-,-,-,-,-,-,-,-,-,-,-,-,Sim,798,2021,Inativo,-,-,-,-,-,-,-,-,-,-,-,-,-,-,-,-,-,-,-,-,Não,-,-,-,-,-,-,-,-,-,-,-,-,-,-,-,-,-,-,-,-,-,-,-,Não,-,-,-,Não,-,-,-,Não,-,-,-,Não,-,-,-,Não,-,-,-,Não,-,-,-,Não,-,-,-,Não,-,-,-,Não,-,-,-,Não,-,-,-,Sim,Não,Sim,Não,Não,Não,Não,Não,Não,Não,Não,Não,Não,Sim,Não,Não,Não,Não,Sim,Sim,Sim,Sim,Sim,Sim,Sim,Sim,Sim,Sim,Sim,Não,Não,Não,Não,Não,Sim,Sim,Não,Sim,Não,Sim,Sim,Não,Não,Não,Não,Não,Não,Não,Sim,Sim,Sim,Sim,Sim,Sim,Sim,Sim,Não,Não,Sim,181,2003,1,Sim,Sim,Sim,Não,Sim,Sim,Não,Não,Não,Não,Não,0,0,0,Sim,Sim,Não,Sim,Não,Sim,Não,Não,Não,Não,Não,Não,Não,Sim,Não,Não,Não,Sim,Sim,Não,Não,Não,Não,Não,Não,Não,Não,Não,Não,Não,Sim,Sim,Sim,Sim,Sim,Sim,Sim,Sim,Sim,Não,Sim,Sim,Sim,Sim,Sim,Não,Sim,Sim,Sim,Não,Não,Não,Não,Sim,Sim,Não,Não,Sim,Não,Não,Sim,Sim,Não,Não,Não,Não,Não
1505007,PA,15,Nova Timboteua,12806,3 - 10001 até 20000,1 - Norte,Não possui estrutura,-,-,-,-,-,-,-,-,-,-,-,-,-,-,-,-,-,-,-,-,-,-,-,-,Não,Não,Não,Não,Não,Sim,Não,-,-,Não,-,-,Não,-,-,Não,-,-,Não,-,-,Não,-,-,Não,-,-,Não,-,-,Não,-,-,Não,-,-,Não,-,-,Não,-,-,Não,-,-,Não,-,-,Não,-,-,Não,-,-,Sim,Não,-,-,-,-,Não,-,-,-,-,-,-,-,-,-,-,-,-,-,-,-,-,-,-,-,-,-,-,-,Sim,326,2015,Ativo,Tem maior representação governamental,Sim,Sim,Não,Sim,11,20,Não,Sim,Não,Sim,Sim,Sim,Sim,Sim,Sim,Sim,Não,Não,Sim,Sim,193,2010,Ativo,Paritário,Não,Sim,Não,Não,10,20,Não,Sim,Não,Sim,Sim,Sim,Sim,Sim,Não,Sim,Não,Não,Não,Não,-,-,-,-,-,-,-,-,-,-,-,-,-,-,-,-,-,-,-,-,-,-,-,Não,-,-,-,-,-,-,-,-,-,-,-,-,-,-,-,-,-,-,-,-,-,-,-,Não,-,-,-,-,-,-,-,-,-,-,-,-,-,-,-,-,-,-,-,-,-,-,-,Não,-,-,-,-,-,-,-,-,-,-,-,-,-,-,-,-,-,-,-,-,-,-,-,Não,-,-,-,Não,-,-,-,Não,-,-,-,Não,-,-,-,Não,-,-,-,Não,-,-,-,Não,-,-,-,Não,-,-,-,Não,-,-,-,Não,-,-,-,Sim,Sim,Sim,Não,Não,Não,Não,Não,Não,Não,Não,Não,Não,Não,Não,Não,Não,Sim,Não,Não,Não,Não,Não,Não,Não,Não,Não,Não,Não,Não,Não,Não,Não,Sim,Sim,Sim,Não,Sim,Não,Sim,Não,Não,Não,Não,Não,Não,Não,Não,Não,Sim,Não,Sim,Não,Sim,Não,Não,Sim,Não,Sim,326,2015,1,Não,Não,Não,Não,Não,Não,Não,Não,Não,Não,Sim,0,0,0,Sim,Não,Não,Não,Não,Sim,Não,Não,Não,Não,Não,Sim,Não,Não,Não,Não,Não,Não,Sim,Não,Não,Não,Não,Não,Não,Não,Não,Não,Não,Não,Sim,Sim,Sim,Não,Não,Não,Não,Sim,Não,Não,Não,-,-,-,-,-,-,-,-,-,Não,Não,Não,Não,Sim,Não,Não,Não,Sim,Não,Sim,Não,Sim,Não,Não,Não,Sim
1505031,PA,15,Novo Progresso,33638,4 - 20001 até 50000,1 - Norte,Não possui estrutura,-,-,-,-,-,-,-,-,-,-,-,-,-,-,-,-,-,-,-,-,-,-,-,-,Não,Não,Não,Não,Não,Não,Não,-,-,Não,-,-,Não,-,-,Não,-,-,Não,-,-,Não,-,-,Não,-,-,Não,-,-,Não,-,-,Não,-,-,Não,-,-,Não,-,-,Sim,540,2018,Não,-,-,Não,-,-,Não,-,-,Não,Não,-,-,-,-,Não,-,-,-,-,-,-,-,-,-,-,-,-,-,-,-,-,-,-,-,-,-,-,-,Sim,337,2011,Ativo,Paritário,Sim,Sim,Sim,Sim,10,20,Não,Sim,Não,Sim,Sim,Sim,Sim,Sim,Não,Não,Sim,Não,Não,Sim,618,2021,Ativo,Paritário,Sim,Sim,Sim,Sim,2,16,Não,Não,Sim,Sim,Sim,Sim,Sim,Sim,Não,Não,Não,Não,Não,Sim,617,2021,Ativo,Paritário,Sim,Sim,Sim,Sim,4,16,Não,Não,Sim,Sim,Sim,Sim,Sim,Sim,Não,Não,Não,Não,Não,Não,-,-,-,-,-,-,-,-,-,-,-,-,-,-,-,-,-,-,-,-,-,-,-,Não,-,-,-,-,-,-,-,-,-,-,-,-,-,-,-,-,-,-,-,-,-,-,-,Não,-,-,-,-,-,-,-,-,-,-,-,-,-,-,-,-,-,-,-,-,-,-,-,Não,-,-,-,Não,-,-,-,Não,-,-,-,Não,-,-,-,Não,-,-,-,Não,-,-,-,Não,-,-,-,Não,-,-,-,Não,-,-,-,Não,-,-,-,Sim,Sim,Sim,Não,Não,Sim,Não,Sim,Não,Não,Não,Não,Não,Sim,Sim,Sim,Não,Não,Não,Não,Não,Não,Não,Não,Não,Não,Não,Não,Não,Não,Não,Não,Não,Sim,Sim,Não,Sim,Sim,Sim,Sim,Não,Não,Não,Não,Não,Não,Não,Não,Não,Não,Não,Sim,Sim,Não,Não,Não,Sim,Não,Sim,438,2015,1,Não,Não,Não,Não,Não,Não,Não,Não,Não,Não,Sim,0,0,0,Não,-,-,-,-,-,-,-,-,-,-,Sim,Não,Sim,Não,Não,Não,Não,Não,Não,Sim,Sim,Sim,Sim,Sim,Sim,Não,Não,Não,Não,Não,-,-,-,-,-,-,-,-,-,Sim,Não,Não,Sim,Não,Não,Não,Não,Não,Não,Não,Não,Não,Não,Não,Não,Não,Não,Não,Sim,Sim,Não,Não,Não,Não,Não,Não
1505064,PA,15,Novo Repartimento,60732,5 - 50001 até 100000,1 - Norte,Setor subordinado a outra secretaria,Sim,Não,Não,Não,Não,Não,Feminino,48,Parda,Sim,Ensino superior completo,Não,Sim,Sim,Sim,Sim,Sim,Sim,Sim,Não,Não,Não,Sim,Não,Não,Sim,Não,Não,Não,Não,Não,-,-,Não,-,-,Não,-,-,Não,-,-,Não,-,-,Não,-,-,Não,-,-,Não,-,-,Não,-,-,Não,-,-,Não,-,-,Não,-,-,Não,-,-,Não,-,-,Não,-,-,Não,-,-,Sim,Não,-,-,-,-,Não,-,-,-,-,-,-,-,-,-,-,-,-,-,-,-,-,-,-,-,-,-,-,-,Sim,1034,2014,Ativo,Paritário,Sim,Não,Sim,Sim,27,20,Sim,Não,Não,Sim,Sim,Sim,Sim,Sim,Não,Não,Não,Sim,Sim,Não,-,-,-,-,-,-,-,-,-,-,-,-,-,-,-,-,-,-,-,-,-,-,-,Não,-,-,-,-,-,-,-,-,-,-,-,-,-,-,-,-,-,-,-,-,-,-,-,Não,-,-,-,-,-,-,-,-,-,-,-,-,-,-,-,-,-,-,-,-,-,-,-,Não,-,-,-,-,-,-,-,-,-,-,-,-,-,-,-,-,-,-,-,-,-,-,-,Não,-,-,-,-,-,-,-,-,-,-,-,-,-,-,-,-,-,-,-,-,-,-,-,Não,-,-,-,Não,-,-,-,Não,-,-,-,Não,-,-,-,Não,-,-,-,Não,-,-,-,Não,-,-,-,Não,-,-,-,Não,-,-,-,Não,-,-,-,Sim,Sim,Sim,Sim,Não,Sim,Sim,Não,Não,Não,Não,Não,Não,Sim,Não,Não,Não,Não,Não,Não,Sim,Não,Sim,Não,Sim,Não,Sim,Não,Não,Não,Sim,Não,Não,Não,Sim,Sim,Não,Não,Sim,Sim,Não,Não,Não,Sim,Não,Não,Não,Não,Não,Sim,Sim,Sim,Sim,Sim,Sim,Não,Não,Não,Sim,1034,2014,1,Não,Não,Não,Não,Não,Não,Não,Não,Não,Não,Sim,0,0,0,Sim,Sim,Sim,Não,Não,Sim,Não,Não,Não,Não,Não,Sim,Não,Sim,Não,Não,Não,Não,Não,Não,Não,Sim,Não,Não,Não,Não,Não,Não,Não,Não,Sim,Sim,Sim,Não,Não,Sim,Não,Sim,Não,Não,Sim,Sim,Não,Sim,Não,Não,Não,Sim,Sim,Não,Não,Não,Não,Não,Sim,Não,Não,Sim,Não,Não,Não,Sim,Não,Não,Não,Sim,Sim
1505106,PA,15,Óbidos,52229,5 - 50001 até 100000,1 - Norte,Não possui estrutura,-,-,-,-,-,-,-,-,-,-,-,-,-,-,-,-,-,-,-,-,-,-,-,-,Não,Não,Não,Não,Não,Sim,Sim,3097,1992,Sim,5888,2021,Sim,3097,1992,Sim,3097,1992,Sim,3097,1992,Não,-,-,Não,-,-,Não,-,-,Não,-,-,Não,-,-,Não,-,-,Não,-,-,Não,-,-,Não,-,-,Não,-,-,Não,-,-,Não,Não,-,-,-,-,Não,-,-,-,-,-,-,-,-,-,-,-,-,-,-,-,-,-,-,-,-,-,-,-,Sim,3097,1992,Ativo,Paritário,Sim,Sim,Não,Sim,16,20,Não,Sim,Não,Sim,Sim,Sim,Sim,Sim,Não,Sim,Não,Sim,Sim,Sim,4177,2012,Ativo,Paritário,Sim,Sim,Não,Sim,4,20,Não,Sim,Não,Sim,Sim,Sim,Sim,Sim,Não,Sim,Não,Sim,Sim,Sim,4146,2012,Inativo,-,-,-,-,-,-,-,-,-,-,-,-,-,-,-,-,-,-,-,-,Não,-,-,-,-,-,-,-,-,-,-,-,-,-,-,-,-,-,-,-,-,-,-,-,Não,-,-,-,-,-,-,-,-,-,-,-,-,-,-,-,-,-,-,-,-,-,-,-,Não,-,-,-,-,-,-,-,-,-,-,-,-,-,-,-,-,-,-,-,-,-,-,-,Não,-,-,-,Não,-,-,-,Não,-,-,-,Não,-,-,-,Não,-,-,-,Não,-,-,-,Não,-,-,-,Não,-,-,-,Não,-,-,-,Não,-,-,-,Sim,Não,Sim,Não,Não,Não,Não,Não,Não,Não,Não,Não,Não,Sim,Não,Não,Não,Não,Não,Não,Não,Não,Não,Não,Sim,Não,Não,Não,Não,Não,Não,Não,Não,Não,Sim,Não,Não,Sim,Não,Não,Sim,Não,Não,Não,Não,Não,Não,Não,Não,Sim,Sim,Sim,Não,Não,Sim,Não,Não,Não,Sim,3097,1992,1,Sim,Não,Não,Não,Não,Não,Não,Sim,Não,Não,Não,0,0,0,Sim,Sim,Não,Não,Não,Sim,Não,Não,Não,Não,Não,Não,Não,Não,Não,Não,Não,Não,Não,Não,Não,Não,Não,Não,Não,Não,Não,Não,Não,Sim,Sim,Sim,Sim,Sim,Não,Não,Não,Sim,Não,Não,Sim,Sim,Não,Sim,Não,Não,Não,Sim,Sim,Não,Não,Não,Não,Sim,Sim,Não,Não,Sim,Não,Não,Sim,Não,Não,Não,Não,Não,Não
1505205,PA,15,Oeiras do Pará,33844,4 - 20001 até 50000,1 - Norte,Não possui estrutura,-,-,-,-,-,-,-,-,-,-,-,-,-,-,-,-,-,-,-,-,-,-,-,-,Não,Não,Não,Não,Sim,Não,Não,-,-,Não,-,-,Não,-,-,Não,-,-,Não,-,-,Não,-,-,Não,-,-,Não,-,-,Não,-,-,Não,-,-,Não,-,-,Não,-,-,Não,-,-,Não,-,-,Não,-,-,Não,-,-,Sim,Não,-,-,-,-,Não,-,-,-,-,-,-,-,-,-,-,-,-,-,-,-,-,-,-,-,-,-,-,-,Sim,698,2022,Ativo,Paritário,Não,Não,Não,Sim,6,16,Não,Sim,Não,Sim,Não,Sim,Sim,Sim,Não,Não,Não,Não,Não,Não,-,-,-,-,-,-,-,-,-,-,-,-,-,-,-,-,-,-,-,-,-,-,-,Não,-,-,-,-,-,-,-,-,-,-,-,-,-,-,-,-,-,-,-,-,-,-,-,Não,-,-,-,-,-,-,-,-,-,-,-,-,-,-,-,-,-,-,-,-,-,-,-,Não,-,-,-,-,-,-,-,-,-,-,-,-,-,-,-,-,-,-,-,-,-,-,-,Não,-,-,-,-,-,-,-,-,-,-,-,-,-,-,-,-,-,-,-,-,-,-,-,Não,-,-,-,Não,-,-,-,Não,-,-,-,Não,-,-,-,Não,-,-,-,Não,-,-,-,Não,-,-,-,Não,-,-,-,Não,-,-,-,Não,-,-,-,Sim,Não,Não,Não,Não,Não,Não,Não,Não,Não,Não,Sim,Não,Sim,Não,Não,Não,Não,Sim,Não,Sim,Não,Não,Não,Sim,Sim,Não,Não,Não,Não,Não,Não,Não,Não,Sim,Sim,Não,Sim,Sim,Não,Sim,Não,Não,Não,Não,Não,Não,Não,Sim,Sim,Sim,Sim,Não,Não,Não,Não,Não,Não,Sim,376,1995,1,Não,Não,Não,Não,Não,Não,Não,Sim,Não,Não,Não,0,0,1,Não,-,-,-,-,-,-,-,-,-,-,Sim,Não,Sim,Não,Não,Não,Não,Não,Não,Não,Não,Não,Não,Não,Não,Não,Não,Sim,Não,Sim,Sim,Sim,Sim,Sim,Sim,Não,Sim,Não,Não,Não,-,-,-,-,-,-,-,-,-,Não,Sim,Não,Sim,Não,Não,Não,Sim,Não,Não,Sim,Sim,Não,Não,Não,Não,Não
1505304,PA,15,Oriximiná,68294,5 - 50001 até 100000,1 - Norte,Não possui estrutura,-,-,-,-,-,-,-,-,-,-,-,-,-,-,-,-,-,-,-,-,-,-,-,-,Não,Não,Não,Não,Não,Sim,Não,-,-,Não,-,-,Não,-,-,Não,-,-,Não,-,-,Não,-,-,Não,-,-,Não,-,-,Não,-,-,Não,-,-,Não,-,-,Não,-,-,Não,-,-,Não,-,-,Não,-,-,Não,-,-,Sim,Não,-,-,-,-,Não,-,-,-,-,-,-,-,-,-,-,-,-,-,-,-,-,-,-,-,-,-,-,-,Sim,9201,2018,Ativo,Paritário,Sim,Sim,Sim,Sim,15,16,Não,Sim,Não,Sim,Sim,Sim,Sim,Sim,Não,Não,Sim,Sim,Sim,Não,-,-,-,-,-,-,-,-,-,-,-,-,-,-,-,-,-,-,-,-,-,-,-,Sim,7465,2011,Inativo,-,-,-,-,-,-,-,-,-,-,-,-,-,-,-,-,-,-,-,-,Não,-,-,-,-,-,-,-,-,-,-,-,-,-,-,-,-,-,-,-,-,-,-,-,Não,-,-,-,-,-,-,-,-,-,-,-,-,-,-,-,-,-,-,-,-,-,-,-,Não,-,-,-,-,-,-,-,-,-,-,-,-,-,-,-,-,-,-,-,-,-,-,-,Não,-,-,-,Não,-,-,-,Não,-,-,-,Não,-,-,-,Não,-,-,-,Não,-,-,-,Não,-,-,-,Não,-,-,-,Não,-,-,-,Não,-,-,-,Sim,Não,Sim,Não,Não,Sim,Sim,Não,Não,Não,Não,Não,Não,Sim,Não,Não,Não,Não,Não,Não,Não,Não,Não,Não,Não,Não,Não,Não,Não,Não,Não,Não,Não,Sim,Sim,Sim,Sim,Sim,Sim,Sim,Não,Não,Não,Não,Não,Não,Sim,Não,Sim,Sim,Sim,Sim,Não,Não,Sim,Não,Não,Não,Sim,9201,2018,1,Sim,Não,Não,Não,Não,Não,Sim,Sim,Não,Não,Não,0,0,0,Sim,Não,Não,Não,Não,Sim,Não,Sim,Não,Não,Não,Sim,Não,Não,Não,Não,Não,Sim,Sim,Não,Não,Não,Sim,Não,Não,Não,Não,Não,Sim,Não,Não,-,-,-,-,-,-,-,-,-,Sim,Sim,Não,Sim,Não,Não,Não,Não,Sim,Não,Não,Não,Não,Não,Não,Não,Não,Não,Não,Sim,Sim,Não,Não,Não,Não,Não,Sim
1505403,PA,15,Ourém,17855,3 - 10001 até 20000,1 - Norte,Não possui estrutura,-,-,-,-,-,-,-,-,-,-,-,-,-,-,-,-,-,-,-,-,-,-,-,-,Não,Não,Não,Não,Não,Sim,Não,-,-,Não,-,-,Não,-,-,Não,-,-,Não,-,-,Não,-,-,Não,-,-,Não,-,-,Não,-,-,Não,-,-,Não,-,-,Não,-,-,Não,-,-,Não,-,-,Não,-,-,Não,-,-,Sim,Não,-,-,-,-,Não,-,-,-,-,-,-,-,-,-,-,-,-,-,-,-,-,-,-,-,-,-,-,-,Sim,1973,2014,Ativo,Paritário,Sim,Sim,Sim,Não,6,10,Não,Sim,Não,Sim,Sim,Sim,Não,Sim,Não,Não,Não,Não,Não,Não,-,-,-,-,-,-,-,-,-,-,-,-,-,-,-,-,-,-,-,-,-,-,-,Não,-,-,-,-,-,-,-,-,-,-,-,-,-,-,-,-,-,-,-,-,-,-,-,Não,-,-,-,-,-,-,-,-,-,-,-,-,-,-,-,-,-,-,-,-,-,-,-,Não,-,-,-,-,-,-,-,-,-,-,-,-,-,-,-,-,-,-,-,-,-,-,-,Não,-,-,-,-,-,-,-,-,-,-,-,-,-,-,-,-,-,-,-,-,-,-,-,Não,-,-,-,Não,-,-,-,Não,-,-,-,Não,-,-,-,Não,-,-,-,Não,-,-,-,Não,-,-,-,Não,-,-,-,Não,-,-,-,Não,-,-,-,Sim,Não,Sim,Não,Não,Não,Não,Não,Não,Não,Não,Não,Não,Sim,Não,Não,Não,Não,Não,Não,Não,Não,Não,Não,Não,Não,Não,Não,Não,Não,Não,Não,Não,Sim,Não,-,-,-,-,-,-,-,-,-,-,-,-,-,-,-,-,-,-,-,-,-,-,-,Sim,1793,2014,1,Sim,Sim,Não,Sim,Não,Não,Não,Sim,Não,Não,Não,0,0,0,Não,-,-,-,-,-,-,-,-,-,-,Sim,Não,Sim,Não,Não,Não,Não,Não,Não,Não,Não,Não,Não,Não,Não,Não,Não,Não,Não,Sim,Não,Sim,Sim,Não,Sim,Não,Sim,Não,Não,Não,-,-,-,-,-,-,-,-,-,Não,Sim,Sim,Não,Não,Não,Não,Sim,Não,Não,Não,Não,Não,Sim,Não,Não,Não
1505437,PA,15,Ourilândia do Norte,32467,4 - 20001 até 50000,1 - Norte,Setor subordinado a outra secretaria,Sim,Não,Não,Não,Não,Não,Feminino,38,Branca,Sim,Ensino superior completo,Sim,Sim,Não,Não,Não,Sim,Não,Não,Sim,Sim,Sim,Sim,Não,Não,Não,Não,Não,Não,Sim,Não,-,-,Não,-,-,Sim,9,2015,Não,-,-,Não,-,-,Não,-,-,Não,-,-,Não,-,-,Não,-,-,Não,-,-,Não,-,-,Não,-,-,Não,-,-,Não,-,-,Não,-,-,Não,-,-,Não,Não,-,-,-,-,Não,-,-,-,-,-,-,-,-,-,-,-,-,-,-,-,-,-,-,-,-,-,-,-,Sim,648,2017,Ativo,Paritário,Sim,Sim,Sim,Sim,27,16,Não,Sim,Não,Sim,Sim,Sim,Sim,Sim,Não,Não,Sim,Sim,Sim,Sim,817,2022,Ativo,Paritário,Sim,Sim,Sim,Sim,13,16,Não,Sim,Não,Sim,Sim,Sim,Sim,Sim,Não,Não,Sim,Sim,Sim,Não,-,-,-,-,-,-,-,-,-,-,-,-,-,-,-,-,-,-,-,-,-,-,-,Não,-,-,-,-,-,-,-,-,-,-,-,-,-,-,-,-,-,-,-,-,-,-,-,Não,-,-,-,-,-,-,-,-,-,-,-,-,-,-,-,-,-,-,-,-,-,-,-,Não,-,-,-,-,-,-,-,-,-,-,-,-,-,-,-,-,-,-,-,-,-,-,-,Não,-,-,-,Não,-,-,-,Não,-,-,-,Não,-,-,-,Não,-,-,-,Não,-,-,-,Não,-,-,-,Não,-,-,-,Não,-,-,-,Não,-,-,-,Sim,Não,Sim,Sim,Não,Não,Não,Não,Não,Não,Não,Não,Não,Sim,Sim,Não,Não,Não,Não,Não,Não,Não,Não,Não,Não,Não,Não,Não,Não,Não,Não,Não,Não,Sim,Sim,Sim,Não,Sim,Não,Sim,Não,Não,Não,Não,Não,Não,Não,Não,Sim,Sim,Sim,Sim,Não,Sim,Sim,Não,Não,Não,Sim,648,2017,1,Não,Não,Não,Não,Não,Não,Não,Não,Não,Não,Sim,0,0,0,Sim,Não,Sim,Não,Não,Sim,Não,Sim,Não,Não,Não,Sim,Não,Não,Não,Não,Não,Não,Não,Não,Não,Sim,Não,Não,Não,Não,Não,Não,Não,Não,Sim,Sim,Sim,Sim,Sim,Sim,Sim,Sim,Sim,Não,Não,-,-,-,-,-,-,-,-,-,Não,Não,Não,Não,Sim,Não,Não,Sim,Não,Não,Sim,Não,Não,Não,Não,Sim,Sim
1505486,PA,15,Pacajá,41097,4 - 20001 até 50000,1 - Norte,Não possui estrutura,-,-,-,-,-,-,-,-,-,-,-,-,-,-,-,-,-,-,-,-,-,-,-,-,Não,Sim,Sim,Sim,Não,Não,Não,-,-,Não,-,-,Não,-,-,Não,-,-,Não,-,-,Não,-,-,Não,-,-,Não,-,-,Não,-,-,Não,-,-,Não,-,-,Não,-,-,Não,-,-,Não,-,-,Não,-,-,Não,-,-,Sim,Não,-,-,-,-,Não,-,-,-,-,-,-,-,-,-,-,-,-,-,-,-,-,-,-,-,-,-,-,-,Sim,414,2015,Ativo,Paritário,Sim,Sim,Não,Sim,11,20,Não,Sim,Não,Sim,Sim,Sim,Sim,Sim,Não,Não,Sim,Sim,Sim,Sim,511,2023,Ativo,Paritário,Sim,Sim,Não,Sim,5,16,Não,Sim,Não,Sim,Sim,Sim,Sim,Sim,Não,Não,Sim,Não,Sim,Sim,298,2008,Inativo,-,-,-,-,-,-,-,-,-,-,-,-,-,-,-,-,-,-,-,-,Não,-,-,-,-,-,-,-,-,-,-,-,-,-,-,-,-,-,-,-,-,-,-,-,Não,-,-,-,-,-,-,-,-,-,-,-,-,-,-,-,-,-,-,-,-,-,-,-,Não,-,-,-,-,-,-,-,-,-,-,-,-,-,-,-,-,-,-,-,-,-,-,-,Não,-,-,-,Não,-,-,-,Não,-,-,-,Não,-,-,-,Não,-,-,-,Não,-,-,-,Não,-,-,-,Não,-,-,-,Não,-,-,-,Não,-,-,-,Sim,Não,Sim,Não,Não,Não,Não,Não,Não,Não,Não,Não,Não,Sim,Não,Não,Não,Não,Sim,Não,Sim,Não,Sim,Não,Sim,Não,Não,Não,Não,Não,Não,Não,Não,Não,Sim,Sim,Não,Sim,Sim,Sim,Não,Não,Não,Não,Não,Não,Não,Não,Sim,Sim,Sim,Sim,Não,Sim,Sim,Não,Não,Não,Sim,414,2015,1,Sim,Não,Não,Não,Não,Não,Não,Não,Não,Não,Não,0,0,0,Sim,Sim,Não,Sim,Não,Sim,Não,Sim,Sim,Não,Não,Sim,Não,Não,Não,Não,Não,Não,Não,Não,Não,Não,Não,Não,Não,Não,Não,Não,Não,Não,Sim,Sim,Sim,Sim,Não,Sim,Não,Sim,Sim,Não,Não,-,-,-,-,-,-,-,-,-,Não,Não,Sim,Não,Sim,Não,Não,Não,Não,Não,Sim,Não,Não,Não,Não,Não,Não
1505494,PA,15,Palestina do Pará,6885,2 - 5001 até 10000,1 - Norte,Setor subordinado a outra secretaria,Sim,Não,Não,Não,Não,Não,Masculino,51,Parda,Sim,Ensino superior completo,Não,Sim,Sim,Sim,Sim,Não,Não,Não,Não,Não,Não,Sim,Não,Sim,Não,Não,Não,Não,Não,Sim,12845,2013,Sim,11340,2006,Não,-,-,Sim,185,2009,Sim,185,2009,Não,-,-,Não,-,-,Não,-,-,Não,-,-,Não,-,-,Não,-,-,Não,-,-,Não,-,-,Não,-,-,Não,-,-,Não,-,-,Não,Não,-,-,-,-,Não,-,-,-,-,-,-,-,-,-,-,-,-,-,-,-,-,-,-,-,-,-,-,-,Sim,50,2015,Ativo,Paritário,Não,Sim,Não,Não,6,20,Não,Sim,Não,Sim,Sim,Sim,Sim,Sim,Não,Não,Não,Não,Não,Sim,10,2017,Ativo,Paritário,Não,Sim,Não,Não,2,20,Não,Sim,Não,Sim,Sim,Sim,Sim,Sim,Não,Não,Não,Não,Não,Sim,42,2020,"Foi criado, mas não foi instalado",-,-,-,-,-,-,-,-,-,-,-,-,-,-,-,-,-,-,-,-,Não,-,-,-,-,-,-,-,-,-,-,-,-,-,-,-,-,-,-,-,-,-,-,-,Não,-,-,-,-,-,-,-,-,-,-,-,-,-,-,-,-,-,-,-,-,-,-,-,Não,-,-,-,-,-,-,-,-,-,-,-,-,-,-,-,-,-,-,-,-,-,-,-,Sim,59,2015,6,Não,-,-,-,Não,-,-,-,Não,-,-,-,Não,-,-,-,Não,-,-,-,Não,-,-,-,Não,-,-,-,Não,-,-,-,Não,-,-,-,Não,Não,Sim,Não,Não,Não,Não,Não,Não,Não,Não,Não,Não,Sim,Sim,Não,Não,Não,Sim,Sim,Não,Não,Não,Não,Sim,Não,Não,Não,Não,Não,Não,Não,Não,Não,Sim,Sim,Não,Sim,Sim,Não,Não,Não,Sim,Não,Não,Não,Não,Não,Sim,Sim,Sim,Não,Sim,Não,Sim,Sim,Não,Não,Sim,20,2003,1,Não,Não,Não,Não,Não,Não,Não,Sim,Não,Não,Não,0,0,0,Sim,Sim,Não,Não,Não,Não,Não,Não,Não,Não,Não,Sim,Não,Não,Não,Não,Não,Não,Não,Não,Não,Não,Não,Não,Não,Não,Não,Não,Não,Não,Sim,Sim,Sim,Sim,Não,Não,Não,Sim,Não,Não,Não,-,-,-,-,-,-,-,-,-,Não,Não,Não,Não,Sim,Não,Não,Sim,Não,Não,Sim,Não,Não,Não,Não,Não,Sim
1505502,PA,15,Paragominas,105550,6 - 100001 até 500000,1 - Norte,Não possui estrutura,-,-,-,-,-,-,-,-,-,-,-,-,-,-,-,-,-,-,-,-,-,-,-,-,Não,Não,Não,Não,Não,Sim,Sim,1098,2022,Sim,1069,2021,Não,-,-,Não,-,-,Não,-,-,Não,-,-,Não,-,-,Não,-,-,Não,-,-,Não,-,-,Não,-,-,Não,-,-,Não,-,-,Sim,963,2018,Não,-,-,Sim,757,2011,Não,Não,-,-,-,-,Não,-,-,-,-,-,-,-,-,-,-,-,-,-,-,-,-,-,-,-,-,-,-,-,Sim,591,1991,Ativo,Paritário,Sim,Sim,Sim,Sim,6,10,Sim,Não,Não,Sim,Sim,Sim,Sim,Sim,Não,Sim,Sim,Sim,Sim,Não,-,-,-,-,-,-,-,-,-,-,-,-,-,-,-,-,-,-,-,-,-,-,-,Sim,710,2009,Inativo,-,-,-,-,-,-,-,-,-,-,-,-,-,-,-,-,-,-,-,-,Não,-,-,-,-,-,-,-,-,-,-,-,-,-,-,-,-,-,-,-,-,-,-,-,Não,-,-,-,-,-,-,-,-,-,-,-,-,-,-,-,-,-,-,-,-,-,-,-,Não,-,-,-,-,-,-,-,-,-,-,-,-,-,-,-,-,-,-,-,-,-,-,-,Não,-,-,-,Não,-,-,-,Não,-,-,-,Não,-,-,-,Não,-,-,-,Não,-,-,-,Não,-,-,-,Não,-,-,-,Não,-,-,-,Não,-,-,-,Sim,Não,Sim,Não,Não,Não,Não,Não,Não,Não,Não,Não,Não,Sim,Não,Não,Não,Não,Sim,Sim,Não,Não,Não,Não,Sim,Não,Não,Não,Não,Não,Não,Não,Não,Não,Sim,Sim,Não,Sim,Não,Sim,Não,Não,Não,Não,Não,Sim,Não,Não,Sim,Sim,Sim,Sim,Não,Não,Sim,Não,Não,Não,Sim,591,1991,2,Não,Não,Não,Não,Não,Não,Não,Sim,Não,Não,Não,0,0,0,Sim,Sim,Sim,Não,Sim,Sim,Não,Sim,Sim,Não,Não,Sim,Não,Sim,Não,Não,Não,Não,Sim,Não,Sim,Sim,Sim,Sim,Não,Não,Não,Não,Não,Não,Sim,Sim,Não,Sim,Sim,Sim,Não,Sim,Não,Não,Sim,Não,Não,Sim,Não,Não,Sim,Sim,Sim,Não,Não,Sim,Não,Não,Sim,Não,Não,Sim,Não,Não,Sim,Não,Não,Não,Não,Sim,Não
1505536,PA,15,Parauapebas,267836,6 - 100001 até 500000,1 - Norte,Não possui estrutura,-,-,-,-,-,-,-,-,-,-,-,-,-,-,-,-,-,-,-,-,-,-,-,-,Não,Não,Não,Não,Não,Sim,Não,-,-,Não,-,-,Não,-,-,Sim,4571,2014,Não,-,-,Não,-,-,Não,-,-,Não,-,-,Não,-,-,Não,-,-,Não,-,-,Não,-,-,Sim,4697,2017,Sim,4668,2016,Não,-,-,Sim,4648,2016,Não,Não,-,-,-,-,Não,-,-,-,-,-,-,-,-,-,-,-,-,-,-,-,-,-,-,-,-,-,-,-,Sim,4571,2014,Ativo,Paritário,Sim,Sim,Sim,Sim,12,8,Não,Sim,Não,Sim,Sim,Sim,Sim,Sim,Sim,Sim,Sim,Sim,Não,Sim,4668,2016,Inativo,-,-,-,-,-,-,-,-,-,-,-,-,-,-,-,-,-,-,-,-,Sim,4697,2017,Ativo,Paritário,Não,Sim,Não,Sim,14,24,Sim,Não,Não,Sim,Sim,Sim,Sim,Sim,Não,Sim,Sim,Não,Sim,Não,-,-,-,-,-,-,-,-,-,-,-,-,-,-,-,-,-,-,-,-,-,-,-,Não,-,-,-,-,-,-,-,-,-,-,-,-,-,-,-,-,-,-,-,-,-,-,-,Não,-,-,-,-,-,-,-,-,-,-,-,-,-,-,-,-,-,-,-,-,-,-,-,Não,-,-,-,Não,-,-,-,Não,-,-,-,Não,-,-,-,Não,-,-,-,Não,-,-,-,Não,-,-,-,Não,-,-,-,Não,-,-,-,Não,-,-,-,Sim,Não,Sim,Não,Não,Não,Não,Não,Não,Não,Sim,Não,Não,Sim,Sim,Sim,Não,Não,Não,Não,Sim,Não,Não,Não,Não,Não,Não,Não,Não,Não,Não,Não,Não,Não,Sim,Sim,Não,Não,Não,Sim,Não,Não,Não,Não,Não,Sim,Não,Não,Sim,Sim,Sim,Sim,Sim,Sim,Sim,Não,Não,Não,Sim,1519,1994,2,Sim,Não,Não,Não,Não,Não,Não,Não,Não,Não,Não,0,0,0,Sim,Sim,Não,Não,Sim,Não,Sim,Sim,Sim,Sim,Não,Sim,Não,Sim,Sim,Não,Não,Não,Sim,Não,Não,Sim,Sim,Não,Não,Não,Não,Não,Sim,Não,Sim,Sim,Não,Sim,Não,Sim,Sim,Sim,Não,Não,Sim,Sim,Sim,Não,Sim,Sim,Sim,Sim,Sim,Não,Não,Não,Não,Não,Não,Não,Não,Não,Não,Sim,Não,Sim,Não,Não,Não,Não,Sim
1505551,PA,15,Pau DArco,6931,2 - 5001 até 10000,1 - Norte,Setor subordinado a outra secretaria,Sim,Sim,Não,Sim,Não,Não,Masculino,38,Parda,Sim,Ensino médio (2º Grau) incompleto,Não,Sim,Sim,Sim,Sim,Não,Não,Não,Sim,Não,Não,Não,Não,Sim,Não,Não,Não,Não,Não,Não,-,-,Não,-,-,Não,-,-,Sim,533,1997,Não,-,-,Não,-,-,Não,-,-,Não,-,-,Não,-,-,Não,-,-,Não,-,-,Não,-,-,Não,-,-,Não,-,-,Não,-,-,Não,-,-,Não,Não,-,-,-,-,Não,-,-,-,-,-,-,-,-,-,-,-,-,-,-,-,-,-,-,-,-,-,-,-,Sim,533,1997,Ativo,Paritário,Não,Não,Não,Sim,10,8,Sim,Não,Não,Sim,Sim,Sim,Sim,Sim,Não,Não,Não,Não,Sim,Sim,690,2006,Inativo,-,-,-,-,-,-,-,-,-,-,-,-,-,-,-,-,-,-,-,-,Não,-,-,-,-,-,-,-,-,-,-,-,-,-,-,-,-,-,-,-,-,-,-,-,Não,-,-,-,-,-,-,-,-,-,-,-,-,-,-,-,-,-,-,-,-,-,-,-,Não,-,-,-,-,-,-,-,-,-,-,-,-,-,-,-,-,-,-,-,-,-,-,-,Não,-,-,-,-,-,-,-,-,-,-,-,-,-,-,-,-,-,-,-,-,-,-,-,Não,-,-,-,Não,-,-,-,Não,-,-,-,Não,-,-,-,Não,-,-,-,Não,-,-,-,Não,-,-,-,Não,-,-,-,Não,-,-,-,Não,-,-,-,Sim,Sim,Sim,Não,Não,Não,Não,Não,Não,Sim,Não,Não,Não,Não,Não,Não,Não,Sim,Não,Não,Não,Não,Sim,Não,Não,Não,Não,Não,Não,Não,Sim,Não,Não,Não,Sim,Sim,Não,Sim,Não,Não,Não,Não,Não,Não,Não,Sim,Não,Não,Sim,Sim,Sim,Sim,Não,Sim,Não,Não,Sim,Não,Sim,633,2002,1,Não,Não,Não,Não,Não,Não,Sim,Não,Não,Não,Não,0,0,0,Não,-,-,-,-,-,-,-,-,-,-,Sim,Não,Não,Não,Não,Não,Não,Não,Não,Não,Não,Não,Sim,Não,Sim,Não,Não,Não,Não,Sim,Não,Não,Sim,Não,Sim,Não,Sim,Não,Não,Não,-,-,-,-,-,-,-,-,-,Não,Sim,Não,Não,Não,Não,Não,Sim,Não,Não,Sim,Não,Não,Não,Não,Não,Não
1505601,PA,15,Peixe-Boi,8285,2 - 5001 até 10000,1 - Norte,Setor subordinado a outra secretaria,Sim,Não,Não,Não,Não,Não,Masculino,42,Parda,Sim,Ensino superior completo,Não,Sim,Sim,Sim,Sim,Sim,Não,Sim,Não,Não,Não,Sim,Não,Não,Sim,Sim,Sim,Não,Não,Não,-,-,Não,-,-,Não,-,-,Sim,667,2015,Não,-,-,Não,-,-,Não,-,-,Não,-,-,Não,-,-,Não,-,-,Não,-,-,Não,-,-,Não,-,-,Não,-,-,Não,-,-,Não,-,-,Não,Não,-,-,-,-,Não,-,-,-,-,-,-,-,-,-,-,-,-,-,-,-,-,-,-,-,-,-,-,-,Sim,667,2015,Ativo,Paritário,Sim,Sim,Sim,Sim,12,16,Não,Sim,Não,Sim,Sim,Sim,Sim,Sim,Não,Não,Sim,Sim,Não,Sim,588,2009,Inativo,-,-,-,-,-,-,-,-,-,-,-,-,-,-,-,-,-,-,-,-,Não,-,-,-,-,-,-,-,-,-,-,-,-,-,-,-,-,-,-,-,-,-,-,-,Não,-,-,-,-,-,-,-,-,-,-,-,-,-,-,-,-,-,-,-,-,-,-,-,Não,-,-,-,-,-,-,-,-,-,-,-,-,-,-,-,-,-,-,-,-,-,-,-,Não,-,-,-,-,-,-,-,-,-,-,-,-,-,-,-,-,-,-,-,-,-,-,-,Não,-,-,-,Não,-,-,-,Não,-,-,-,Não,-,-,-,Não,-,-,-,Não,-,-,-,Não,-,-,-,Não,-,-,-,Não,-,-,-,Não,-,-,-,Sim,Não,Sim,Não,Não,Não,Não,Não,Não,Não,Não,Não,Não,Sim,Não,Não,Não,Não,Não,Não,Não,Não,Não,Não,Não,Não,Não,Não,Não,Não,Não,Não,Não,Sim,Sim,Sim,Não,Sim,Sim,Não,Sim,Não,Não,Sim,Não,Não,Não,Não,Sim,Sim,Sim,Sim,Não,Não,Sim,Não,Sim,Não,Sim,667,2015,1,Sim,Não,Não,Não,Não,Não,Não,Não,Não,Não,Não,0,0,0,Sim,Não,Não,Não,Não,Sim,Não,Não,Sim,Não,Não,Sim,Não,Não,Não,Não,Não,Não,Não,Não,Não,Não,Não,Não,Não,Não,Não,Não,Não,Não,Sim,Não,Sim,Sim,Não,Sim,Não,Sim,Não,Não,Não,-,-,-,-,-,-,-,-,-,Não,Não,Não,Não,Sim,Não,Não,Sim,Não,Não,Sim,Não,Não,Não,Não,Não,Sim
1505635,PA,15,Piçarra,12832,3 - 10001 até 20000,1 - Norte,Não possui estrutura,-,-,-,-,-,-,-,-,-,-,-,-,-,-,-,-,-,-,-,-,-,-,-,-,Não,Não,Não,Não,Não,Sim,Não,-,-,Não,-,-,Não,-,-,Não,-,-,Sim,258,2022,Não,-,-,Não,-,-,Não,-,-,Não,-,-,Não,-,-,Não,-,-,Não,-,-,Não,-,-,Sim,241,2021,Não,-,-,Não,-,-,Não,Não,-,-,-,-,Não,-,-,-,-,-,-,-,-,-,-,-,-,-,-,-,-,-,-,-,-,-,-,-,Sim,206,2016,Ativo,Paritário,Sim,Sim,Sim,Sim,6,12,Sim,Sim,Não,Sim,Não,Sim,Sim,Sim,Não,Não,Sim,Não,Sim,Não,-,-,-,-,-,-,-,-,-,-,-,-,-,-,-,-,-,-,-,-,-,-,-,Não,-,-,-,-,-,-,-,-,-,-,-,-,-,-,-,-,-,-,-,-,-,-,-,Não,-,-,-,-,-,-,-,-,-,-,-,-,-,-,-,-,-,-,-,-,-,-,-,Não,-,-,-,-,-,-,-,-,-,-,-,-,-,-,-,-,-,-,-,-,-,-,-,Não,-,-,-,-,-,-,-,-,-,-,-,-,-,-,-,-,-,-,-,-,-,-,-,Não,-,-,-,Não,-,-,-,Não,-,-,-,Não,-,-,-,Não,-,-,-,Não,-,-,-,Não,-,-,-,Não,-,-,-,Não,-,-,-,Não,-,-,-,Sim,Não,Sim,Não,Não,Não,Não,Não,Não,Não,Não,Não,Não,Sim,Não,Não,Não,Não,Sim,Não,Sim,Não,Não,Não,Sim,Não,Sim,Sim,Não,Não,Não,Não,Não,Não,Sim,Não,Não,Sim,Sim,Não,Sim,Não,Não,Não,Não,Não,Não,Não,Sim,Sim,Sim,Não,Sim,Não,Não,Não,Não,Não,Sim,206,2016,1,Sim,Não,Não,Não,Não,Não,Não,Não,Não,Não,Não,0,0,1,Sim,Não,Não,Não,Não,Sim,Não,Não,Não,Não,Não,Sim,Não,Não,Não,Não,Não,Não,Sim,Não,Não,Não,Não,Não,Não,Não,Não,Não,Não,Não,Sim,Sim,Sim,Sim,Não,Sim,Não,Sim,Não,Não,Não,-,-,-,-,-,-,-,-,-,Não,Não,Não,Não,Sim,Não,Não,Não,Não,Não,Sim,Não,Não,Não,Não,Sim,Não
1505650,PA,15,Placas,18668,3 - 10001 até 20000,1 - Norte,Não possui estrutura,-,-,-,-,-,-,-,-,-,-,-,-,-,-,-,-,-,-,-,-,-,-,-,-,Não,Não,Não,Não,Não,Sim,Não,-,-,Não,-,-,Não,-,-,Não,-,-,Não,-,-,Não,-,-,Não,-,-,Não,-,-,Não,-,-,Não,-,-,Não,-,-,Não,-,-,Não,-,-,Não,-,-,Não,-,-,Não,-,-,Sim,Não,-,-,-,-,Não,-,-,-,-,-,-,-,-,-,-,-,-,-,-,-,-,-,-,-,-,-,-,-,Sim,238,2015,Ativo,Paritário,Sim,Sim,Sim,Sim,12,14,Sim,Não,Não,Sim,Sim,Sim,Sim,Sim,Não,Sim,Sim,Não,Não,Sim,213,2013,"Foi criado, mas não foi instalado",-,-,-,-,-,-,-,-,-,-,-,-,-,-,-,-,-,-,-,-,Não,-,-,-,-,-,-,-,-,-,-,-,-,-,-,-,-,-,-,-,-,-,-,-,Não,-,-,-,-,-,-,-,-,-,-,-,-,-,-,-,-,-,-,-,-,-,-,-,Não,-,-,-,-,-,-,-,-,-,-,-,-,-,-,-,-,-,-,-,-,-,-,-,Não,-,-,-,-,-,-,-,-,-,-,-,-,-,-,-,-,-,-,-,-,-,-,-,Não,-,-,-,Não,-,-,-,Não,-,-,-,Não,-,-,-,Não,-,-,-,Sim,108,2023,1,Não,-,-,-,Não,-,-,-,Não,-,-,-,Não,-,-,-,Não,Não,Sim,Não,Não,Não,Não,Não,Não,Não,Não,Não,Não,Sim,Não,Não,Não,Não,Sim,Não,Sim,Não,Sim,Não,Sim,Não,Não,Não,Não,Não,Não,Não,Não,Não,Sim,Sim,Sim,Sim,Sim,Sim,Não,Sim,Não,Sim,Não,Não,Não,Não,Sim,Sim,Sim,Sim,Não,Não,Não,Não,Sim,Não,Sim,110,2005,1,Sim,Não,Não,Não,Não,Não,Sim,Não,Não,Não,Não,0,0,0,Não,-,-,-,-,-,-,-,-,-,-,Não,Não,Não,Não,Não,Não,Não,Não,Não,Não,Não,Não,Não,Não,Não,Não,Não,Não,Sim,Sim,Sim,Sim,Sim,Não,Sim,Não,Sim,Não,Não,Não,-,-,-,-,-,-,-,-,-,Não,Não,Não,Sim,Não,Sim,Não,Sim,Não,Não,Sim,Não,Não,Sim,Não,Não,Não
1505700,PA,15,Ponta de Pedras,24984,4 - 20001 até 50000,1 - Norte,Setor subordinado a outra secretaria,Sim,Não,Não,Não,Não,Não,Feminino,71,Preta,Não,Ensino fundamental (1º Grau) incompleto,Não,Sim,Sim,Sim,Sim,Não,Não,Sim,Não,Sim,Não,Sim,Não,Não,Não,Sim,Não,Não,Não,Não,-,-,Não,-,-,Não,-,-,Não,-,-,Não,-,-,Não,-,-,Não,-,-,Não,-,-,Não,-,-,Não,-,-,Não,-,-,Não,-,-,Não,-,-,Não,-,-,Sim,128,2001,Não,-,-,Não,Não,-,-,-,-,Não,-,-,-,-,-,-,-,-,-,-,-,-,-,-,-,-,-,-,-,-,-,-,-,Sim,672,2023,Ativo,Paritário,Sim,Sim,Não,Não,12,20,Não,Não,Sim,Sim,Não,Sim,Sim,Sim,Não,Não,Sim,Não,Não,Sim,656,2022,Ativo,Paritário,Sim,Sim,Não,Não,5,10,Não,Não,Sim,Sim,Não,Sim,Sim,Sim,Não,Não,Sim,Não,Não,Sim,520,2010,Inativo,-,-,-,-,-,-,-,-,-,-,-,-,-,-,-,-,-,-,-,-,Não,-,-,-,-,-,-,-,-,-,-,-,-,-,-,-,-,-,-,-,-,-,-,-,Sim,642,2021,Ativo,Paritário,Sim,Sim,Não,Sim,3,10,Não,Não,Sim,Sim,Não,Sim,Sim,Sim,Não,Não,Não,Não,Não,Não,-,-,-,-,-,-,-,-,-,-,-,-,-,-,-,-,-,-,-,-,-,-,-,Não,-,-,-,Não,-,-,-,Não,-,-,-,Não,-,-,-,Não,-,-,-,Não,-,-,-,Não,-,-,-,Não,-,-,-,Não,-,-,-,Não,-,-,-,Sim,Não,Sim,Não,Não,Não,Não,Não,Não,Não,Sim,Não,Não,Sim,Não,Não,Não,Não,Sim,Sim,Sim,Não,Sim,Não,Não,Não,Não,Não,Não,Não,Sim,Não,Não,Não,Sim,Sim,Não,Sim,Sim,Não,Não,Não,Não,Sim,Não,Não,Não,Não,Sim,Sim,Sim,Não,Não,Não,Sim,Não,Sim,Não,Sim,2848,1994,1,Não,Não,Não,Não,Não,Não,Não,Sim,Não,Não,Não,0,0,0,Não,-,-,-,-,-,-,-,-,-,-,Não,Não,Não,Não,Não,Não,Não,Não,Não,Não,Não,Não,Não,Não,Não,Não,Não,Não,Sim,Sim,Sim,Sim,Sim,Não,Sim,Não,Sim,Não,Não,Não,-,-,-,-,-,-,-,-,-,Não,Não,Não,Não,Sim,Não,Não,Sim,Não,Não,Não,Sim,Não,Não,Não,Não,Sim
1505809,PA,15,Portel,62503,5 - 50001 até 100000,1 - Norte,Não possui estrutura,-,-,-,-,-,-,-,-,-,-,-,-,-,-,-,-,-,-,-,-,-,-,-,-,Não,Não,Não,Não,Não,Sim,Não,-,-,Não,-,-,Não,-,-,Não,-,-,Não,-,-,Não,-,-,Não,-,-,Não,-,-,Não,-,-,Não,-,-,Não,-,-,Não,-,-,Não,-,-,Não,-,-,Não,-,-,Não,-,-,Sim,Não,-,-,-,-,Não,-,-,-,-,-,-,-,-,-,-,-,-,-,-,-,-,-,-,-,-,-,-,-,Sim,611,1998,Ativo,Paritário,Não,Sim,Sim,Sim,12,12,Não,Não,Sim,Sim,Sim,Sim,Sim,Sim,Não,Não,Não,Não,Não,Sim,754,2008,Ativo,Paritário,Não,Sim,Não,Sim,12,20,Não,Não,Sim,Sim,Sim,Sim,Sim,Sim,Não,Não,Não,Não,Não,Sim,782,2010,Ativo,Paritário,Não,Sim,Não,Não,12,24,Não,Não,Sim,Sim,Sim,Sim,Sim,Sim,Não,Não,Sim,Não,Não,Não,-,-,-,-,-,-,-,-,-,-,-,-,-,-,-,-,-,-,-,-,-,-,-,Não,-,-,-,-,-,-,-,-,-,-,-,-,-,-,-,-,-,-,-,-,-,-,-,Não,-,-,-,-,-,-,-,-,-,-,-,-,-,-,-,-,-,-,-,-,-,-,-,Não,-,-,-,Não,-,-,-,Não,-,-,-,Não,-,-,-,Não,-,-,-,Não,-,-,-,Não,-,-,-,Não,-,-,-,Não,-,-,-,Não,-,-,-,Sim,Não,Sim,Não,Não,Não,Não,Não,Não,Não,Não,Não,Não,Sim,Não,Não,Não,Não,Não,Não,Não,Não,Sim,Não,Não,Não,Não,Não,Não,Não,Não,Não,Não,Não,Sim,Não,Não,Não,Não,Sim,Não,Não,Não,Não,Não,Não,Não,Não,Sim,Sim,Não,Sim,Sim,Não,Não,Não,Não,Não,Sim,611,1998,1,Não,Não,Não,Não,Não,Não,Não,Sim,Não,Não,Não,1,1,1,Sim,Não,Não,Não,Não,Sim,Não,Sim,Não,Não,Não,Não,Não,Não,Não,Não,Não,Não,Não,Não,Não,Não,Não,Não,Não,Não,Não,Não,Não,Sim,Sim,Sim,Sim,Sim,Sim,Sim,Não,Sim,Sim,Não,Não,-,-,-,-,-,-,-,-,-,Não,Não,Não,Não,Sim,Sim,Não,Sim,Não,Não,Não,Sim,Não,Não,Não,Não,Não
1505908,PA,15,Porto de Moz,40597,4 - 20001 até 50000,1 - Norte,Não possui estrutura,-,-,-,-,-,-,-,-,-,-,-,-,-,-,-,-,-,-,-,-,-,-,-,-,Não,Não,Não,Não,Não,Sim,Não,-,-,Não,-,-,Não,-,-,Não,-,-,Não,-,-,Não,-,-,Não,-,-,Não,-,-,Não,-,-,Não,-,-,Não,-,-,Não,-,-,Não,-,-,Não,-,-,Não,-,-,Não,-,-,Sim,Não,-,-,-,-,Não,-,-,-,-,-,-,-,-,-,-,-,-,-,-,-,-,-,-,-,-,-,-,-,Sim,43,2000,Ativo,Paritário,Sim,Não,Não,Não,16,10,Sim,Não,Não,Sim,Sim,Sim,Sim,Sim,Não,Não,Não,Não,Não,Sim,67,2006,Ativo,Paritário,Sim,Sim,Não,Sim,8,8,Sim,Não,Não,Sim,Sim,Sim,Sim,Sim,Não,Não,Não,Não,Não,Sim,67,2006,Ativo,Paritário,Sim,Sim,Não,Sim,8,8,Não,Sim,Não,Sim,Sim,Sim,Sim,Sim,Não,Sim,Não,Não,Não,Não,-,-,-,-,-,-,-,-,-,-,-,-,-,-,-,-,-,-,-,-,-,-,-,Não,-,-,-,-,-,-,-,-,-,-,-,-,-,-,-,-,-,-,-,-,-,-,-,Não,-,-,-,-,-,-,-,-,-,-,-,-,-,-,-,-,-,-,-,-,-,-,-,Não,-,-,-,Não,-,-,-,Não,-,-,-,Não,-,-,-,Não,-,-,-,Não,-,-,-,Não,-,-,-,Não,-,-,-,Não,-,-,-,Não,-,-,-,Sim,Não,Sim,Não,Não,Não,Não,Não,Não,Não,Não,Não,Não,Sim,Não,Sim,Não,Não,Sim,Não,Não,Não,Sim,Não,Sim,Sim,Não,Não,Sim,Não,Não,Não,Não,Não,Sim,Sim,Não,Sim,Sim,Não,Não,Não,Não,Não,Sim,Não,Não,Não,Sim,Sim,Sim,Sim,Não,Não,Não,Não,Não,Não,Sim,43,2000,1,Sim,Sim,Não,Não,Não,Não,Não,Não,Não,Não,Não,0,0,0,Sim,Sim,Não,Não,Não,Sim,Não,Sim,Sim,Sim,Não,Sim,Não,Sim,Não,Não,Não,Não,Sim,Não,Não,Não,Não,Não,Sim,Não,Não,Não,Sim,Não,Sim,Sim,Sim,Sim,Não,Sim,Sim,Sim,Sim,Não,Não,-,-,-,-,-,-,-,-,-,Não,Não,Não,Não,Não,Sim,Não,Sim,Sim,Não,Não,Não,Não,Não,Não,Não,Sim
1506005,PA,15,Prainha,35577,4 - 20001 até 50000,1 - Norte,Não possui estrutura,-,-,-,-,-,-,-,-,-,-,-,-,-,-,-,-,-,-,-,-,-,-,-,-,Não,Não,Não,Não,Sim,Não,Não,-,-,Não,-,-,Não,-,-,Não,-,-,Não,-,-,Não,-,-,Não,-,-,Não,-,-,Não,-,-,Não,-,-,Não,-,-,Não,-,-,Não,-,-,Não,-,-,Não,-,-,Não,-,-,Sim,Não,-,-,-,-,Não,-,-,-,-,-,-,-,-,-,-,-,-,-,-,-,-,-,-,-,-,-,-,-,Sim,52,2013,Ativo,Paritário,Não,Sim,Não,Sim,6,12,Não,Sim,Não,Sim,Sim,Sim,Sim,Sim,Não,Não,Sim,Sim,Não,Sim,54,2013,Ativo,Paritário,Não,Sim,Não,Sim,4,12,Não,Sim,Não,Sim,Sim,Sim,Sim,Sim,Não,Não,Não,Não,Não,Não,-,-,-,-,-,-,-,-,-,-,-,-,-,-,-,-,-,-,-,-,-,-,-,Não,-,-,-,-,-,-,-,-,-,-,-,-,-,-,-,-,-,-,-,-,-,-,-,Não,-,-,-,-,-,-,-,-,-,-,-,-,-,-,-,-,-,-,-,-,-,-,-,Não,-,-,-,-,-,-,-,-,-,-,-,-,-,-,-,-,-,-,-,-,-,-,-,Não,-,-,-,Não,-,-,-,Não,-,-,-,Não,-,-,-,Não,-,-,-,Não,-,-,-,Não,-,-,-,Não,-,-,-,Não,-,-,-,Não,-,-,-,Sim,Não,Sim,Não,Não,Não,Não,Não,Não,Não,Não,Não,Não,Sim,Não,Não,Não,Não,Sim,Não,Sim,Não,Não,Não,Não,Não,Não,Não,Não,Não,Não,Não,Não,Não,Sim,Não,Não,Sim,Sim,Sim,Não,Não,Não,Não,Não,Não,Não,Não,Não,Sim,Sim,Sim,Sim,Não,Sim,Não,Não,Não,Sim,52,2013,1,Não,Não,Não,Não,Não,Não,Não,Sim,Não,Não,Não,0,0,0,Não,-,-,-,-,-,-,-,-,-,-,Não,Não,Não,Não,Não,Não,Não,Não,Não,Não,Não,Não,Não,Não,Não,Não,Não,Não,Sim,Sim,Sim,Sim,Sim,Não,Não,Não,Sim,Não,Não,Não,-,-,-,-,-,-,-,-,-,Não,Não,Não,Não,Não,Não,Não,Sim,Não,Não,Sim,Não,Não,Não,Não,Não,Não
1506104,PA,15,Primavera,10851,3 - 10001 até 20000,1 - Norte,Não possui estrutura,-,-,-,-,-,-,-,-,-,-,-,-,-,-,-,-,-,-,-,-,-,-,-,-,Não,Não,Não,Não,Não,Sim,Não,-,-,Não,-,-,Não,-,-,Não,-,-,Não,-,-,Não,-,-,Não,-,-,Não,-,-,Não,-,-,Não,-,-,Não,-,-,Não,-,-,Não,-,-,Não,-,-,Não,-,-,Não,-,-,Sim,Não,-,-,-,-,Não,-,-,-,-,-,-,-,-,-,-,-,-,-,-,-,-,-,-,-,-,-,-,-,Sim,2747,2013,Ativo,Paritário,Não,Sim,Não,Não,14,10,Não,Sim,Não,Sim,Sim,Sim,Sim,Sim,Não,Não,Não,Não,Sim,Não,-,-,-,-,-,-,-,-,-,-,-,-,-,-,-,-,-,-,-,-,-,-,-,Não,-,-,-,-,-,-,-,-,-,-,-,-,-,-,-,-,-,-,-,-,-,-,-,Não,-,-,-,-,-,-,-,-,-,-,-,-,-,-,-,-,-,-,-,-,-,-,-,Não,-,-,-,-,-,-,-,-,-,-,-,-,-,-,-,-,-,-,-,-,-,-,-,Não,-,-,-,-,-,-,-,-,-,-,-,-,-,-,-,-,-,-,-,-,-,-,-,Não,-,-,-,Não,-,-,-,Não,-,-,-,Não,-,-,-,Não,-,-,-,Não,-,-,-,Não,-,-,-,Não,-,-,-,Não,-,-,-,Não,-,-,-,Sim,Não,Sim,Não,Não,Não,Não,Não,Não,Não,Não,Não,Não,Sim,Não,Não,Não,Não,Sim,Não,Sim,Não,Sim,Não,Sim,Não,Não,Não,Não,Não,Não,Não,Não,Não,Sim,Não,Não,Sim,Não,Não,Não,Não,Não,Não,Sim,Não,Não,Não,Não,Sim,Sim,Sim,Não,Sim,Sim,Sim,Sim,Não,Sim,2246,1992,1,Sim,Não,Não,Não,Não,Não,Não,Sim,Não,Não,Não,0,0,0,Não,-,-,-,-,-,-,-,-,-,-,Sim,Não,Não,Não,Não,Não,Não,Sim,Não,Não,Não,Não,Não,Não,Não,Não,Não,Não,Não,Sim,Não,Não,Sim,Sim,Não,Não,Sim,Não,Não,Não,-,-,-,-,-,-,-,-,-,Não,Não,Não,Não,Não,Não,Não,Sim,Não,Não,Sim,Não,Não,Não,Não,Sim,Não
1506112,PA,15,Quatipuru,11524,3 - 10001 até 20000,1 - Norte,Não possui estrutura,-,-,-,-,-,-,-,-,-,-,-,-,-,-,-,-,-,-,-,-,-,-,-,-,Não,Não,Não,Não,Não,Sim,Não,-,-,Não,-,-,Não,-,-,Não,-,-,Não,-,-,Não,-,-,Não,-,-,Não,-,-,Não,-,-,Não,-,-,Não,-,-,Não,-,-,Não,-,-,Não,-,-,Não,-,-,Não,-,-,Sim,Não,-,-,-,-,Não,-,-,-,-,-,-,-,-,-,-,-,-,-,-,-,-,-,-,-,-,-,-,-,Sim,9,2015,Ativo,Tem maior representação governamental,Não,Sim,Não,Não,10,18,Não,Sim,Não,Sim,Sim,Sim,Sim,Sim,Não,Não,Sim,Sim,Não,Não,-,-,-,-,-,-,-,-,-,-,-,-,-,-,-,-,-,-,-,-,-,-,-,Não,-,-,-,-,-,-,-,-,-,-,-,-,-,-,-,-,-,-,-,-,-,-,-,Não,-,-,-,-,-,-,-,-,-,-,-,-,-,-,-,-,-,-,-,-,-,-,-,Não,-,-,-,-,-,-,-,-,-,-,-,-,-,-,-,-,-,-,-,-,-,-,-,Não,-,-,-,-,-,-,-,-,-,-,-,-,-,-,-,-,-,-,-,-,-,-,-,Não,-,-,-,Não,-,-,-,Não,-,-,-,Não,-,-,-,Não,-,-,-,Não,-,-,-,Não,-,-,-,Não,-,-,-,Não,-,-,-,Não,-,-,-,Sim,Não,Não,Não,Não,Não,Não,Não,Não,Não,Não,Sim,Não,Sim,Não,Não,Não,Não,Não,Não,Não,Não,Sim,Não,Não,Não,Não,Não,Não,Não,Não,Não,Não,Não,Sim,Sim,Não,Não,Sim,Não,Não,Não,Não,Não,Sim,Não,Não,Não,Sim,Sim,Sim,Sim,Não,Não,Sim,Não,Sim,Não,Sim,9,2015,1,Não,Não,Não,Não,Não,Não,Não,Sim,Não,Não,Não,0,0,0,Não,-,-,-,-,-,-,-,-,-,-,Sim,Não,Não,Sim,Não,Não,Não,Não,Não,Não,Não,Não,Não,Sim,Não,Não,Não,Não,Não,Não,-,-,-,-,-,-,-,-,-,Não,-,-,-,-,-,-,-,-,-,Não,Não,Não,Não,Não,Não,Não,Sim,Sim,Não,Não,Não,Não,Não,Não,Não,Sim
1506138,PA,15,Redenção,85597,5 - 50001 até 100000,1 - Norte,Não possui estrutura,-,-,-,-,-,-,-,-,-,-,-,-,-,-,-,-,-,-,-,-,-,-,-,-,Não,Não,Não,Não,Não,Sim,Não,-,-,Não,-,-,Não,-,-,Não,-,-,Não,-,-,Não,-,-,Não,-,-,Não,-,-,Não,-,-,Não,-,-,Não,-,-,Não,-,-,Não,-,-,Sim,593,2010,Não,-,-,Não,-,-,Não,Não,-,-,-,-,Não,-,-,-,-,-,-,-,-,-,-,-,-,-,-,-,-,-,-,-,-,-,-,-,Sim,420,2002,Ativo,Paritário,Não,Sim,Sim,Sim,12,24,Não,Sim,Não,Sim,Sim,Sim,Sim,Sim,Sim,Sim,Sim,Não,Sim,Sim,593,2010,Ativo,Paritário,Sim,Sim,Não,Sim,12,20,Não,Sim,Não,Sim,Sim,Sim,Sim,Sim,Não,Sim,Sim,Não,Sim,Não,-,-,-,-,-,-,-,-,-,-,-,-,-,-,-,-,-,-,-,-,-,-,-,Não,-,-,-,-,-,-,-,-,-,-,-,-,-,-,-,-,-,-,-,-,-,-,-,Não,-,-,-,-,-,-,-,-,-,-,-,-,-,-,-,-,-,-,-,-,-,-,-,Não,-,-,-,-,-,-,-,-,-,-,-,-,-,-,-,-,-,-,-,-,-,-,-,Não,-,-,-,Não,-,-,-,Não,-,-,-,Não,-,-,-,Não,-,-,-,Não,-,-,-,Não,-,-,-,Não,-,-,-,Não,-,-,-,Não,-,-,-,Sim,Não,Sim,Sim,Não,Não,Não,Não,Não,Sim,Não,Não,Não,Sim,Sim,Não,Não,Não,Sim,Não,Sim,Não,Não,Não,Não,Não,Não,Sim,Não,Não,Não,Não,Não,Não,Sim,Sim,Não,Não,Sim,Sim,Não,Não,Não,Não,Não,Não,Não,Não,Não,Sim,Sim,Sim,Sim,Sim,Sim,Não,Sim,Não,Sim,420,2002,1,Não,Não,Não,Não,Não,Não,Não,Sim,Não,Não,Não,0,0,0,Não,-,-,-,-,-,-,-,-,-,-,Não,Sim,Não,Não,Não,Não,Não,Não,Não,Não,Não,Não,Não,Não,Não,Não,Não,Não,Não,Sim,Sim,Sim,Sim,Sim,Sim,Sim,Sim,Sim,Não,Não,-,-,-,-,-,-,-,-,-,Não,Não,Não,Não,Não,Não,Não,Sim,Não,Não,Sim,Não,Não,Não,Não,Não,Não
1506161,PA,15,Rio Maria,18384,3 - 10001 até 20000,1 - Norte,Não possui estrutura,-,-,-,-,-,-,-,-,-,-,-,-,-,-,-,-,-,-,-,-,-,-,-,-,Sim,Não,Não,Não,Não,Não,Sim,768,2019,Sim,804,2021,Não,-,-,Não,-,-,Não,-,-,Não,-,-,Não,-,-,Não,-,-,Não,-,-,Não,-,-,Não,-,-,Não,-,-,Não,-,-,Sim,635,2010,Não,-,-,Não,-,-,Não,Não,-,-,-,-,Não,-,-,-,-,-,-,-,-,-,-,-,-,-,-,-,-,-,-,-,-,-,-,-,Sim,265,1992,Ativo,Tem maior representação governamental,Não,Não,Não,Sim,10,19,Não,Sim,Não,Sim,Sim,Sim,Sim,Sim,Não,Não,Não,Não,Não,Sim,635,2010,Inativo,-,-,-,-,-,-,-,-,-,-,-,-,-,-,-,-,-,-,-,-,Não,-,-,-,-,-,-,-,-,-,-,-,-,-,-,-,-,-,-,-,-,-,-,-,Não,-,-,-,-,-,-,-,-,-,-,-,-,-,-,-,-,-,-,-,-,-,-,-,Não,-,-,-,-,-,-,-,-,-,-,-,-,-,-,-,-,-,-,-,-,-,-,-,Não,-,-,-,-,-,-,-,-,-,-,-,-,-,-,-,-,-,-,-,-,-,-,-,Não,-,-,-,Não,-,-,-,Não,-,-,-,Não,-,-,-,Não,-,-,-,Não,-,-,-,Não,-,-,-,Não,-,-,-,Não,-,-,-,Não,-,-,-,Sim,Sim,Sim,Não,Não,Sim,Não,Não,Não,Não,Não,Não,Não,Sim,Não,Não,Não,Não,Sim,Não,Não,Não,Não,Não,Não,Não,Não,Não,Não,Não,Não,Não,Não,Não,Sim,Sim,Não,Não,Sim,Sim,Não,Não,Não,Não,Não,Não,Não,Não,Não,Não,Sim,Sim,Sim,Sim,Não,Não,Não,Não,Sim,607,2008,1,Sim,Sim,Não,Não,Não,Não,Não,Não,Não,Não,Não,0,0,0,Sim,Sim,Não,Não,Sim,Sim,Não,Sim,Não,Não,Não,Sim,Não,Não,Não,Não,Não,Não,Não,Não,Não,Não,Não,Não,Não,Não,Não,Não,Não,Não,Sim,Não,Não,Não,Não,Não,Não,Não,Não,Sim,Não,-,-,-,-,-,-,-,-,-,Não,Não,Sim,Não,Sim,Sim,Não,Sim,Não,Não,Sim,Não,Não,Sim,Não,Sim,Não
1506187,PA,15,Rondon do Pará,53143,5 - 50001 até 100000,1 - Norte,Não possui estrutura,-,-,-,-,-,-,-,-,-,-,-,-,-,-,-,-,-,-,-,-,-,-,-,-,Sim,Sim,Sim,Sim,Não,Não,Não,-,-,Não,-,-,Não,-,-,Não,-,-,Não,-,-,Não,-,-,Não,-,-,Não,-,-,Não,-,-,Não,-,-,Não,-,-,Não,-,-,Não,-,-,Não,-,-,Não,-,-,Não,-,-,Sim,Não,-,-,-,-,Não,-,-,-,-,-,-,-,-,-,-,-,-,-,-,-,-,-,-,-,-,-,-,-,Sim,675,2014,Ativo,Paritário,Não,Sim,Não,Sim,12,20,Não,Sim,Não,Sim,Sim,Sim,Sim,Sim,Não,Não,Sim,Não,Não,Não,-,-,-,-,-,-,-,-,-,-,-,-,-,-,-,-,-,-,-,-,-,-,-,Não,-,-,-,-,-,-,-,-,-,-,-,-,-,-,-,-,-,-,-,-,-,-,-,Não,-,-,-,-,-,-,-,-,-,-,-,-,-,-,-,-,-,-,-,-,-,-,-,Não,-,-,-,-,-,-,-,-,-,-,-,-,-,-,-,-,-,-,-,-,-,-,-,Não,-,-,-,-,-,-,-,-,-,-,-,-,-,-,-,-,-,-,-,-,-,-,-,Não,-,-,-,Não,-,-,-,Não,-,-,-,Não,-,-,-,Não,-,-,-,Não,-,-,-,Não,-,-,-,Não,-,-,-,Não,-,-,-,Não,-,-,-,Sim,Não,Sim,Não,Não,Não,Não,Não,Não,Não,Não,Não,Não,Sim,Não,Não,Não,Não,Sim,Não,Não,Não,Não,Não,Sim,Não,Não,Não,Não,Não,Não,Não,Não,Não,Sim,Sim,Não,Sim,Sim,Não,Não,Não,Não,Não,Não,Não,Não,Não,Não,Sim,Não,Sim,Não,Sim,Sim,Não,Sim,Não,Sim,675,2014,1,Sim,Não,Não,Não,Não,Não,Não,Sim,Não,Não,Não,0,0,0,Sim,Sim,Sim,Sim,Sim,Sim,Não,Sim,Sim,Sim,Não,Sim,Não,Não,Não,Não,Não,Não,Sim,Não,Não,Sim,Não,Não,Sim,Não,Não,Não,Não,Não,Sim,Sim,Sim,Sim,Sim,Sim,Sim,Sim,Sim,Não,Sim,Sim,Sim,Sim,Sim,Sim,Sim,Sim,Sim,Não,Não,Não,Não,Sim,Sim,Sim,Sim,Sim,Não,Não,Sim,Não,Não,Não,Não,Sim,Não
1506195,PA,15,Rurópolis,35769,4 - 20001 até 50000,1 - Norte,Não possui estrutura,-,-,-,-,-,-,-,-,-,-,-,-,-,-,-,-,-,-,-,-,-,-,-,-,Não,Não,Não,Não,Não,Sim,Não,-,-,Não,-,-,Não,-,-,Não,-,-,Não,-,-,Não,-,-,Não,-,-,Não,-,-,Não,-,-,Não,-,-,Não,-,-,Não,-,-,Não,-,-,Não,-,-,Não,-,-,Não,-,-,Sim,Não,-,-,-,-,Não,-,-,-,-,-,-,-,-,-,-,-,-,-,-,-,-,-,-,-,-,-,-,-,Sim,143,1999,Ativo,Paritário,Sim,Sim,Sim,Sim,16,20,Não,Sim,Não,Sim,Sim,Sim,Sim,Sim,Não,Sim,Sim,Não,Não,Sim,461,2023,"Foi criado, mas não foi instalado",-,-,-,-,-,-,-,-,-,-,-,-,-,-,-,-,-,-,-,-,Sim,462,2023,"Foi criado, mas não foi instalado",-,-,-,-,-,-,-,-,-,-,-,-,-,-,-,-,-,-,-,-,Não,-,-,-,-,-,-,-,-,-,-,-,-,-,-,-,-,-,-,-,-,-,-,-,Não,-,-,-,-,-,-,-,-,-,-,-,-,-,-,-,-,-,-,-,-,-,-,-,Não,-,-,-,-,-,-,-,-,-,-,-,-,-,-,-,-,-,-,-,-,-,-,-,Não,-,-,-,Não,-,-,-,Não,-,-,-,Não,-,-,-,Não,-,-,-,Não,-,-,-,Não,-,-,-,Não,-,-,-,Não,-,-,-,Não,-,-,-,Sim,Não,Não,Não,Não,Não,Não,Não,Não,Não,Não,Sim,Não,Não,Não,Não,Não,Sim,Não,Não,Não,Não,Não,Não,Não,Não,Não,Não,Não,Não,Não,Não,Não,Sim,Sim,Sim,Não,Sim,Não,Não,Não,Não,Não,Não,Não,Não,Não,Não,Não,Sim,Sim,Sim,Não,Não,Sim,Não,Sim,Não,Sim,143,1999,1,Não,Não,Não,Não,Não,Não,Não,Sim,Não,Não,Não,0,0,0,Não,-,-,-,-,-,-,-,-,-,-,Não,Não,Não,Não,Não,Não,Não,Não,Não,Não,Não,Não,Não,Não,Não,Não,Não,Não,Sim,Sim,Sim,Sim,Sim,Sim,Não,Não,Sim,Não,Não,Não,-,-,-,-,-,-,-,-,-,Não,Não,Não,Não,Sim,Não,Não,Sim,Não,Não,Não,Não,Não,Não,Não,Não,Sim
1506203,PA,15,Salinópolis,44772,4 - 20001 até 50000,1 - Norte,Não possui estrutura,-,-,-,-,-,-,-,-,-,-,-,-,-,-,-,-,-,-,-,-,-,-,-,-,Não,Não,Não,Não,Não,Sim,Não,-,-,Não,-,-,Não,-,-,Não,-,-,Não,-,-,Não,-,-,Não,-,-,Não,-,-,Não,-,-,Não,-,-,Não,-,-,Não,-,-,Não,-,-,Não,-,-,Não,-,-,Não,-,-,Sim,Não,-,-,-,-,Não,-,-,-,-,-,-,-,-,-,-,-,-,-,-,-,-,-,-,-,-,-,-,-,Sim,2446,1993,Ativo,Paritário,Sim,Sim,Sim,Sim,25,20,Não,Sim,Não,Sim,Sim,Sim,Sim,Sim,Não,Não,Não,Não,Não,Não,-,-,-,-,-,-,-,-,-,-,-,-,-,-,-,-,-,-,-,-,-,-,-,Não,-,-,-,-,-,-,-,-,-,-,-,-,-,-,-,-,-,-,-,-,-,-,-,Não,-,-,-,-,-,-,-,-,-,-,-,-,-,-,-,-,-,-,-,-,-,-,-,Não,-,-,-,-,-,-,-,-,-,-,-,-,-,-,-,-,-,-,-,-,-,-,-,Não,-,-,-,-,-,-,-,-,-,-,-,-,-,-,-,-,-,-,-,-,-,-,-,Não,-,-,-,Não,-,-,-,Não,-,-,-,Não,-,-,-,Não,-,-,-,Não,-,-,-,Não,-,-,-,Não,-,-,-,Não,-,-,-,Não,-,-,-,Sim,Não,Sim,Não,Não,Não,Não,Não,Não,Não,Não,Não,Não,Não,Não,Não,Não,Sim,Sim,Não,Sim,Não,Não,Não,Sim,Não,Sim,Não,Sim,Não,Não,Não,Não,Não,Sim,Sim,Sim,Sim,Sim,Sim,Não,Não,Não,Não,Sim,Não,Não,Não,Sim,Sim,Sim,Sim,Sim,Sim,Sim,Não,Sim,Não,Sim,2871,2015,1,Sim,Não,Não,Não,Não,Não,Não,Sim,Não,Não,Não,0,0,0,Não,-,-,-,-,-,-,-,-,-,-,Não,Não,Não,Não,Não,Não,Não,Não,Não,Não,Não,Não,Não,Não,Não,Não,Não,Não,Sim,Não,-,-,-,-,-,-,-,-,-,Sim,Sim,Sim,Sim,Sim,Não,Sim,Sim,Sim,Não,Não,Não,Não,Não,Não,Não,Não,Não,Não,Sim,Não,Não,Não,Não,Não,Não,Sim
1506302,PA,15,Salvaterra,24129,4 - 20001 até 50000,1 - Norte,Setor subordinado diretamente à chefia do Executivo,-,-,-,-,-,-,Masculino,64,Branca,Não,Ensino médio (2º Grau) completo,Não,Sim,Sim,Sim,Sim,Sim,Não,Sim,Não,Sim,Sim,Não,Não,Sim,Sim,Sim,Sim,Sim,Não,Não,-,-,Não,-,-,Não,-,-,Não,-,-,Não,-,-,Não,-,-,Não,-,-,Não,-,-,Não,-,-,Não,-,-,Não,-,-,Não,-,-,Não,-,-,Não,-,-,Não,-,-,Não,-,-,Sim,Não,-,-,-,-,Não,-,-,-,-,-,-,-,-,-,-,-,-,-,-,-,-,-,-,-,-,-,-,-,Sim,948,2002,Ativo,Paritário,Sim,Sim,Sim,Sim,2,20,Não,Sim,Não,Sim,Sim,Sim,Sim,Sim,Não,Sim,Não,Sim,Sim,Não,-,-,-,-,-,-,-,-,-,-,-,-,-,-,-,-,-,-,-,-,-,-,-,Não,-,-,-,-,-,-,-,-,-,-,-,-,-,-,-,-,-,-,-,-,-,-,-,Não,-,-,-,-,-,-,-,-,-,-,-,-,-,-,-,-,-,-,-,-,-,-,-,Não,-,-,-,-,-,-,-,-,-,-,-,-,-,-,-,-,-,-,-,-,-,-,-,Não,-,-,-,-,-,-,-,-,-,-,-,-,-,-,-,-,-,-,-,-,-,-,-,Não,-,-,-,Não,-,-,-,Não,-,-,-,Não,-,-,-,Não,-,-,-,Não,-,-,-,Não,-,-,-,Não,-,-,-,Não,-,-,-,Não,-,-,-,Sim,Sim,Sim,Sim,Não,Sim,Sim,Sim,Não,Sim,Sim,Não,Não,Sim,Não,Não,Não,Não,Sim,Sim,Sim,Não,Não,Não,Sim,Não,Não,Não,Sim,Não,Não,Sim,Não,Não,Sim,Sim,Sim,Sim,Sim,Sim,Sim,Sim,Não,Sim,Sim,Não,Sim,Não,Sim,Sim,Sim,Sim,Sim,Não,Sim,Não,Sim,Não,Sim,411,1992,1,Sim,Não,Não,Não,Não,Não,Não,Sim,Não,Não,Não,0,0,0,Sim,Sim,Sim,Não,Não,Sim,Não,Sim,Sim,Sim,Não,Sim,Não,Não,Não,Não,Não,Não,Não,Não,Não,Não,Não,Não,Não,Não,Não,Não,Não,Não,Sim,Sim,Sim,Sim,Não,Sim,Sim,Sim,Sim,Não,Não,-,-,-,-,-,-,-,-,-,Não,Não,Sim,Sim,Sim,Sim,Não,Sim,Não,Não,Sim,Sim,Não,Não,Não,Sim,Não
1506351,PA,15,Santa Bárbara do Pará,21087,4 - 20001 até 50000,1 - Norte,Setor subordinado a outra secretaria,Sim,Sim,Sim,Sim,Não,Não,Feminino,45,Parda,Sim,Ensino superior completo,Não,Não,Não,Não,Não,Sim,Não,Não,Não,Não,Sim,Não,Não,Sim,Sim,Sim,Sim,Não,Não,Não,-,-,Não,-,-,Sim,246,2021,Não,-,-,Sim,263,2023,Não,-,-,Não,-,-,Não,-,-,Não,-,-,Não,-,-,Não,-,-,Não,-,-,Não,-,-,Não,-,-,Não,-,-,Não,-,-,Não,Não,-,-,-,-,Não,-,-,-,-,-,-,-,-,-,-,-,-,-,-,-,-,-,-,-,-,-,-,-,Sim,185,2015,Ativo,Paritário,Não,Sim,Não,Sim,9,16,Não,Sim,Não,Sim,Sim,Sim,Sim,Sim,Não,Não,Sim,Não,Sim,Não,-,-,-,-,-,-,-,-,-,-,-,-,-,-,-,-,-,-,-,-,-,-,-,Não,-,-,-,-,-,-,-,-,-,-,-,-,-,-,-,-,-,-,-,-,-,-,-,Não,-,-,-,-,-,-,-,-,-,-,-,-,-,-,-,-,-,-,-,-,-,-,-,Não,-,-,-,-,-,-,-,-,-,-,-,-,-,-,-,-,-,-,-,-,-,-,-,Não,-,-,-,-,-,-,-,-,-,-,-,-,-,-,-,-,-,-,-,-,-,-,-,Não,-,-,-,Não,-,-,-,Não,-,-,-,Não,-,-,-,Não,-,-,-,Não,-,-,-,Não,-,-,-,Não,-,-,-,Não,-,-,-,Não,-,-,-,Sim,Não,Sim,Não,Não,Não,Não,Não,Não,Não,Não,Não,Não,Sim,Não,Não,Não,Não,Sim,Não,Não,Não,Não,Não,Não,Não,Não,Não,Não,Não,Não,Não,Não,Não,Sim,Sim,Não,Sim,Não,Sim,Não,Não,Não,Não,Não,Não,Não,Não,Não,Sim,Sim,Sim,Não,Não,Sim,Sim,Não,Não,Sim,185,2015,1,Sim,Sim,Não,Sim,Não,Não,Sim,Sim,Não,Não,Não,0,0,0,Sim,Não,Não,Não,Não,Não,Não,Não,Não,Não,Sim,Não,Não,Não,Não,Não,Não,Não,Não,Não,Não,Não,Não,Não,Não,Não,Não,Não,Não,Sim,Sim,Sim,Não,Sim,Sim,Sim,Não,Sim,Não,Não,Não,-,-,-,-,-,-,-,-,-,Não,Não,Sim,Sim,Não,Não,Não,Sim,Não,Não,Sim,Não,Não,Não,Não,Não,Sim
1506401,PA,15,Santa Cruz do Arari,7445,2 - 5001 até 10000,1 - Norte,Setor subordinado diretamente à chefia do Executivo,-,-,-,-,-,-,Masculino,60,Parda,Não,Ensino superior completo,Não,Sim,Não,Não,Não,Não,Não,Não,Não,Não,Não,Sim,Não,Não,Não,Não,Não,Não,Sim,Não,-,-,Não,-,-,Não,-,-,Sim,431,2023,Sim,394,2015,Não,-,-,Não,-,-,Não,-,-,Não,-,-,Não,-,-,Não,-,-,Não,-,-,Não,-,-,Não,-,-,Não,-,-,Não,-,-,Não,Não,-,-,-,-,Não,-,-,-,-,-,-,-,-,-,-,-,-,-,-,-,-,-,-,-,-,-,-,-,Sim,431,2023,Ativo,Paritário,Sim,Sim,Sim,Sim,10,8,Não,Sim,Não,Sim,Sim,Sim,Sim,Não,Não,Não,Não,Não,Sim,Não,-,-,-,-,-,-,-,-,-,-,-,-,-,-,-,-,-,-,-,-,-,-,-,Não,-,-,-,-,-,-,-,-,-,-,-,-,-,-,-,-,-,-,-,-,-,-,-,Não,-,-,-,-,-,-,-,-,-,-,-,-,-,-,-,-,-,-,-,-,-,-,-,Não,-,-,-,-,-,-,-,-,-,-,-,-,-,-,-,-,-,-,-,-,-,-,-,Não,-,-,-,-,-,-,-,-,-,-,-,-,-,-,-,-,-,-,-,-,-,-,-,Não,-,-,-,Não,-,-,-,Não,-,-,-,Não,-,-,-,Não,-,-,-,Não,-,-,-,Não,-,-,-,Não,-,-,-,Não,-,-,-,Não,-,-,-,Sim,Não,Sim,Não,Não,Não,Não,Não,Não,Não,Não,Não,Não,Sim,Não,Não,Não,Não,Não,Não,Não,Não,Não,Não,Não,Não,Não,Não,Sim,Não,Não,Não,Não,Não,Sim,Sim,Não,Sim,Sim,Não,Não,Não,Não,Não,Não,Sim,Não,Não,Sim,Sim,Sim,Sim,Não,Não,Não,Não,Sim,Não,Sim,395,2015,1,Não,Não,Não,Não,Não,Não,Não,Não,Não,Não,Sim,0,0,0,Não,-,-,-,-,-,-,-,-,-,-,Não,Não,Não,Não,Não,Não,Não,Não,Não,Não,Não,Não,Não,Não,Não,Não,Não,Não,Sim,Sim,Sim,Sim,Sim,Não,Sim,Não,Sim,Sim,Não,Não,-,-,-,-,-,-,-,-,-,Não,Não,Não,Não,Não,Não,Não,Sim,Não,Não,Sim,Não,Não,Não,Não,Não,Não
1506500,PA,15,Santa Izabel do Pará,73019,5 - 50001 até 100000,1 - Norte,Não possui estrutura,-,-,-,-,-,-,-,-,-,-,-,-,-,-,-,-,-,-,-,-,-,-,-,-,Não,Não,Não,Não,Não,Sim,Não,-,-,Não,-,-,Não,-,-,Não,-,-,Não,-,-,Não,-,-,Não,-,-,Não,-,-,Não,-,-,Não,-,-,Não,-,-,Não,-,-,Não,-,-,Não,-,-,Não,-,-,Não,-,-,Sim,Em elaboração,-,-,-,-,Não,-,-,-,-,-,-,-,-,-,-,-,-,-,-,-,-,-,-,-,-,-,-,-,Sim,418,2022,Ativo,Paritário,Sim,Sim,Sim,Sim,13,10,Sim,Não,Não,Sim,Sim,Sim,Sim,Sim,Não,Não,Não,Não,Não,Sim,124,2007,Ativo,Paritário,Sim,Sim,Sim,Sim,6,10,Não,Sim,Não,Sim,Sim,Sim,Sim,Sim,Não,Não,Não,Não,Não,Não,-,-,-,-,-,-,-,-,-,-,-,-,-,-,-,-,-,-,-,-,-,-,-,Não,-,-,-,-,-,-,-,-,-,-,-,-,-,-,-,-,-,-,-,-,-,-,-,Não,-,-,-,-,-,-,-,-,-,-,-,-,-,-,-,-,-,-,-,-,-,-,-,Não,-,-,-,-,-,-,-,-,-,-,-,-,-,-,-,-,-,-,-,-,-,-,-,Não,-,-,-,Não,-,-,-,Não,-,-,-,Não,-,-,-,Não,-,-,-,Não,-,-,-,Não,-,-,-,Não,-,-,-,Não,-,-,-,Não,-,-,-,Sim,Não,Não,Não,Não,Não,Não,Não,Não,Não,Não,Sim,Não,Não,Não,Não,Não,Sim,Sim,Não,Não,Não,Não,Não,Não,Não,Não,Não,Sim,Não,Não,Não,Não,Não,Sim,Sim,Não,Não,Não,Sim,Não,Não,Não,Não,Não,Não,Não,Não,Não,Sim,Sim,Sim,Não,Não,Sim,Não,Não,Não,Sim,142,1992,1,Não,Não,Não,Não,Não,Não,Não,Sim,Não,Não,Não,0,0,0,Sim,Não,Não,Não,Não,Não,Não,Não,Não,Não,Sim,Sim,Não,Sim,Não,Não,Não,Não,Não,Não,Não,Não,Não,Não,Não,Não,Não,Não,Não,Não,Sim,Sim,Sim,Sim,Não,Sim,Não,Sim,Sim,Não,Não,-,-,-,-,-,-,-,-,-,Não,Não,Não,Sim,Não,Sim,Não,Sim,Não,Não,Não,Não,Não,Não,Não,Não,Sim
1506559,PA,15,Santa Luzia do Pará,20370,4 - 20001 até 50000,1 - Norte,Setor subordinado a outra secretaria,Sim,Não,Não,Não,Não,Não,Feminino,45,Parda,Não,Ensino superior completo,Não,Sim,Sim,Sim,Sim,Não,Não,Não,Sim,Sim,Não,Não,Não,Não,Sim,Sim,Sim,Não,Não,Não,-,-,Não,-,-,Não,-,-,Não,-,-,Não,-,-,Não,-,-,Não,-,-,Não,-,-,Não,-,-,Não,-,-,Não,-,-,Não,-,-,Não,-,-,Não,-,-,Não,-,-,Não,-,-,Sim,Não,-,-,-,-,Não,-,-,-,-,-,-,-,-,-,-,-,-,-,-,-,-,-,-,-,-,-,-,-,Sim,321,2015,Ativo,Paritário,Não,Sim,Não,Sim,8,20,Não,Sim,Não,Sim,Sim,Sim,Sim,Sim,Não,Não,Não,Sim,Sim,Não,-,-,-,-,-,-,-,-,-,-,-,-,-,-,-,-,-,-,-,-,-,-,-,Não,-,-,-,-,-,-,-,-,-,-,-,-,-,-,-,-,-,-,-,-,-,-,-,Não,-,-,-,-,-,-,-,-,-,-,-,-,-,-,-,-,-,-,-,-,-,-,-,Não,-,-,-,-,-,-,-,-,-,-,-,-,-,-,-,-,-,-,-,-,-,-,-,Não,-,-,-,-,-,-,-,-,-,-,-,-,-,-,-,-,-,-,-,-,-,-,-,Não,-,-,-,Não,-,-,-,Não,-,-,-,Não,-,-,-,Não,-,-,-,Não,-,-,-,Não,-,-,-,Não,-,-,-,Não,-,-,-,Não,-,-,-,Sim,Não,Sim,Não,Não,Não,Não,Não,Não,Não,Não,Não,Não,Sim,Não,Não,Não,Não,Sim,Não,Sim,Não,Sim,Não,Sim,Não,Não,Não,Não,Não,Não,Não,Não,Não,Sim,Sim,Não,Sim,Não,Sim,Não,Não,Não,Não,Não,Não,Não,Não,Não,Sim,Sim,Sim,Não,Não,Sim,Não,Não,Não,Sim,321,2015,1,Sim,Não,Não,Não,Não,Não,Não,Sim,Não,Não,Não,0,0,0,Não,-,-,-,-,-,-,-,-,-,-,Sim,Não,Sim,Sim,Não,Não,Não,Não,Não,Não,Não,Não,Não,Não,Não,Não,Não,Não,Não,Sim,Sim,Sim,Sim,Não,Sim,Não,Não,Não,Não,Não,-,-,-,-,-,-,-,-,-,Não,Não,Não,Não,Sim,Não,Não,Sim,Não,Não,Sim,Não,Não,Não,Não,Não,Sim
1506583,PA,15,Santa Maria das Barreiras,16548,3 - 10001 até 20000,1 - Norte,Não possui estrutura,-,-,-,-,-,-,-,-,-,-,-,-,-,-,-,-,-,-,-,-,-,-,-,-,Não,Não,Não,Não,Não,Sim,Não,-,-,Não,-,-,Não,-,-,Sim,434,2015,Não,-,-,Não,-,-,Não,-,-,Não,-,-,Não,-,-,Não,-,-,Não,-,-,Não,-,-,Não,-,-,Não,-,-,Não,-,-,Não,-,-,Não,Não,-,-,-,-,Não,-,-,-,-,-,-,-,-,-,-,-,-,-,-,-,-,-,-,-,-,-,-,-,Sim,287,2006,Ativo,Paritário,Sim,Sim,Sim,Sim,8,20,Sim,Não,Não,Sim,Sim,Sim,Sim,Sim,Não,Não,Sim,Não,Sim,Sim,472,2018,Inativo,-,-,-,-,-,-,-,-,-,-,-,-,-,-,-,-,-,-,-,-,Não,-,-,-,-,-,-,-,-,-,-,-,-,-,-,-,-,-,-,-,-,-,-,-,Não,-,-,-,-,-,-,-,-,-,-,-,-,-,-,-,-,-,-,-,-,-,-,-,Não,-,-,-,-,-,-,-,-,-,-,-,-,-,-,-,-,-,-,-,-,-,-,-,Não,-,-,-,-,-,-,-,-,-,-,-,-,-,-,-,-,-,-,-,-,-,-,-,Não,-,-,-,Não,-,-,-,Não,-,-,-,Não,-,-,-,Não,-,-,-,Não,-,-,-,Não,-,-,-,Não,-,-,-,Não,-,-,-,Não,-,-,-,Sim,Não,Sim,Não,Não,Não,Não,Não,Não,Não,Não,Não,Não,Sim,Não,Não,Não,Não,Não,Sim,Não,Não,Não,Não,Não,Não,Não,Não,Não,Não,Não,Não,Não,Não,Sim,Sim,Não,Sim,Sim,Sim,Não,Não,Não,Sim,Não,Não,Não,Não,Sim,Sim,Sim,Sim,Não,Sim,Sim,Não,Sim,Não,Sim,287,2006,1,Sim,Não,Não,Não,Não,Não,Não,Não,Não,Não,Não,0,0,0,Sim,Não,Não,Não,Não,Não,Não,Sim,Sim,Não,Não,Não,Não,Não,Não,Não,Não,Não,Não,Não,Não,Não,Não,Não,Não,Não,Não,Não,Não,Sim,Sim,Sim,Sim,Sim,Não,Sim,Não,Sim,Não,Não,Não,-,-,-,-,-,-,-,-,-,Não,Não,Não,Não,Sim,Não,Não,Não,Não,Não,Não,Não,Não,Não,Não,Não,Sim
1506609,PA,15,Santa Maria do Pará,24624,4 - 20001 até 50000,1 - Norte,Setor subordinado a outra secretaria,Sim,Não,Não,Não,Não,Não,Feminino,31,Parda,Sim,Ensino superior completo,Não,Sim,Sim,Não,Sim,Não,Não,Não,Sim,Não,Não,Não,Não,Não,Sim,Não,Não,Não,Não,Sim,346,2015,Não,-,-,Não,-,-,Não,-,-,Não,-,-,Não,-,-,Não,-,-,Não,-,-,Não,-,-,Não,-,-,Não,-,-,Não,-,-,Não,-,-,Não,-,-,Não,-,-,Não,-,-,Não,Não,-,-,-,-,Sim,346,2015,Ativo,Paritário,Sim,Não,Sim,Sim,11,20,Não,Sim,Não,Sim,Sim,Sim,Sim,Sim,Sim,Sim,Não,Não,Não,Sim,346,2015,Ativo,Paritário,Sim,Não,Sim,Sim,11,20,Não,Sim,Não,Sim,Sim,Sim,Sim,Sim,Sim,Sim,Não,Sim,Não,Não,-,-,-,-,-,-,-,-,-,-,-,-,-,-,-,-,-,-,-,-,-,-,-,Não,-,-,-,-,-,-,-,-,-,-,-,-,-,-,-,-,-,-,-,-,-,-,-,Não,-,-,-,-,-,-,-,-,-,-,-,-,-,-,-,-,-,-,-,-,-,-,-,Não,-,-,-,-,-,-,-,-,-,-,-,-,-,-,-,-,-,-,-,-,-,-,-,Não,-,-,-,-,-,-,-,-,-,-,-,-,-,-,-,-,-,-,-,-,-,-,-,Não,-,-,-,Não,-,-,-,Não,-,-,-,Não,-,-,-,Não,-,-,-,Não,-,-,-,Não,-,-,-,Não,-,-,-,Não,-,-,-,Não,-,-,-,Sim,Não,Sim,Não,Não,Não,Não,Não,Não,Não,Não,Não,Não,Sim,Não,Não,Não,Não,Não,Não,Não,Não,Não,Não,Não,Não,Sim,Não,Não,Não,Não,Não,Não,Não,Sim,Sim,Não,Sim,Não,Não,Não,Não,Não,Não,Não,Sim,Não,Não,Sim,Sim,Sim,Não,Não,Não,Sim,Não,Não,Não,Sim,346,2015,1,Não,Não,Não,Não,Não,Não,Não,Sim,Não,Não,Não,0,0,0,Não,-,-,-,-,-,-,-,-,-,-,Não,Não,Não,Não,Não,Não,Não,Não,Não,Não,Não,Não,Não,Não,Não,Não,Não,Não,Sim,Não,-,-,-,-,-,-,-,-,-,Não,-,-,-,-,-,-,-,-,-,Não,Não,Não,Não,Não,Não,Não,Sim,Não,Não,Sim,Não,Não,Não,Não,Não,Sim
1506708,PA,15,Santana do Araguaia,32413,4 - 20001 até 50000,1 - Norte,Setor subordinado a outra secretaria,Sim,Não,Não,Não,Não,Não,Feminino,71,Parda,Sim,Ensino superior completo,Não,Sim,Sim,Sim,Sim,Sim,Não,Não,Sim,Não,Não,Sim,Não,Não,Sim,Sim,Não,Não,Não,Não,-,-,Não,-,-,Sim,866,2021,Sim,906,2023,Sim,906,2023,Não,-,-,Não,-,-,Não,-,-,Não,-,-,Não,-,-,Não,-,-,Não,-,-,Não,-,-,Não,-,-,Não,-,-,Não,-,-,Não,Não,-,-,-,-,Não,-,-,-,-,-,-,-,-,-,-,-,-,-,-,-,-,-,-,-,-,-,-,-,Sim,906,2023,Ativo,Paritário,Sim,Sim,Sim,Sim,26,20,Sim,Não,Não,Sim,Sim,Sim,Sim,Sim,Sim,Sim,Sim,Sim,Sim,Sim,856,2021,Ativo,Paritário,Sim,Não,Não,Sim,11,20,Sim,Não,Não,Sim,Sim,Sim,Sim,Sim,Sim,Sim,Sim,Sim,Sim,Não,-,-,-,-,-,-,-,-,-,-,-,-,-,-,-,-,-,-,-,-,-,-,-,Não,-,-,-,-,-,-,-,-,-,-,-,-,-,-,-,-,-,-,-,-,-,-,-,Não,-,-,-,-,-,-,-,-,-,-,-,-,-,-,-,-,-,-,-,-,-,-,-,Não,-,-,-,-,-,-,-,-,-,-,-,-,-,-,-,-,-,-,-,-,-,-,-,Não,-,-,-,Não,-,-,-,Não,-,-,-,Não,-,-,-,Não,-,-,-,Não,-,-,-,Não,-,-,-,Não,-,-,-,Não,-,-,-,Não,-,-,-,Sim,Não,Sim,Sim,Não,Não,Não,Não,Não,Não,Não,Não,Não,Sim,Sim,Não,Não,Não,Não,Não,Não,Não,Sim,Não,Sim,Não,Sim,Não,Não,Não,Não,Não,Não,Não,Sim,Sim,Sim,Sim,Sim,Sim,Sim,Sim,Sim,Sim,Sim,Sim,Sim,Não,Sim,Sim,Sim,Sim,Sim,Sim,Sim,Sim,Sim,Não,Sim,906,2023,1,Sim,Não,Não,Não,Não,Não,Não,Não,Não,Não,Não,0,1,0,Sim,Não,Não,Sim,Não,Não,Não,Não,Não,Não,Não,Sim,Não,Sim,Não,Não,Não,Não,Não,Não,Sim,Sim,Não,Não,Não,Não,Não,Não,Não,Não,Sim,Sim,Sim,Sim,Sim,Sim,Sim,Sim,Sim,Não,Não,-,-,-,-,-,-,-,-,-,Não,Sim,Sim,Sim,Sim,Sim,Sim,Sim,Sim,Não,Sim,Sim,Sim,Sim,Sim,Sim,Sim
1506807,PA,15,Santarém,331942,6 - 100001 até 500000,1 - Norte,Não possui estrutura,-,-,-,-,-,-,-,-,-,-,-,-,-,-,-,-,-,-,-,-,-,-,-,-,Não,Não,Não,Não,Sim,Não,Não,-,-,Sim,21454,2021,Sim,20140,2016,Sim,21208,2021,Sim,22056,2023,Sim,2563,2021,Não,-,-,Sim,21208,2021,Não,-,-,Não,-,-,Não,-,-,Não,-,-,Sim,20134,2016,Sim,20481,2018,Não,-,-,Sim,22059,2023,Não,Não,-,-,-,-,Não,-,-,-,-,-,-,-,-,-,-,-,-,-,-,-,-,-,-,-,-,-,-,-,Sim,19862,2015,Ativo,Paritário,Não,Sim,Não,Sim,60,24,Sim,Não,Não,Sim,Sim,Sim,Sim,Sim,Sim,Sim,Sim,Sim,Não,Sim,17949,2005,Ativo,Paritário,Não,Sim,Não,Sim,16,16,Sim,Não,Não,Sim,Sim,Sim,Sim,Sim,Não,Sim,Sim,Sim,Não,Sim,20070,2016,Ativo,Paritário,Não,Sim,Não,Sim,14,16,Sim,Não,Não,Sim,Sim,Sim,Sim,Sim,Sim,Sim,Não,Sim,Não,Não,-,-,-,-,-,-,-,-,-,-,-,-,-,-,-,-,-,-,-,-,-,-,-,Não,-,-,-,-,-,-,-,-,-,-,-,-,-,-,-,-,-,-,-,-,-,-,-,Não,-,-,-,-,-,-,-,-,-,-,-,-,-,-,-,-,-,-,-,-,-,-,-,Não,-,-,-,Não,-,-,-,Não,-,-,-,Não,-,-,-,Não,-,-,-,Não,-,-,-,Não,-,-,-,Não,-,-,-,Não,-,-,-,Não,-,-,-,Sim,Não,Sim,Sim,Não,Sim,Sim,Não,Não,Não,Sim,Não,Não,Sim,Sim,Sim,Não,Não,Sim,Sim,Sim,Não,Sim,Sim,Sim,Não,Não,Não,Sim,Não,Não,Não,Não,Não,Sim,Sim,Não,Sim,Não,Sim,Sim,Não,Não,Sim,Sim,Não,Não,Não,Sim,Sim,Sim,Sim,Não,Sim,Sim,Não,Não,Não,Sim,19862,2015,3,Sim,Não,Não,Não,Não,Não,Não,Não,Não,Não,Não,1,1,1,Sim,Sim,Sim,Não,Sim,Sim,Sim,Sim,Sim,Sim,Não,Sim,Não,Sim,Sim,Não,Não,Sim,Sim,Sim,Não,Sim,Não,Não,Não,Não,Não,Não,Sim,Não,Sim,Sim,Sim,Sim,Sim,Sim,Sim,Sim,Sim,Não,Sim,Sim,Sim,Sim,Sim,Sim,Sim,Sim,Sim,Não,Não,Sim,Não,Não,Não,Não,Não,Não,Sim,Não,Não,Não,Não,Não,Não,Não,Sim
1506906,PA,15,Santarém Novo,6116,2 - 5001 até 10000,1 - Norte,Não possui estrutura,-,-,-,-,-,-,-,-,-,-,-,-,-,-,-,-,-,-,-,-,-,-,-,-,Sim,Não,Não,Não,Não,Não,Não,-,-,Não,-,-,Não,-,-,Não,-,-,Não,-,-,Não,-,-,Não,-,-,Não,-,-,Não,-,-,Não,-,-,Não,-,-,Não,-,-,Não,-,-,Não,-,-,Não,-,-,Não,-,-,Sim,Não,-,-,-,-,Não,-,-,-,-,-,-,-,-,-,-,-,-,-,-,-,-,-,-,-,-,-,-,-,Sim,72,2005,Ativo,Paritário,Sim,Sim,Sim,Sim,12,16,Não,Sim,Não,Sim,Sim,Sim,Sim,Sim,Não,Não,Sim,Não,Sim,Não,-,-,-,-,-,-,-,-,-,-,-,-,-,-,-,-,-,-,-,-,-,-,-,Não,-,-,-,-,-,-,-,-,-,-,-,-,-,-,-,-,-,-,-,-,-,-,-,Não,-,-,-,-,-,-,-,-,-,-,-,-,-,-,-,-,-,-,-,-,-,-,-,Não,-,-,-,-,-,-,-,-,-,-,-,-,-,-,-,-,-,-,-,-,-,-,-,Não,-,-,-,-,-,-,-,-,-,-,-,-,-,-,-,-,-,-,-,-,-,-,-,Não,-,-,-,Não,-,-,-,Não,-,-,-,Não,-,-,-,Não,-,-,-,Não,-,-,-,Não,-,-,-,Não,-,-,-,Não,-,-,-,Não,-,-,-,Sim,Não,Sim,Não,Não,Não,Não,Não,Não,Não,Não,Não,Não,Não,Não,Não,Não,Sim,Não,Não,Não,Não,Não,Não,Não,Não,Não,Não,Não,Não,Não,Não,Não,Sim,Sim,Sim,Não,Sim,Não,Não,Não,Não,Não,Não,Não,Não,Não,Não,Não,Não,Não,Não,Não,Não,Não,Não,Não,Sim,Sim,72,2005,1,Não,Não,Não,Não,Não,Não,Não,Não,Não,Não,Sim,0,0,0,Não,-,-,-,-,-,-,-,-,-,-,Sim,Não,Sim,Sim,Não,Não,Não,Não,Não,Sim,Não,Não,Não,Sim,Não,Não,Não,Não,Não,Sim,Não,Sim,Sim,Sim,Não,Não,Sim,Não,Não,Não,-,-,-,-,-,-,-,-,-,Não,Não,Não,Sim,Sim,Não,Não,Sim,Não,Não,Sim,Não,Não,Não,Não,Não,Não
1507003,PA,15,Santo Antônio do Tauá,27461,4 - 20001 até 50000,1 - Norte,Não possui estrutura,-,-,-,-,-,-,-,-,-,-,-,-,-,-,-,-,-,-,-,-,-,-,-,-,Sim,Não,Não,Não,Não,Não,Sim,620,2015,Não,-,-,Não,-,-,Não,-,-,Não,-,-,Não,-,-,Não,-,-,Não,-,-,Não,-,-,Não,-,-,Não,-,-,Não,-,-,Não,-,-,Sim,468,2008,Não,-,-,Não,-,-,Não,Não,-,-,-,-,Não,-,-,-,-,-,-,-,-,-,-,-,-,-,-,-,-,-,-,-,-,-,-,-,Sim,246,1998,Ativo,Paritário,Não,Sim,Sim,Sim,21,20,Não,Não,Sim,Sim,Não,Sim,Não,Sim,Não,Não,Não,Não,Não,Sim,462,2008,"Foi criado, mas não foi instalado",-,-,-,-,-,-,-,-,-,-,-,-,-,-,-,-,-,-,-,-,Não,-,-,-,-,-,-,-,-,-,-,-,-,-,-,-,-,-,-,-,-,-,-,-,Não,-,-,-,-,-,-,-,-,-,-,-,-,-,-,-,-,-,-,-,-,-,-,-,Não,-,-,-,-,-,-,-,-,-,-,-,-,-,-,-,-,-,-,-,-,-,-,-,Não,-,-,-,-,-,-,-,-,-,-,-,-,-,-,-,-,-,-,-,-,-,-,-,Não,-,-,-,Não,-,-,-,Não,-,-,-,Não,-,-,-,Não,-,-,-,Não,-,-,-,Não,-,-,-,Não,-,-,-,Não,-,-,-,Não,-,-,-,Sim,Não,Sim,Não,Não,Não,Não,Não,Não,Não,Não,Não,Não,Sim,Não,Não,Não,Não,Não,Não,Não,Não,Não,Não,Sim,Não,Não,Não,Não,Não,Não,Não,Não,Não,Sim,Sim,Não,Sim,Não,Não,Não,Não,Não,Não,Não,Não,Não,Não,Sim,Sim,Sim,Sim,Não,Não,Não,Não,Não,Não,Sim,246,1998,1,Sim,Não,Não,Não,Não,Não,Não,Não,Não,Não,Não,0,0,0,Sim,Não,Não,Não,Não,Sim,Não,Não,Não,Não,Não,Não,Não,Não,Não,Não,Não,Não,Não,Não,Não,Não,Não,Não,Não,Não,Não,Não,Não,Sim,Sim,Sim,Sim,Sim,Não,Sim,Não,Sim,Não,Não,Não,-,-,-,-,-,-,-,-,-,Não,Não,Não,Sim,Sim,Não,Não,Sim,Não,Não,Não,Sim,Não,Não,Não,Não,Não
1507102,PA,15,São Caetano de Odivelas,16666,3 - 10001 até 20000,1 - Norte,Não possui estrutura,-,-,-,-,-,-,-,-,-,-,-,-,-,-,-,-,-,-,-,-,-,-,-,-,Não,Não,Não,Não,Não,Sim,Não,-,-,Não,-,-,Não,-,-,Não,-,-,Não,-,-,Não,-,-,Não,-,-,Não,-,-,Não,-,-,Não,-,-,Não,-,-,Não,-,-,Não,-,-,Não,-,-,Não,-,-,Não,-,-,Sim,Não,-,-,-,-,Não,-,-,-,-,-,-,-,-,-,-,-,-,-,-,-,-,-,-,-,-,-,-,-,Sim,8069,1990,Ativo,Paritário,Não,Não,Não,Sim,8,20,Não,Não,Sim,Não,-,-,-,-,-,-,-,-,-,Sim,128,2014,Ativo,Paritário,Não,Sim,Não,Não,2,20,Não,Sim,Não,Não,-,-,-,-,-,-,-,-,-,Não,-,-,-,-,-,-,-,-,-,-,-,-,-,-,-,-,-,-,-,-,-,-,-,Não,-,-,-,-,-,-,-,-,-,-,-,-,-,-,-,-,-,-,-,-,-,-,-,Não,-,-,-,-,-,-,-,-,-,-,-,-,-,-,-,-,-,-,-,-,-,-,-,Não,-,-,-,-,-,-,-,-,-,-,-,-,-,-,-,-,-,-,-,-,-,-,-,Não,-,-,-,Não,-,-,-,Não,-,-,-,Não,-,-,-,Não,-,-,-,Não,-,-,-,Não,-,-,-,Não,-,-,-,Não,-,-,-,Não,-,-,-,Sim,Não,Não,Não,Não,Não,Não,Não,Não,Não,Não,Sim,Não,Sim,Não,Não,Não,Não,Não,Não,Não,Não,Não,Não,Sim,Não,Não,Não,Não,Não,Não,Não,Não,Não,Sim,Não,Não,Sim,Não,Não,Não,Não,Não,Não,Não,Não,Não,Não,Sim,Não,Sim,Sim,Sim,Não,Não,Não,Não,Não,Sim,140,2015,1,Sim,Sim,Não,Sim,Não,Não,Não,Sim,Não,Não,Não,0,0,0,Não,-,-,-,-,-,-,-,-,-,-,Não,Não,Não,Não,Não,Não,Não,Não,Não,Não,Não,Não,Não,Não,Não,Não,Não,Não,Sim,Não,-,-,-,-,-,-,-,-,-,Não,-,-,-,-,-,-,-,-,-,Não,Não,Não,Não,Sim,Não,Não,Não,Não,Não,Sim,Sim,Não,Não,Não,Não,Não
1507151,PA,15,São Domingos do Araguaia,21092,4 - 20001 até 50000,1 - Norte,Setor subordinado a outra secretaria,Sim,Não,Não,Não,Não,Não,Feminino,59,Branca,Não,Ensino superior completo,Não,Não,Sim,Sim,Não,Não,Não,Não,Não,Não,Não,Sim,Não,Não,Não,Não,Não,Sim,Não,Não,-,-,Não,-,-,Não,-,-,Não,-,-,Não,-,-,Não,-,-,Não,-,-,Não,-,-,Não,-,-,Não,-,-,Não,-,-,Não,-,-,Não,-,-,Não,-,-,Não,-,-,Não,-,-,Sim,Não,-,-,-,-,Não,-,-,-,-,-,-,-,-,-,-,-,-,-,-,-,-,-,-,-,-,-,-,-,Sim,2146,2015,Ativo,Paritário,Sim,Sim,Não,Sim,12,10,Sim,Não,Não,Sim,Sim,Sim,Sim,Sim,Não,Não,Sim,Não,Não,Sim,2212,2020,Ativo,Paritário,Sim,Sim,Sim,Sim,10,20,Não,Sim,Não,Sim,Sim,Sim,Sim,Sim,Não,Não,Não,Não,Não,Não,-,-,-,-,-,-,-,-,-,-,-,-,-,-,-,-,-,-,-,-,-,-,-,Não,-,-,-,-,-,-,-,-,-,-,-,-,-,-,-,-,-,-,-,-,-,-,-,Não,-,-,-,-,-,-,-,-,-,-,-,-,-,-,-,-,-,-,-,-,-,-,-,Não,-,-,-,-,-,-,-,-,-,-,-,-,-,-,-,-,-,-,-,-,-,-,-,Não,-,-,-,Não,-,-,-,Não,-,-,-,Não,-,-,-,Não,-,-,-,Não,-,-,-,Não,-,-,-,Não,-,-,-,Não,-,-,-,Não,-,-,-,Sim,Não,Sim,Sim,Não,Não,Não,Não,Não,Não,Não,Não,Não,Sim,Sim,Não,Não,Não,Não,Não,Não,Não,Sim,Não,Não,Não,Sim,Não,Sim,Não,Não,Não,Não,Não,Sim,Sim,Sim,Não,Não,Sim,Não,Não,Não,Sim,Não,Não,Não,Não,Não,Sim,Não,Sim,Não,Não,Sim,Não,Sim,Não,Sim,2146,2015,1,Sim,Não,Não,Não,Não,Não,Não,Não,Não,Não,Não,0,0,0,Sim,Sim,Não,Não,Não,Sim,Não,Sim,Não,Não,Não,Sim,Não,Sim,Não,Não,Não,Não,Não,Não,Não,Não,Não,Não,Não,Não,Não,Não,Não,Não,Sim,Sim,Sim,Sim,Não,Não,Não,Sim,Não,Não,Não,-,-,-,-,-,-,-,-,-,Não,Não,Não,Não,Não,Não,Não,Não,Não,Sim,Não,Não,Não,Não,Não,Não,Sim
1507201,PA,15,São Domingos do Capim,30599,4 - 20001 até 50000,1 - Norte,Setor subordinado a outra secretaria,Sim,Não,Não,Não,Não,Não,Feminino,34,Parda,Não,Especialização,Não,Sim,Sim,Sim,Não,Sim,Não,Sim,Não,Sim,Não,Não,Não,Não,Não,Não,Não,Não,Sim,Sim,897,2018,Não,-,-,Não,-,-,Não,-,-,Não,-,-,Não,-,-,Não,-,-,Não,-,-,Não,-,-,Não,-,-,Não,-,-,Não,-,-,Não,-,-,Não,-,-,Não,-,-,Não,-,-,Não,Não,-,-,-,-,Não,-,-,-,-,-,-,-,-,-,-,-,-,-,-,-,-,-,-,-,-,-,-,-,Sim,297,2015,Ativo,Paritário,Não,Não,Não,Sim,10,20,Não,Não,Sim,Sim,Sim,Não,Não,Não,Não,Não,Não,Não,Não,Não,-,-,-,-,-,-,-,-,-,-,-,-,-,-,-,-,-,-,-,-,-,-,-,Não,-,-,-,-,-,-,-,-,-,-,-,-,-,-,-,-,-,-,-,-,-,-,-,Não,-,-,-,-,-,-,-,-,-,-,-,-,-,-,-,-,-,-,-,-,-,-,-,Não,-,-,-,-,-,-,-,-,-,-,-,-,-,-,-,-,-,-,-,-,-,-,-,Não,-,-,-,-,-,-,-,-,-,-,-,-,-,-,-,-,-,-,-,-,-,-,-,Não,-,-,-,Não,-,-,-,Não,-,-,-,Não,-,-,-,Não,-,-,-,Sim,897,2018,10,Não,-,-,-,Não,-,-,-,Não,-,-,-,Não,-,-,-,Não,Não,Sim,Não,Não,Não,Não,Não,Não,Não,Sim,Não,Não,Não,Não,Não,Não,Sim,Sim,Não,Não,Não,Sim,Não,Sim,Não,Não,Não,Não,Não,Não,Não,Não,Não,Sim,Não,Não,Não,Não,Sim,Não,Não,Não,Não,Sim,Não,Não,Não,Não,Sim,Não,Não,Não,Não,Sim,Não,Não,Não,Sim,137,1997,1,Sim,Não,Não,Não,Não,Não,Não,Não,Não,Não,Não,0,0,0,Sim,Não,Não,Não,Não,Não,Não,Não,Não,Não,Sim,Não,Não,Não,Não,Não,Não,Não,Não,Não,Não,Não,Não,Não,Não,Não,Não,Não,Não,Sim,Sim,Não,Não,Não,Não,Sim,Não,Não,Não,Não,Não,-,-,-,-,-,-,-,-,-,Não,Não,Não,Não,Sim,Sim,Não,Não,Não,Não,Não,Não,Não,Não,Não,Sim,Não
1507300,PA,15,São Félix do Xingu,65418,5 - 50001 até 100000,1 - Norte,Não possui estrutura,-,-,-,-,-,-,-,-,-,-,-,-,-,-,-,-,-,-,-,-,-,-,-,-,Sim,Sim,Sim,Sim,Sim,Não,Sim,401,2009,Não,-,-,Não,-,-,Não,-,-,Não,-,-,Não,-,-,Não,-,-,Não,-,-,Não,-,-,Não,-,-,Não,-,-,Não,-,-,Não,-,-,Não,-,-,Não,-,-,Não,-,-,Não,Em elaboração,-,-,-,-,Não,-,-,-,-,-,-,-,-,-,-,-,-,-,-,-,-,-,-,-,-,-,-,-,Sim,401,2009,Ativo,Paritário,Sim,Sim,Sim,Sim,20,16,Não,Sim,Não,Sim,Sim,Sim,Sim,Sim,Não,Sim,Sim,Sim,Sim,Sim,627,2023,Ativo,Paritário,Sim,Sim,Sim,Sim,7,16,Não,Sim,Não,Sim,Sim,Sim,Sim,Sim,Não,Sim,Não,Sim,Sim,Não,-,-,-,-,-,-,-,-,-,-,-,-,-,-,-,-,-,-,-,-,-,-,-,Não,-,-,-,-,-,-,-,-,-,-,-,-,-,-,-,-,-,-,-,-,-,-,-,Não,-,-,-,-,-,-,-,-,-,-,-,-,-,-,-,-,-,-,-,-,-,-,-,Não,-,-,-,-,-,-,-,-,-,-,-,-,-,-,-,-,-,-,-,-,-,-,-,Não,-,-,-,Não,-,-,-,Não,-,-,-,Não,-,-,-,Não,-,-,-,Sim,21,2023,1,Não,-,-,-,Não,-,-,-,Não,-,-,-,Não,-,-,-,Não,Não,Sim,Sim,Não,Não,Sim,Não,Não,Não,Não,Não,Não,Sim,Sim,Sim,Não,Não,Não,Não,Não,Não,Não,Não,Não,Não,Não,Não,Não,Não,Não,Não,Não,Sim,Sim,Não,Não,Não,Não,Sim,Não,Não,Não,Não,Não,Não,Não,Não,Sim,Sim,Sim,Sim,Sim,Sim,Sim,Não,Não,Não,Sim,139,1992,1,Não,Não,Não,Não,Não,Não,Não,Sim,Não,Não,Não,0,0,0,Sim,Não,Não,Não,Não,Não,Não,Não,Não,Não,Sim,Sim,Não,Não,Não,Não,Não,Não,Sim,Não,Não,Sim,Sim,Não,Não,Não,Não,Não,Não,Não,Sim,Sim,Não,Não,Não,Não,Não,Não,Não,Não,Não,-,-,-,-,-,-,-,-,-,Não,Não,Não,Não,Sim,Não,Não,Sim,Não,Não,Sim,Não,Não,Não,Não,Não,Não
1507409,PA,15,São Francisco do Pará,14894,3 - 10001 até 20000,1 - Norte,Não possui estrutura,-,-,-,-,-,-,-,-,-,-,-,-,-,-,-,-,-,-,-,-,-,-,-,-,Não,Não,Não,Não,Não,Sim,Não,-,-,Não,-,-,Não,-,-,Não,-,-,Não,-,-,Não,-,-,Não,-,-,Não,-,-,Não,-,-,Não,-,-,Não,-,-,Não,-,-,Não,-,-,Sim,1172,2018,Não,-,-,Não,-,-,Não,Não,-,-,-,-,Não,-,-,-,-,-,-,-,-,-,-,-,-,-,-,-,-,-,-,-,-,-,-,-,Sim,984,2015,Ativo,Tem maior representação da sociedade civil,Sim,Sim,Sim,Sim,10,10,Não,Sim,Não,Sim,Sim,Sim,Não,Sim,Não,Não,Sim,Não,Não,Sim,1172,2018,Ativo,Paritário,Sim,Sim,Não,Não,12,10,Não,Não,Sim,Sim,Sim,Sim,Não,Não,Não,Não,Não,Não,Não,Não,-,-,-,-,-,-,-,-,-,-,-,-,-,-,-,-,-,-,-,-,-,-,-,Não,-,-,-,-,-,-,-,-,-,-,-,-,-,-,-,-,-,-,-,-,-,-,-,Não,-,-,-,-,-,-,-,-,-,-,-,-,-,-,-,-,-,-,-,-,-,-,-,Não,-,-,-,-,-,-,-,-,-,-,-,-,-,-,-,-,-,-,-,-,-,-,-,Não,-,-,-,Não,-,-,-,Não,-,-,-,Não,-,-,-,Não,-,-,-,Não,-,-,-,Não,-,-,-,Não,-,-,-,Não,-,-,-,Não,-,-,-,Sim,Não,Não,Não,Não,Não,Não,Não,Não,Não,Não,Sim,Não,Sim,Sim,Não,Não,Não,Sim,Não,Não,Não,Não,Não,Não,Não,Não,Não,Não,Não,Não,Não,Não,Não,Sim,Não,Não,Não,Não,Não,Não,Não,Não,Não,Não,Não,Não,Sim,Não,Não,Não,Não,Não,Não,Não,Não,Não,Sim,Sim,984,2015,1,Não,Não,Não,Não,Não,Não,Não,Não,Não,Não,Sim,0,0,0,Sim,Não,Não,Não,Não,Não,Não,Não,Não,Não,Sim,Não,Não,Não,Não,Não,Não,Não,Não,Não,Não,Não,Não,Não,Não,Não,Não,Não,Não,Sim,Não,-,-,-,-,-,-,-,-,-,Não,-,-,-,-,-,-,-,-,-,Não,Não,Não,Não,Sim,Não,Não,Sim,Não,Não,Sim,Não,Não,Não,Não,Sim,Sim
1507458,PA,15,São Geraldo do Araguaia,24255,4 - 20001 até 50000,1 - Norte,Setor subordinado a outra secretaria,Sim,Não,Não,Sim,Não,Não,Feminino,40,Parda,Sim,Ensino superior completo,Não,Sim,Sim,Sim,Não,Não,Sim,Não,Sim,Não,Não,Sim,Não,Sim,Sim,Sim,Sim,Sim,Não,Sim,69,1992,Não,-,-,Não,-,-,Sim,366,2010,Não,-,-,Sim,31808,2008,Sim,318,2008,Não,-,-,Não,-,-,Não,-,-,Não,-,-,Não,-,-,Não,-,-,Sim,336,2009,Não,-,-,Não,-,-,Não,Não,-,-,-,-,Não,-,-,-,-,-,-,-,-,-,-,-,-,-,-,-,-,-,-,-,-,-,-,-,Sim,473,2019,Ativo,Paritário,Sim,Sim,Sim,Sim,12,18,Não,Sim,Não,Sim,Sim,Sim,Sim,Sim,Não,Não,Sim,Sim,Sim,Sim,336,2009,Ativo,Paritário,Sim,Sim,Sim,Sim,12,16,Não,Sim,Não,Sim,Sim,Sim,Sim,Sim,Não,Não,Sim,Sim,Sim,Não,-,-,-,-,-,-,-,-,-,-,-,-,-,-,-,-,-,-,-,-,-,-,-,Não,-,-,-,-,-,-,-,-,-,-,-,-,-,-,-,-,-,-,-,-,-,-,-,Não,-,-,-,-,-,-,-,-,-,-,-,-,-,-,-,-,-,-,-,-,-,-,-,Não,-,-,-,-,-,-,-,-,-,-,-,-,-,-,-,-,-,-,-,-,-,-,-,Não,-,-,-,Não,-,-,-,Não,-,-,-,Não,-,-,-,Não,-,-,-,Não,-,-,-,Não,-,-,-,Não,-,-,-,Não,-,-,-,Não,-,-,-,Sim,Não,Sim,Não,Não,Não,Não,Não,Não,Não,Não,Não,Não,Sim,Não,Não,Não,Não,Não,Não,Não,Não,Não,Não,Sim,Não,Sim,Não,Não,Não,Não,Não,Não,Não,Sim,Sim,Não,Sim,Sim,Sim,Não,Não,Não,Não,Não,Não,Não,Não,Sim,Sim,Sim,Sim,Sim,Sim,Sim,Não,Sim,Não,Sim,69,1992,1,Sim,Não,Não,Não,Não,Não,Sim,Não,Não,Não,Não,0,0,0,Não,-,-,-,-,-,-,-,-,-,-,Sim,Não,Não,Não,Não,Não,Não,Não,Não,Não,Não,Não,Não,Não,Não,Não,Não,Não,Não,Sim,Sim,Sim,Sim,Sim,Sim,Não,Sim,Não,Não,Sim,Sim,Não,Sim,Não,Não,Sim,Sim,Sim,Não,Não,Sim,Sim,Não,Sim,Não,Não,Sim,Não,Não,Sim,Não,Não,Não,Não,Não,Sim
1507466,PA,15,São João da Ponta,4430,1 - Até 5000,1 - Norte,Não possui estrutura,-,-,-,-,-,-,-,-,-,-,-,-,-,-,-,-,-,-,-,-,-,-,-,-,Não,Não,Não,Não,Não,Sim,Não,-,-,Não,-,-,Não,-,-,Não,-,-,Não,-,-,Não,-,-,Não,-,-,Não,-,-,Não,-,-,Não,-,-,Não,-,-,Não,-,-,Não,-,-,Não,-,-,Não,-,-,Não,-,-,Sim,Não,-,-,-,-,Não,-,-,-,-,-,-,-,-,-,-,-,-,-,-,-,-,-,-,-,-,-,-,-,Sim,188,2023,Ativo,Paritário,Sim,Sim,Não,Sim,12,16,Não,Sim,Não,Sim,Sim,Sim,Sim,Sim,Sim,Sim,Sim,Não,Sim,Não,-,-,-,-,-,-,-,-,-,-,-,-,-,-,-,-,-,-,-,-,-,-,-,Não,-,-,-,-,-,-,-,-,-,-,-,-,-,-,-,-,-,-,-,-,-,-,-,Não,-,-,-,-,-,-,-,-,-,-,-,-,-,-,-,-,-,-,-,-,-,-,-,Não,-,-,-,-,-,-,-,-,-,-,-,-,-,-,-,-,-,-,-,-,-,-,-,Não,-,-,-,-,-,-,-,-,-,-,-,-,-,-,-,-,-,-,-,-,-,-,-,Não,-,-,-,Não,-,-,-,Não,-,-,-,Não,-,-,-,Não,-,-,-,Não,-,-,-,Não,-,-,-,Não,-,-,-,Não,-,-,-,Não,-,-,-,Sim,Não,Sim,Não,Não,Não,Não,Não,Não,Não,Não,Não,Não,Sim,Não,Não,Não,Não,Sim,Sim,Sim,Não,Não,Sim,Não,Não,Sim,Não,Sim,Não,Sim,Não,Não,Não,Sim,Sim,Não,Sim,Sim,Sim,Não,Sim,Não,Sim,Sim,Não,Não,Não,Sim,Sim,Sim,Sim,Sim,Não,Sim,Não,Sim,Não,Sim,188,2023,1,Sim,Não,Não,Não,Não,Não,Não,Não,Não,Não,Não,0,0,0,Sim,Sim,Não,Não,Não,Sim,Não,Sim,Sim,Não,Não,Sim,Não,Sim,Não,Não,Não,Não,Sim,Não,Não,Não,Não,Não,Não,Não,Não,Não,Não,Não,Sim,Sim,Sim,Sim,Sim,Não,Não,Sim,Sim,Não,Não,-,-,-,-,-,-,-,-,-,Não,Não,Não,Sim,Sim,Não,Não,Sim,Não,Não,Sim,Sim,Não,Não,Não,Sim,Não
1507474,PA,15,São João de Pirabas,20689,4 - 20001 até 50000,1 - Norte,Não possui estrutura,-,-,-,-,-,-,-,-,-,-,-,-,-,-,-,-,-,-,-,-,-,-,-,-,Não,Não,Sim,Sim,Não,Não,Não,-,-,Não,-,-,Não,-,-,Não,-,-,Não,-,-,Não,-,-,Não,-,-,Não,-,-,Não,-,-,Não,-,-,Não,-,-,Não,-,-,Não,-,-,Não,-,-,Não,-,-,Não,-,-,Sim,Não,-,-,-,-,Não,-,-,-,-,-,-,-,-,-,-,-,-,-,-,-,-,-,-,-,-,-,-,-,Sim,495,1993,Ativo,Paritário,Sim,Sim,Não,Não,29,16,Não,Sim,Não,Sim,Sim,Sim,Sim,Sim,Não,Não,Sim,Não,Não,Não,-,-,-,-,-,-,-,-,-,-,-,-,-,-,-,-,-,-,-,-,-,-,-,Não,-,-,-,-,-,-,-,-,-,-,-,-,-,-,-,-,-,-,-,-,-,-,-,Não,-,-,-,-,-,-,-,-,-,-,-,-,-,-,-,-,-,-,-,-,-,-,-,Não,-,-,-,-,-,-,-,-,-,-,-,-,-,-,-,-,-,-,-,-,-,-,-,Não,-,-,-,-,-,-,-,-,-,-,-,-,-,-,-,-,-,-,-,-,-,-,-,Não,-,-,-,Não,-,-,-,Não,-,-,-,Não,-,-,-,Não,-,-,-,Não,-,-,-,Não,-,-,-,Não,-,-,-,Não,-,-,-,Não,-,-,-,Sim,Não,Não,Não,Não,Não,Não,Não,Não,Não,Não,Sim,Não,Sim,Não,Não,Não,Não,Não,Não,Não,Não,Sim,Não,Sim,Sim,Sim,Não,Não,Não,Não,Não,Não,Não,Sim,Sim,Não,Sim,Sim,Sim,Não,Não,Não,Não,Não,Não,Não,Não,Sim,Sim,Sim,Sim,Não,Não,Sim,Não,Sim,Não,Sim,986,2015,1,Sim,Não,Não,Não,Não,Não,Não,Não,Não,Não,Não,0,0,0,Não,-,-,-,-,-,-,-,-,-,-,Sim,Não,Não,Não,Não,Não,Não,Não,Não,Não,Não,Sim,Não,Não,Não,Não,Não,Não,Não,Sim,Sim,Sim,Sim,Sim,Sim,Não,Sim,Não,Não,Não,-,-,-,-,-,-,-,-,-,Não,Não,Não,Não,Não,Não,Não,Não,Não,Sim,Não,Não,Não,Não,Não,Não,Sim
1507508,PA,15,São João do Araguaia,13664,3 - 10001 até 20000,1 - Norte,Setor subordinado a outra secretaria,Sim,Não,Não,Não,Não,Não,Feminino,43,Preta,Não,Ensino superior completo,Não,Não,Não,Não,Não,Não,Não,Não,Não,Não,Não,Não,Sim,Não,Não,Não,Não,Não,Sim,Não,-,-,Não,-,-,Não,-,-,Não,-,-,Não,-,-,Não,-,-,Não,-,-,Não,-,-,Não,-,-,Não,-,-,Não,-,-,Não,-,-,Não,-,-,Sim,2157,2009,Não,-,-,Não,-,-,Não,Não,-,-,-,-,Não,-,-,-,-,-,-,-,-,-,-,-,-,-,-,-,-,-,-,-,-,-,-,-,Sim,2761,2015,Ativo,Paritário,Sim,Sim,Sim,Sim,10,20,Não,Sim,Não,Sim,Sim,Sim,Sim,Sim,Sim,Sim,Sim,Não,Não,Sim,2157,2009,Ativo,Paritário,Não,Sim,Não,Sim,14,10,Não,Não,Sim,Sim,Sim,Sim,Sim,Sim,Sim,Sim,Sim,Não,Não,Sim,2898,2015,Ativo,Paritário,Não,Sim,Não,Sim,11,20,Não,Não,Sim,Sim,Sim,Sim,Sim,Sim,Sim,Sim,Sim,Não,Não,Não,-,-,-,-,-,-,-,-,-,-,-,-,-,-,-,-,-,-,-,-,-,-,-,Não,-,-,-,-,-,-,-,-,-,-,-,-,-,-,-,-,-,-,-,-,-,-,-,Não,-,-,-,-,-,-,-,-,-,-,-,-,-,-,-,-,-,-,-,-,-,-,-,Não,-,-,-,Não,-,-,-,Não,-,-,-,Não,-,-,-,Não,-,-,-,Não,-,-,-,Não,-,-,-,Não,-,-,-,Não,-,-,-,Não,-,-,-,Sim,Não,Sim,Não,Não,Não,Não,Não,Não,Não,Não,Não,Não,Não,Não,Não,Não,Sim,Não,Não,Não,Não,Não,Não,Não,Não,Não,Não,Não,Não,Não,Não,Não,Sim,Sim,Sim,Não,Sim,Não,Não,Não,Não,Não,Não,Não,Não,Não,Não,Sim,Sim,Sim,Sim,Não,Não,Não,Não,Não,Não,Sim,2728,2014,1,Não,Não,Não,Não,Não,Não,Não,Não,Não,Não,Sim,0,0,0,Sim,Não,Não,Não,Não,Sim,Não,Não,Sim,Não,Não,Sim,Sim,Não,Não,Não,Não,Não,Não,Não,Não,Não,Não,Não,Não,Não,Não,Não,Não,Não,Não,-,-,-,-,-,-,-,-,-,Não,-,-,-,-,-,-,-,-,-,Não,Não,Não,Não,Não,Não,Não,Sim,Não,Não,Sim,Não,Não,Não,Não,Não,Não
1507607,PA,15,São Miguel do Guamá,52894,5 - 50001 até 100000,1 - Norte,Setor subordinado a outra secretaria,Sim,Sim,Não,Sim,Não,Não,Feminino,32,Branca,Não,Ensino superior completo,Não,Sim,Sim,Sim,Sim,Não,Não,Não,Não,Sim,Não,Sim,Não,Sim,Sim,Sim,Sim,Sim,Não,Não,-,-,Não,-,-,Não,-,-,Sim,303,2015,Sim,151,2023,Não,-,-,Não,-,-,Não,-,-,Não,-,-,Não,-,-,Não,-,-,Não,-,-,Sim,268,2014,Sim,178,2009,Não,-,-,Não,-,-,Não,Não,-,-,-,-,Não,-,-,-,-,-,-,-,-,-,-,-,-,-,-,-,-,-,-,-,-,-,-,-,Sim,303,2015,Ativo,Paritário,Sim,Sim,Sim,Sim,11,20,Não,Sim,Não,Sim,Sim,Sim,Sim,Sim,Não,Não,Sim,Não,Não,Sim,178,2009,Ativo,Tem maior representação da sociedade civil,Sim,Sim,Não,Não,6,10,Não,Sim,Não,Sim,Sim,Sim,Sim,Sim,Não,Não,Não,Não,Sim,Sim,268,2014,Inativo,-,-,-,-,-,-,-,-,-,-,-,-,-,-,-,-,-,-,-,-,Não,-,-,-,-,-,-,-,-,-,-,-,-,-,-,-,-,-,-,-,-,-,-,-,Não,-,-,-,-,-,-,-,-,-,-,-,-,-,-,-,-,-,-,-,-,-,-,-,Não,-,-,-,-,-,-,-,-,-,-,-,-,-,-,-,-,-,-,-,-,-,-,-,Não,-,-,-,Não,-,-,-,Não,-,-,-,Não,-,-,-,Não,-,-,-,Não,-,-,-,Não,-,-,-,Não,-,-,-,Não,-,-,-,Não,-,-,-,Sim,Não,Sim,Não,Não,Não,Não,Não,Não,Não,Não,Não,Não,Sim,Não,Não,Não,Não,Não,Não,Não,Não,Sim,Não,Não,Não,Não,Não,Não,Não,Não,Não,Não,Não,Sim,Sim,Não,Sim,Não,Sim,Não,Não,Não,Não,Não,Não,Não,Não,Não,Sim,Sim,Sim,Não,Não,Não,Não,Não,Não,Sim,303,2015,1,Sim,Sim,Não,Sim,Não,Não,Não,Não,Não,Não,Não,0,0,0,Sim,Sim,Não,Não,Não,Sim,Não,Não,Sim,Não,Não,Sim,Não,Sim,Sim,Não,Não,Não,Não,Não,Não,Sim,Não,Não,Sim,Não,Não,Não,Não,Não,Sim,Não,Sim,Sim,Não,Sim,Não,Sim,Não,Não,Não,-,-,-,-,-,-,-,-,-,Não,Não,Não,Não,Sim,Não,Não,Não,Não,Não,Não,Não,Não,Não,Não,Não,Sim
1507706,PA,15,São Sebastião da Boa Vista,25643,4 - 20001 até 50000,1 - Norte,Não possui estrutura,-,-,-,-,-,-,-,-,-,-,-,-,-,-,-,-,-,-,-,-,-,-,-,-,Não,Não,Não,Não,Não,Sim,Não,-,-,Não,-,-,Não,-,-,Não,-,-,Não,-,-,Não,-,-,Não,-,-,Não,-,-,Não,-,-,Não,-,-,Não,-,-,Não,-,-,Não,-,-,Não,-,-,Não,-,-,Não,-,-,Sim,Não,-,-,-,-,Não,-,-,-,-,-,-,-,-,-,-,-,-,-,-,-,-,-,-,-,-,-,-,-,Sim,249,2014,Ativo,Paritário,Não,Sim,Não,Não,12,20,Não,Sim,Não,Sim,Não,Sim,Sim,Sim,Não,Não,Sim,Não,Não,Não,-,-,-,-,-,-,-,-,-,-,-,-,-,-,-,-,-,-,-,-,-,-,-,Não,-,-,-,-,-,-,-,-,-,-,-,-,-,-,-,-,-,-,-,-,-,-,-,Não,-,-,-,-,-,-,-,-,-,-,-,-,-,-,-,-,-,-,-,-,-,-,-,Não,-,-,-,-,-,-,-,-,-,-,-,-,-,-,-,-,-,-,-,-,-,-,-,Não,-,-,-,-,-,-,-,-,-,-,-,-,-,-,-,-,-,-,-,-,-,-,-,Não,-,-,-,Não,-,-,-,Não,-,-,-,Não,-,-,-,Não,-,-,-,Não,-,-,-,Não,-,-,-,Não,-,-,-,Não,-,-,-,Não,-,-,-,Sim,Não,Não,Não,Não,Não,Não,Não,Não,Não,Não,Sim,Não,Sim,Não,Não,Não,Não,Sim,Não,Sim,Não,Sim,Não,Não,Não,Não,Não,Sim,Não,Não,Não,Não,Não,Sim,Sim,Sim,Sim,Não,Não,Não,Não,Não,Não,Não,Não,Não,Não,Sim,Sim,Sim,Sim,Não,Não,Sim,Não,Sim,Não,Sim,249,2014,1,Não,Não,Não,Não,Não,Não,Não,Sim,Não,Não,Não,0,0,0,Não,-,-,-,-,-,-,-,-,-,-,Não,Não,Não,Não,Não,Não,Não,Não,Não,Não,Não,Não,Não,Não,Não,Não,Não,Não,Sim,Sim,Sim,Sim,Sim,Não,Sim,Não,Sim,Não,Não,Não,-,-,-,-,-,-,-,-,-,Não,Não,Não,Não,Não,Não,Não,Sim,Não,Não,Sim,Não,Não,Sim,Não,Não,Sim
1507755,PA,15,Sapucaia,5847,2 - 5001 até 10000,1 - Norte,Setor subordinado a outra secretaria,Sim,Não,Não,Não,Não,Não,Feminino,30,Parda,Não,Especialização,Não,Sim,Sim,Sim,Sim,Sim,Sim,Sim,Não,Não,Não,Sim,Não,Não,Não,Não,Não,Sim,Não,Não,-,-,Não,-,-,Não,-,-,Não,-,-,Não,-,-,Não,-,-,Não,-,-,Não,-,-,Não,-,-,Não,-,-,Não,-,-,Não,-,-,Não,-,-,Não,-,-,Não,-,-,Não,-,-,Sim,Não,-,-,-,-,Não,-,-,-,-,-,-,-,-,-,-,-,-,-,-,-,-,-,-,-,-,-,-,-,Sim,272,2015,Ativo,Paritário,Sim,Sim,Sim,Sim,2,10,Não,Sim,Não,Sim,Sim,Sim,Sim,Sim,Não,Não,Sim,Não,Não,Sim,317,2019,Inativo,-,-,-,-,-,-,-,-,-,-,-,-,-,-,-,-,-,-,-,-,Não,-,-,-,-,-,-,-,-,-,-,-,-,-,-,-,-,-,-,-,-,-,-,-,Não,-,-,-,-,-,-,-,-,-,-,-,-,-,-,-,-,-,-,-,-,-,-,-,Não,-,-,-,-,-,-,-,-,-,-,-,-,-,-,-,-,-,-,-,-,-,-,-,Não,-,-,-,-,-,-,-,-,-,-,-,-,-,-,-,-,-,-,-,-,-,-,-,Não,-,-,-,Não,-,-,-,Não,-,-,-,Não,-,-,-,Não,-,-,-,Não,-,-,-,Não,-,-,-,Não,-,-,-,Não,-,-,-,Não,-,-,-,Sim,Não,Não,Não,Não,Não,Não,Não,Não,Não,Não,Sim,Não,Sim,Sim,Não,Não,Não,Sim,Não,Não,Não,Sim,Não,Não,Não,Sim,Não,Sim,Não,Não,Não,Não,Não,Sim,Sim,Sim,Não,Sim,Não,Não,Não,Não,Não,Não,Sim,Não,Não,Não,Não,Sim,Sim,Não,Não,Sim,Não,Sim,Não,Sim,171,2015,1,Sim,Sim,Não,Sim,Não,Não,Sim,Não,Sim,Não,Não,0,0,0,Sim,Sim,Não,Sim,Não,Sim,Não,Não,Não,Não,Não,Sim,Não,Sim,Não,Não,Não,Não,Sim,Não,Não,Sim,Não,Não,Não,Não,Não,Não,Não,Não,Sim,Sim,Sim,Sim,Não,Sim,Sim,Sim,Sim,Não,Sim,Sim,Sim,Sim,Sim,Sim,Sim,Sim,Sim,Não,Não,Não,Não,Não,Não,Sim,Não,Sim,Sim,Não,Sim,Não,Não,Não,Não,Não,Sim
1507805,PA,15,Senador José Porfírio,22576,4 - 20001 até 50000,1 - Norte,Não possui estrutura,-,-,-,-,-,-,-,-,-,-,-,-,-,-,-,-,-,-,-,-,-,-,-,-,Não,Não,Não,Não,Não,Sim,Não,-,-,Não,-,-,Não,-,-,Não,-,-,Não,-,-,Não,-,-,Não,-,-,Não,-,-,Não,-,-,Não,-,-,Não,-,-,Não,-,-,Não,-,-,Não,-,-,Não,-,-,Não,-,-,Sim,Não,-,-,-,-,Não,-,-,-,-,-,-,-,-,-,-,-,-,-,-,-,-,-,-,-,-,-,-,-,Sim,198,2015,Ativo,Paritário,Não,Sim,Não,Não,4,20,Não,Sim,Não,Sim,Sim,Sim,Sim,Sim,Não,Não,Sim,Sim,Sim,Não,-,-,-,-,-,-,-,-,-,-,-,-,-,-,-,-,-,-,-,-,-,-,-,Não,-,-,-,-,-,-,-,-,-,-,-,-,-,-,-,-,-,-,-,-,-,-,-,Não,-,-,-,-,-,-,-,-,-,-,-,-,-,-,-,-,-,-,-,-,-,-,-,Não,-,-,-,-,-,-,-,-,-,-,-,-,-,-,-,-,-,-,-,-,-,-,-,Não,-,-,-,-,-,-,-,-,-,-,-,-,-,-,-,-,-,-,-,-,-,-,-,Não,-,-,-,Não,-,-,-,Não,-,-,-,Não,-,-,-,Não,-,-,-,Não,-,-,-,Não,-,-,-,Não,-,-,-,Não,-,-,-,Não,-,-,-,Sim,Não,Sim,Não,Não,Não,Não,Não,Não,Não,Não,Não,Não,Sim,Não,Não,Não,Não,Sim,Sim,Sim,Não,Não,Não,Não,Sim,Não,Não,Sim,Não,Não,Não,Não,Não,Sim,Sim,Sim,Não,Sim,Não,Não,Não,Não,Não,Sim,Não,Não,Não,Sim,Não,Não,Sim,Não,Não,Sim,Não,Não,Não,Sim,198,2015,1,Sim,Não,Não,Não,Não,Não,Não,Não,Não,Não,Não,0,0,0,Não,-,-,-,-,-,-,-,-,-,-,Não,Não,Não,Não,Não,Não,Não,Não,Não,Não,Não,Não,Não,Não,Não,Não,Não,Não,Sim,Sim,Não,Não,Sim,Não,Sim,Não,Não,Não,Não,Não,-,-,-,-,-,-,-,-,-,Não,Não,Não,Não,Sim,Não,Não,Sim,Não,Não,Não,Não,Não,Não,Não,Não,Sim
1507904,PA,15,Soure,24204,4 - 20001 até 50000,1 - Norte,Setor subordinado a outra secretaria,Sim,Não,Não,Não,Não,Não,Feminino,39,Branca,Não,Especialização,Não,Sim,Sim,Sim,Sim,Sim,Não,Sim,Não,Não,Não,Sim,Não,Não,Não,Não,Não,Sim,Não,Não,-,-,Não,-,-,Não,-,-,Não,-,-,Sim,13257,2016,Não,-,-,Não,-,-,Não,-,-,Não,-,-,Não,-,-,Não,-,-,Não,-,-,Não,-,-,Não,-,-,Não,-,-,Não,-,-,Não,"Sim, não é regulamentado por instrumento legal",-,-,-,2015,Não,-,-,-,-,-,-,-,-,-,-,-,-,-,-,-,-,-,-,-,-,-,-,-,Sim,5482,2015,Ativo,Paritário,Não,Sim,Sim,Sim,9,20,Não,Sim,Não,Não,-,-,-,-,-,-,-,-,-,Não,-,-,-,-,-,-,-,-,-,-,-,-,-,-,-,-,-,-,-,-,-,-,-,Não,-,-,-,-,-,-,-,-,-,-,-,-,-,-,-,-,-,-,-,-,-,-,-,Não,-,-,-,-,-,-,-,-,-,-,-,-,-,-,-,-,-,-,-,-,-,-,-,Não,-,-,-,-,-,-,-,-,-,-,-,-,-,-,-,-,-,-,-,-,-,-,-,Não,-,-,-,-,-,-,-,-,-,-,-,-,-,-,-,-,-,-,-,-,-,-,-,Não,-,-,-,Não,-,-,-,Não,-,-,-,Não,-,-,-,Não,-,-,-,Não,-,-,-,Não,-,-,-,Não,-,-,-,Não,-,-,-,Não,-,-,-,Sim,Sim,Sim,Sim,Sim,Sim,Sim,Sim,Não,Não,Sim,Não,Não,Sim,Não,Sim,Não,Não,Sim,Sim,Sim,Não,Sim,Sim,Sim,Sim,Não,Não,Sim,Sim,Sim,Não,Não,Não,Sim,Sim,Não,Sim,Sim,Sim,Não,Não,Sim,Não,Sim,Sim,Não,Não,Sim,Sim,Sim,Sim,Sim,Sim,Não,Sim,Sim,Não,Sim,2865,1998,1,Não,Não,Não,Não,Não,Não,Não,Não,Não,Não,Sim,0,0,1,Sim,Sim,Sim,Sim,Não,Sim,Sim,Sim,Sim,Não,Não,Sim,Não,Não,Não,Não,Não,Não,Sim,Sim,Sim,Sim,Não,Não,Sim,Não,Não,Não,Sim,Não,Sim,Sim,Sim,Sim,Não,Não,Sim,Sim,Não,Não,Sim,Sim,Não,Sim,Não,Não,Não,Sim,Sim,Não,Não,Sim,Não,Não,Sim,Não,Não,Sim,Sim,Não,Não,Sim,Não,Não,Não,Não,Sim
1507953,PA,15,Tailândia,72493,5 - 50001 até 100000,1 - Norte,Não possui estrutura,-,-,-,-,-,-,-,-,-,-,-,-,-,-,-,-,-,-,-,-,-,-,-,-,Não,Não,Não,Não,Não,Sim,Não,-,-,Não,-,-,Não,-,-,Não,-,-,Não,-,-,Não,-,-,Não,-,-,Não,-,-,Não,-,-,Não,-,-,Não,-,-,Não,-,-,Não,-,-,Sim,148,2003,Não,-,-,Não,-,-,Não,Não,-,-,-,-,Não,-,-,-,-,-,-,-,-,-,-,-,-,-,-,-,-,-,-,-,-,-,-,-,Sim,15,1992,Ativo,Tem maior representação da sociedade civil,Não,Sim,Não,Não,6,7,Sim,Não,Não,Sim,Sim,Sim,Sim,Sim,Não,Não,Não,Não,Não,Não,-,-,-,-,-,-,-,-,-,-,-,-,-,-,-,-,-,-,-,-,-,-,-,Não,-,-,-,-,-,-,-,-,-,-,-,-,-,-,-,-,-,-,-,-,-,-,-,Não,-,-,-,-,-,-,-,-,-,-,-,-,-,-,-,-,-,-,-,-,-,-,-,Não,-,-,-,-,-,-,-,-,-,-,-,-,-,-,-,-,-,-,-,-,-,-,-,Não,-,-,-,-,-,-,-,-,-,-,-,-,-,-,-,-,-,-,-,-,-,-,-,Não,-,-,-,Não,-,-,-,Não,-,-,-,Não,-,-,-,Não,-,-,-,Não,-,-,-,Não,-,-,-,Não,-,-,-,Não,-,-,-,Não,-,-,-,Sim,Não,Não,Não,Não,Não,Não,Não,Não,Não,Não,Sim,Não,Sim,Não,Não,Não,Não,Sim,Não,Não,Não,Sim,Não,Sim,Não,Sim,Não,Não,Não,Não,Não,Não,Não,Sim,Não,Não,Sim,Sim,Sim,Não,Não,Não,Não,Não,Sim,Não,Não,Sim,Sim,Sim,Sim,Não,Sim,Não,Não,Não,Não,Sim,15,1992,1,Sim,Sim,Não,Sim,Não,Não,Sim,Sim,Não,Não,Não,0,0,0,Sim,Não,Sim,Sim,Sim,Sim,Não,Sim,Não,Não,Não,Sim,Não,Sim,Não,Não,Não,Não,Sim,Não,Não,Não,Não,Não,Sim,Não,Não,Não,Sim,Não,Sim,Sim,Sim,Sim,Não,Não,Não,Sim,Sim,Não,Sim,Não,Não,Não,Não,Não,Não,Não,Sim,Não,Não,Não,Não,Não,Não,Sim,Não,Não,Não,Não,Sim,Não,Não,Sim,Não,Não,Não
1507961,PA,15,Terra Alta,10400,3 - 10001 até 20000,1 - Norte,Não possui estrutura,-,-,-,-,-,-,-,-,-,-,-,-,-,-,-,-,-,-,-,-,-,-,-,-,Não,Não,Não,Não,Não,Sim,Não,-,-,Não,-,-,Não,-,-,Não,-,-,Não,-,-,Não,-,-,Não,-,-,Não,-,-,Não,-,-,Não,-,-,Não,-,-,Não,-,-,Não,-,-,Não,-,-,Não,-,-,Não,-,-,Sim,Não,-,-,-,-,Não,-,-,-,-,-,-,-,-,-,-,-,-,-,-,-,-,-,-,-,-,-,-,-,Sim,1,1994,Ativo,Paritário,Sim,Sim,Sim,Sim,16,24,Não,Sim,Não,Sim,Sim,Sim,Não,Sim,Não,Não,Não,Não,Não,Não,-,-,-,-,-,-,-,-,-,-,-,-,-,-,-,-,-,-,-,-,-,-,-,Não,-,-,-,-,-,-,-,-,-,-,-,-,-,-,-,-,-,-,-,-,-,-,-,Não,-,-,-,-,-,-,-,-,-,-,-,-,-,-,-,-,-,-,-,-,-,-,-,Não,-,-,-,-,-,-,-,-,-,-,-,-,-,-,-,-,-,-,-,-,-,-,-,Não,-,-,-,-,-,-,-,-,-,-,-,-,-,-,-,-,-,-,-,-,-,-,-,Não,-,-,-,Não,-,-,-,Não,-,-,-,Não,-,-,-,Não,-,-,-,Não,-,-,-,Não,-,-,-,Não,-,-,-,Não,-,-,-,Não,-,-,-,Sim,Não,Sim,Não,Não,Não,Não,Não,Não,Não,Não,Não,Não,Não,Não,Não,Não,Sim,Não,Não,Não,Não,Não,Não,Sim,Não,Não,Não,Não,Não,Não,Não,Não,Não,Sim,Sim,Não,Não,Sim,Não,Não,Não,Não,Não,Não,Não,Não,Não,Não,Sim,Sim,Sim,Não,Não,Sim,Não,Não,Não,Sim,1,1994,1,Sim,Não,Não,Não,Não,Não,Não,Não,Não,Não,Não,0,0,0,Não,-,-,-,-,-,-,-,-,-,-,Não,Não,Não,Não,Não,Não,Não,Não,Não,Não,Não,Não,Não,Não,Não,Não,Não,Não,Sim,Não,-,-,-,-,-,-,-,-,-,Não,-,-,-,-,-,-,-,-,-,Não,Não,Não,Não,Sim,Não,Não,Não,Não,Não,Não,Não,Não,Não,Não,Não,Sim
1507979,PA,15,Terra Santa,18782,3 - 10001 até 20000,1 - Norte,Não possui estrutura,-,-,-,-,-,-,-,-,-,-,-,-,-,-,-,-,-,-,-,-,-,-,-,-,Não,Não,Não,Não,Sim,Não,Não,-,-,Não,-,-,Não,-,-,Não,-,-,Não,-,-,Não,-,-,Não,-,-,Não,-,-,Não,-,-,Não,-,-,Não,-,-,Não,-,-,Não,-,-,Não,-,-,Não,-,-,Não,-,-,Sim,Em elaboração,-,-,-,-,Não,-,-,-,-,-,-,-,-,-,-,-,-,-,-,-,-,-,-,-,-,-,-,-,Sim,184,2015,Ativo,Paritário,Não,Sim,Não,Sim,8,16,Sim,Não,Não,Sim,Sim,Sim,Sim,Sim,Sim,Sim,Não,Não,Não,Sim,148,2013,Ativo,Paritário,Sim,Não,Não,Sim,5,24,Não,Sim,Não,Sim,Sim,Não,Não,Não,Não,Não,Não,Não,Não,Não,-,-,-,-,-,-,-,-,-,-,-,-,-,-,-,-,-,-,-,-,-,-,-,Não,-,-,-,-,-,-,-,-,-,-,-,-,-,-,-,-,-,-,-,-,-,-,-,Não,-,-,-,-,-,-,-,-,-,-,-,-,-,-,-,-,-,-,-,-,-,-,-,Não,-,-,-,-,-,-,-,-,-,-,-,-,-,-,-,-,-,-,-,-,-,-,-,Não,-,-,-,Não,-,-,-,Não,-,-,-,Não,-,-,-,Não,-,-,-,Sim,141,2023,10,Não,-,-,-,Não,-,-,-,Não,-,-,-,Não,-,-,-,Não,Não,Sim,Não,Não,Não,Não,Não,Não,Não,Não,Não,Não,Sim,Não,Não,Não,Não,Sim,Sim,Não,Não,Não,Não,Sim,Não,Não,Não,Não,Não,Não,Não,Não,Não,Sim,Sim,Não,Sim,Não,Sim,Sim,Não,Não,Sim,Não,Sim,Não,Não,Sim,Sim,Não,Sim,Não,Não,Sim,Não,Sim,Não,Sim,1,2002,1,Sim,Não,Não,Não,Não,Não,Não,Não,Não,Não,Não,0,0,1,Sim,Sim,Não,Não,Não,Sim,Não,Sim,Sim,Não,Não,Sim,Não,Sim,Não,Não,Não,Não,Sim,Não,Não,Não,Não,Não,Sim,Não,Não,Não,Sim,Não,Sim,Sim,Não,Sim,Sim,Sim,Sim,Sim,Não,Não,Não,-,-,-,-,-,-,-,-,-,Não,Não,Não,Não,Sim,Sim,Não,Sim,Não,Não,Não,Sim,Não,Não,Não,Sim,Não
1508001,PA,15,Tomé-Açu,67585,5 - 50001 até 100000,1 - Norte,Não possui estrutura,-,-,-,-,-,-,-,-,-,-,-,-,-,-,-,-,-,-,-,-,-,-,-,-,Não,Não,Não,Não,Não,Sim,Não,-,-,Não,-,-,Não,-,-,Não,-,-,Não,-,-,Não,-,-,Não,-,-,Não,-,-,Não,-,-,Não,-,-,Não,-,-,Não,-,-,Não,-,-,Não,-,-,Não,-,-,Não,-,-,Sim,Não,-,-,-,-,Não,-,-,-,-,-,-,-,-,-,-,-,-,-,-,-,-,-,-,-,-,-,-,-,Sim,2203,2022,Ativo,Paritário,Sim,Sim,Sim,Sim,20,10,Não,Sim,Não,Sim,Sim,Sim,Sim,Sim,Não,Sim,Sim,Sim,Sim,Sim,1920,2007,Inativo,-,-,-,-,-,-,-,-,-,-,-,-,-,-,-,-,-,-,-,-,Sim,1920,2007,Inativo,-,-,-,-,-,-,-,-,-,-,-,-,-,-,-,-,-,-,-,-,Não,-,-,-,-,-,-,-,-,-,-,-,-,-,-,-,-,-,-,-,-,-,-,-,Sim,2202,2022,Ativo,Paritário,Sim,Sim,Sim,Sim,24,24,Não,Não,Sim,Sim,Sim,Sim,Sim,Sim,Sim,Não,Sim,Sim,Sim,Não,-,-,-,-,-,-,-,-,-,-,-,-,-,-,-,-,-,-,-,-,-,-,-,Não,-,-,-,Não,-,-,-,Não,-,-,-,Não,-,-,-,Não,-,-,-,Não,-,-,-,Não,-,-,-,Não,-,-,-,Não,-,-,-,Não,-,-,-,Sim,Não,Sim,Não,Não,Não,Não,Sim,Não,Não,Não,Não,Não,Sim,Não,Não,Sim,Não,Não,Sim,Não,Não,Sim,Não,Sim,Não,Não,Não,Sim,Não,Sim,Não,Não,Não,Sim,Sim,Não,Sim,Não,Sim,Não,Não,Não,Não,Não,Não,Não,Não,Não,Não,Sim,Não,Não,Não,Não,Não,Sim,Não,Sim,2203,2022,2,Sim,Não,Não,Não,Não,Não,Não,Sim,Não,Não,Não,0,0,1,Não,-,-,-,-,-,-,-,-,-,-,Sim,Não,Não,Sim,Não,Não,Não,Não,Não,Não,Sim,Não,Não,Não,Não,Não,Não,Sim,Não,Sim,Não,Sim,Sim,Sim,Não,Não,Sim,Não,Não,Não,-,-,-,-,-,-,-,-,-,Não,Não,Não,Não,Sim,Não,Não,Sim,Não,Não,Sim,Sim,Não,Não,Não,Sim,Não
1508035,PA,15,Tracuateua,28595,4 - 20001 até 50000,1 - Norte,Setor subordinado a outra secretaria,Sim,Não,Não,Não,Não,Não,Feminino,56,Parda,Não,Especialização,Não,Sim,Sim,Sim,Sim,Sim,Não,Sim,Não,Sim,Não,Não,Não,Não,Sim,Não,Não,Não,Não,Não,-,-,Não,-,-,Não,-,-,Não,-,-,Não,-,-,Não,-,-,Não,-,-,Não,-,-,Não,-,-,Não,-,-,Não,-,-,Não,-,-,Não,-,-,Não,-,-,Não,-,-,Não,-,-,Sim,Não,-,-,-,-,Não,-,-,-,-,-,-,-,-,-,-,-,-,-,-,-,-,-,-,-,-,-,-,-,Sim,366,2016,Ativo,Paritário,Sim,Sim,Não,Não,36,16,Sim,Não,Não,Sim,Sim,Sim,Sim,Sim,Sim,Não,Não,Não,Não,Não,-,-,-,-,-,-,-,-,-,-,-,-,-,-,-,-,-,-,-,-,-,-,-,Não,-,-,-,-,-,-,-,-,-,-,-,-,-,-,-,-,-,-,-,-,-,-,-,Não,-,-,-,-,-,-,-,-,-,-,-,-,-,-,-,-,-,-,-,-,-,-,-,Não,-,-,-,-,-,-,-,-,-,-,-,-,-,-,-,-,-,-,-,-,-,-,-,Não,-,-,-,-,-,-,-,-,-,-,-,-,-,-,-,-,-,-,-,-,-,-,-,Não,-,-,-,Não,-,-,-,Não,-,-,-,Não,-,-,-,Não,-,-,-,Não,-,-,-,Não,-,-,-,Não,-,-,-,Não,-,-,-,Não,-,-,-,Sim,Não,Sim,Não,Não,Não,Não,Não,Não,Não,Não,Não,Não,Sim,Não,Não,Não,Não,Sim,Não,Sim,Não,Sim,Sim,Sim,Não,Não,Não,Não,Não,Não,Não,Não,Não,Sim,Sim,Sim,Sim,Sim,Não,Não,Não,Não,Não,Não,Não,Sim,Não,Não,Sim,Não,Sim,Não,Não,Sim,Não,Não,Não,Sim,326,2016,1,Não,Não,Não,Não,Não,Não,Não,Sim,Não,Não,Não,0,0,0,Sim,Sim,Sim,Não,Não,Sim,Não,Sim,Sim,Sim,Não,Sim,Não,Sim,Não,Não,Não,Sim,Sim,Não,Não,Não,Sim,Não,Não,Não,Não,Não,Não,Não,Sim,Sim,Sim,Sim,Sim,Sim,Não,Sim,Não,Não,Sim,Sim,Não,Sim,Não,Não,Não,Sim,Não,Não,Não,Não,Não,Não,Não,Não,Não,Sim,Não,Não,Sim,Não,Não,Não,Não,Não,Sim
1508050,PA,15,Trairão,15242,3 - 10001 até 20000,1 - Norte,Não possui estrutura,-,-,-,-,-,-,-,-,-,-,-,-,-,-,-,-,-,-,-,-,-,-,-,-,Não,Não,Não,Não,Não,Sim,Não,-,-,Não,-,-,Não,-,-,Sim,221,2015,Não,-,-,Não,-,-,Não,-,-,Não,-,-,Não,-,-,Não,-,-,Não,-,-,Não,-,-,Não,-,-,Não,-,-,Não,-,-,Não,-,-,Não,Não,-,-,-,-,Não,-,-,-,-,-,-,-,-,-,-,-,-,-,-,-,-,-,-,-,-,-,-,-,Sim,221,2015,Ativo,Paritário,Não,Sim,Não,Não,6,20,Não,Sim,Não,Sim,Sim,Sim,Sim,Não,Sim,Não,Não,Não,Sim,Sim,355,2018,"Foi criado, mas não foi instalado",-,-,-,-,-,-,-,-,-,-,-,-,-,-,-,-,-,-,-,-,Sim,183,2011,Inativo,-,-,-,-,-,-,-,-,-,-,-,-,-,-,-,-,-,-,-,-,Não,-,-,-,-,-,-,-,-,-,-,-,-,-,-,-,-,-,-,-,-,-,-,-,Não,-,-,-,-,-,-,-,-,-,-,-,-,-,-,-,-,-,-,-,-,-,-,-,Não,-,-,-,-,-,-,-,-,-,-,-,-,-,-,-,-,-,-,-,-,-,-,-,Não,-,-,-,Não,-,-,-,Não,-,-,-,Não,-,-,-,Não,-,-,-,Não,-,-,-,Não,-,-,-,Não,-,-,-,Não,-,-,-,Não,-,-,-,Sim,Não,Sim,Não,Não,Não,Não,Não,Não,Não,Não,Não,Não,Sim,Não,Não,Não,Não,Não,Não,Não,Não,Não,Não,Não,Não,Não,Não,Não,Não,Não,Não,Não,Sim,Sim,Sim,Sim,Sim,Não,Não,Não,Não,Não,Não,Não,Não,Não,Não,Não,Sim,Sim,Sim,Não,Não,Não,Não,Não,Não,Sim,221,2015,1,Sim,Não,Não,Não,Não,Não,Não,Não,Não,Não,Não,0,0,0,Sim,Sim,Não,Não,Não,Sim,Não,Não,Sim,Não,Não,Sim,Não,Sim,Não,Não,Não,Não,Não,Não,Não,Não,Não,Não,Sim,Não,Não,Não,Não,Não,Sim,Não,Sim,Não,Não,Sim,Não,Não,Não,Não,Não,-,-,-,-,-,-,-,-,-,Não,Não,Não,Não,Não,Não,Não,Sim,Não,Não,Sim,Não,Não,Não,Não,Não,Não
1508084,PA,15,Tucumã,39550,4 - 20001 até 50000,1 - Norte,Setor subordinado a outra secretaria,Sim,Não,Não,Não,Não,Não,Feminino,48,Branca,Não,Especialização,Não,Sim,Sim,Sim,Sim,Não,Não,Não,Não,Não,Não,Não,Não,Não,Não,Não,Não,Não,Sim,Sim,48,1991,Não,-,-,Não,-,-,Não,-,-,Não,-,-,Não,-,-,Não,-,-,Não,-,-,Não,-,-,Não,-,-,Não,-,-,Não,-,-,Não,-,-,Não,-,-,Sim,648,2021,Não,-,-,Não,Não,-,-,-,-,Não,-,-,-,-,-,-,-,-,-,-,-,-,-,-,-,-,-,-,-,-,-,-,-,Sim,48,1991,Ativo,Paritário,Sim,Sim,Sim,Sim,14,20,Sim,Não,Não,Sim,Sim,Sim,Sim,Sim,Não,Não,Sim,Sim,Sim,Sim,648,2021,Inativo,-,-,-,-,-,-,-,-,-,-,-,-,-,-,-,-,-,-,-,-,Sim,677,2022,Inativo,-,-,-,-,-,-,-,-,-,-,-,-,-,-,-,-,-,-,-,-,Não,-,-,-,-,-,-,-,-,-,-,-,-,-,-,-,-,-,-,-,-,-,-,-,Não,-,-,-,-,-,-,-,-,-,-,-,-,-,-,-,-,-,-,-,-,-,-,-,Não,-,-,-,-,-,-,-,-,-,-,-,-,-,-,-,-,-,-,-,-,-,-,-,Não,-,-,-,Não,-,-,-,Não,-,-,-,Não,-,-,-,Não,-,-,-,Não,-,-,-,Não,-,-,-,Não,-,-,-,Não,-,-,-,Não,-,-,-,Sim,Não,Sim,Não,Não,Não,Não,Não,Não,Não,Sim,Não,Não,Sim,Sim,Não,Não,Não,Sim,Não,Sim,Não,Sim,Não,Sim,Não,Não,Não,Não,Não,Não,Não,Não,Não,Sim,Sim,Não,Sim,Não,Sim,Não,Sim,Não,Sim,Não,Não,Não,Não,Sim,Sim,Sim,Sim,Sim,Não,Sim,Não,Sim,Não,Sim,48,1991,1,Sim,Não,Não,Não,Não,Não,Não,Não,Não,Não,Não,0,0,0,Não,-,-,-,-,-,-,-,-,-,-,Sim,Não,Sim,Não,Não,Não,Não,Não,Não,Não,Não,Não,Não,Não,Não,Não,Não,Não,Não,Sim,Sim,Sim,Sim,Não,Sim,Não,Sim,Não,Não,Não,-,-,-,-,-,-,-,-,-,Não,Não,Não,Não,Não,Não,Não,Não,Não,Sim,Não,Não,Não,Sim,Não,Não,Não
1508100,PA,15,Tucuruí,91306,5 - 50001 até 100000,1 - Norte,Não possui estrutura,-,-,-,-,-,-,-,-,-,-,-,-,-,-,-,-,-,-,-,-,-,-,-,-,Não,Não,Não,Não,Não,Sim,Não,-,-,Sim,8828,2011,Sim,9954,2018,Não,-,-,Não,-,-,Não,-,-,Não,-,-,Não,-,-,Não,-,-,Não,-,-,Não,-,-,Não,-,-,Não,-,-,Sim,9810,2015,Não,-,-,Não,-,-,Não,Não,-,-,-,-,Não,-,-,-,-,-,-,-,-,-,-,-,-,-,-,-,-,-,-,-,-,-,-,-,Sim,9987,2018,Ativo,Paritário,Sim,Sim,Não,Não,12,10,Não,Sim,Não,Sim,Sim,Sim,Sim,Sim,Sim,Não,Sim,Sim,Sim,Sim,9810,2015,Ativo,Paritário,Sim,Não,Não,Sim,12,24,Não,Não,Sim,Sim,Sim,Sim,Sim,Sim,Não,Não,Sim,Não,Sim,Sim,9986,2018,Ativo,Paritário,Sim,Sim,Não,Não,12,14,Não,Sim,Não,Sim,Sim,Sim,Sim,Sim,Não,Não,Sim,Não,Sim,Não,-,-,-,-,-,-,-,-,-,-,-,-,-,-,-,-,-,-,-,-,-,-,-,Não,-,-,-,-,-,-,-,-,-,-,-,-,-,-,-,-,-,-,-,-,-,-,-,Não,-,-,-,-,-,-,-,-,-,-,-,-,-,-,-,-,-,-,-,-,-,-,-,Não,-,-,-,Não,-,-,-,Não,-,-,-,Não,-,-,-,Não,-,-,-,Não,-,-,-,Não,-,-,-,Não,-,-,-,Não,-,-,-,Não,-,-,-,Sim,Não,Sim,Sim,Não,Sim,Sim,Não,Não,Não,Sim,Não,Não,Sim,Não,Não,Não,Não,Sim,Sim,Sim,Não,Sim,Não,Sim,Não,Sim,Não,Não,Não,Não,Não,Não,Não,Sim,Sim,Não,Não,Sim,Sim,Não,Não,Sim,Sim,Não,Não,Não,Não,Sim,Sim,Sim,Sim,Sim,Não,Sim,Não,Não,Não,Sim,9798,2014,1,Sim,Não,Não,Não,Não,Sim,Não,Sim,Não,Não,Não,0,0,0,Sim,Sim,Sim,Não,Sim,Sim,Não,Sim,Não,Não,Não,Sim,Não,Não,Não,Não,Não,Não,Sim,Sim,Sim,Sim,Não,Não,Não,Não,Não,Não,Sim,Não,Sim,Sim,Sim,Sim,Sim,Sim,Sim,Sim,Sim,Não,Não,-,-,-,-,-,-,-,-,-,Não,Não,Não,Sim,Sim,Sim,Sim,Sim,Não,Não,Sim,Sim,Não,Sim,Não,Sim,Não
1508126,PA,15,Ulianópolis,37972,4 - 20001 até 50000,1 - Norte,Não possui estrutura,-,-,-,-,-,-,-,-,-,-,-,-,-,-,-,-,-,-,-,-,-,-,-,-,Sim,Não,Não,Não,Sim,Não,Não,-,-,Não,-,-,Não,-,-,Não,-,-,Não,-,-,Não,-,-,Não,-,-,Não,-,-,Não,-,-,Não,-,-,Não,-,-,Não,-,-,Não,-,-,Não,-,-,Não,-,-,Não,-,-,Sim,Não,-,-,-,-,Não,-,-,-,-,-,-,-,-,-,-,-,-,-,-,-,-,-,-,-,-,-,-,-,Sim,345,2015,Ativo,Paritário,Sim,Sim,Não,Sim,15,10,Sim,Não,Não,Sim,Não,Sim,Sim,Sim,Não,Não,Sim,Sim,Sim,Não,-,-,-,-,-,-,-,-,-,-,-,-,-,-,-,-,-,-,-,-,-,-,-,Sim,427,2022,Inativo,-,-,-,-,-,-,-,-,-,-,-,-,-,-,-,-,-,-,-,-,Não,-,-,-,-,-,-,-,-,-,-,-,-,-,-,-,-,-,-,-,-,-,-,-,Não,-,-,-,-,-,-,-,-,-,-,-,-,-,-,-,-,-,-,-,-,-,-,-,Não,-,-,-,-,-,-,-,-,-,-,-,-,-,-,-,-,-,-,-,-,-,-,-,Não,-,-,-,Não,-,-,-,Não,-,-,-,Não,-,-,-,Não,-,-,-,Não,-,-,-,Não,-,-,-,Não,-,-,-,Não,-,-,-,Não,-,-,-,Sim,Não,Sim,Não,Não,Não,Não,Não,Não,Não,Não,Não,Não,Sim,Não,Não,Não,Não,Sim,Sim,Não,Não,Não,Sim,Sim,Não,Não,Sim,Sim,Não,Não,Não,Não,Não,Sim,Sim,Não,Sim,Sim,Sim,Não,Não,Não,Não,Sim,Não,Não,Não,Sim,Sim,Sim,Sim,Sim,Sim,Sim,Não,Sim,Não,Sim,383,2017,1,Sim,Não,Não,Não,Sim,Não,Não,Não,Não,Não,Não,0,0,1,Sim,Sim,Sim,Não,Não,Sim,Não,Sim,Sim,Não,Não,Sim,Não,Não,Sim,Não,Não,Não,Não,Não,Não,Sim,Não,Não,Não,Não,Não,Não,Não,Não,Sim,Sim,Sim,Sim,Não,Sim,Não,Sim,Não,Não,Sim,Sim,Sim,Sim,Não,Sim,Não,Sim,Não,Não,Não,Não,Não,Não,Não,Não,Não,Sim,Não,Não,Sim,Não,Sim,Sim,Não,Sim,Sim
1508159,PA,15,Uruará,43558,4 - 20001 até 50000,1 - Norte,Setor subordinado a outra secretaria,Sim,Não,Não,Não,Não,Não,Feminino,42,Parda,Não,Ensino superior completo,Não,Sim,Sim,Sim,Sim,Sim,Não,Sim,Não,Não,Não,Não,Não,Não,Não,Não,Não,Não,Sim,Sim,574,2021,Sim,574,2021,Sim,574,2021,Sim,574,2021,Sim,574,2021,Não,-,-,Não,-,-,Sim,574,2021,Não,-,-,Não,-,-,Não,-,-,Não,-,-,Não,-,-,Sim,574,2021,Não,-,-,Não,-,-,Não,Não,-,-,-,-,Não,-,-,-,-,-,-,-,-,-,-,-,-,-,-,-,-,-,-,-,-,-,-,-,Sim,508,2015,Ativo,Paritário,Sim,Sim,Sim,Sim,3,10,Não,Sim,Não,Sim,Sim,Sim,Não,Sim,Não,Não,Sim,Sim,Sim,Não,-,-,-,-,-,-,-,-,-,-,-,-,-,-,-,-,-,-,-,-,-,-,-,Não,-,-,-,-,-,-,-,-,-,-,-,-,-,-,-,-,-,-,-,-,-,-,-,Não,-,-,-,-,-,-,-,-,-,-,-,-,-,-,-,-,-,-,-,-,-,-,-,Não,-,-,-,-,-,-,-,-,-,-,-,-,-,-,-,-,-,-,-,-,-,-,-,Não,-,-,-,-,-,-,-,-,-,-,-,-,-,-,-,-,-,-,-,-,-,-,-,Não,-,-,-,Não,-,-,-,Não,-,-,-,Não,-,-,-,Não,-,-,-,Não,-,-,-,Não,-,-,-,Não,-,-,-,Não,-,-,-,Não,-,-,-,Sim,Não,Não,Não,Não,Não,Não,Não,Não,Não,Não,Sim,Não,Sim,Não,Não,Não,Não,Não,Não,Não,Não,Não,Não,Sim,Não,Não,Não,Não,Não,Não,Não,Não,Não,Sim,Sim,Sim,Sim,Sim,Sim,Não,Não,Não,Não,Não,Sim,Não,Não,Não,Sim,Sim,Sim,Não,Não,Sim,Não,Sim,Não,Sim,508,2015,1,Sim,Não,Não,Não,Não,Não,Não,Sim,Não,Não,Não,0,0,1,Não,-,-,-,-,-,-,-,-,-,-,Sim,Não,Não,Não,Não,Não,Não,Não,Não,Não,Não,Não,Não,Não,Não,Não,Não,Não,Não,Sim,Não,Sim,Não,Sim,Sim,Não,Sim,Não,Não,Não,-,-,-,-,-,-,-,-,-,Não,Não,Sim,Não,Sim,Não,Não,Não,Não,Não,Sim,Sim,Não,Não,Não,Não,Não
1508209,PA,15,Vigia,50832,5 - 50001 até 100000,1 - Norte,Não possui estrutura,-,-,-,-,-,-,-,-,-,-,-,-,-,-,-,-,-,-,-,-,-,-,-,-,Sim,Não,Não,Não,Não,Não,Não,-,-,Não,-,-,Não,-,-,Não,-,-,Não,-,-,Não,-,-,Não,-,-,Não,-,-,Não,-,-,Não,-,-,Não,-,-,Não,-,-,Não,-,-,Não,-,-,Não,-,-,Não,-,-,Sim,Não,-,-,-,-,Não,-,-,-,-,-,-,-,-,-,-,-,-,-,-,-,-,-,-,-,-,-,-,-,Sim,238,2015,Ativo,Paritário,Sim,Sim,Sim,Sim,12,12,Não,Não,Sim,Sim,Sim,Sim,Sim,Sim,Não,Não,Sim,Não,Sim,Não,-,-,-,-,-,-,-,-,-,-,-,-,-,-,-,-,-,-,-,-,-,-,-,Não,-,-,-,-,-,-,-,-,-,-,-,-,-,-,-,-,-,-,-,-,-,-,-,Não,-,-,-,-,-,-,-,-,-,-,-,-,-,-,-,-,-,-,-,-,-,-,-,Não,-,-,-,-,-,-,-,-,-,-,-,-,-,-,-,-,-,-,-,-,-,-,-,Não,-,-,-,-,-,-,-,-,-,-,-,-,-,-,-,-,-,-,-,-,-,-,-,Não,-,-,-,Não,-,-,-,Não,-,-,-,Não,-,-,-,Não,-,-,-,Não,-,-,-,Não,-,-,-,Não,-,-,-,Não,-,-,-,Não,-,-,-,Sim,Não,Sim,Não,Não,Não,Não,Não,Não,Não,Não,Não,Não,Sim,Não,Não,Não,Não,Sim,Sim,Sim,Não,Não,Não,Sim,Não,Sim,Não,Não,Não,Não,Não,Não,Não,Sim,Sim,Não,Sim,Não,Não,Não,Não,Não,Não,Não,Não,Não,Não,Não,Sim,Sim,Sim,Sim,Sim,Sim,Sim,Sim,Não,Sim,238,2015,1,Sim,Não,Não,Não,Não,Não,Não,Não,Não,Não,Não,0,0,1,Sim,Não,Não,Não,Não,Sim,Não,Sim,Não,Não,Não,Não,Não,Não,Não,Não,Não,Não,Não,Não,Não,Não,Não,Não,Não,Não,Não,Não,Não,Sim,Não,-,-,-,-,-,-,-,-,-,Sim,Não,Não,Sim,Não,Sim,Não,Sim,Sim,Não,Não,Não,Não,Não,Não,Não,Não,Sim,Não,Não,Não,Não,Não,Não,Não,Sim,Sim
1508308,PA,15,Viseu,58692,5 - 50001 até 100000,1 - Norte,Não possui estrutura,-,-,-,-,-,-,-,-,-,-,-,-,-,-,-,-,-,-,-,-,-,-,-,-,Não,Não,Não,Não,Não,Sim,Sim,435,2012,Não,-,-,Não,-,-,Não,-,-,Não,-,-,Sim,485,2015,Não,-,-,Não,-,-,Não,-,-,Não,-,-,Não,-,-,Não,-,-,Não,-,-,Não,-,-,Não,-,-,Não,-,-,Não,Não,-,-,-,-,Não,-,-,-,-,-,-,-,-,-,-,-,-,-,-,-,-,-,-,-,-,-,-,-,Sim,482,2015,Ativo,Paritário,Sim,Sim,Sim,Sim,14,20,Não,Sim,Não,Sim,Sim,Sim,Sim,Sim,Não,Não,Sim,Sim,Sim,Não,-,-,-,-,-,-,-,-,-,-,-,-,-,-,-,-,-,-,-,-,-,-,-,Não,-,-,-,-,-,-,-,-,-,-,-,-,-,-,-,-,-,-,-,-,-,-,-,Não,-,-,-,-,-,-,-,-,-,-,-,-,-,-,-,-,-,-,-,-,-,-,-,Não,-,-,-,-,-,-,-,-,-,-,-,-,-,-,-,-,-,-,-,-,-,-,-,Não,-,-,-,-,-,-,-,-,-,-,-,-,-,-,-,-,-,-,-,-,-,-,-,Não,-,-,-,Não,-,-,-,Não,-,-,-,Não,-,-,-,Não,-,-,-,Não,-,-,-,Não,-,-,-,Não,-,-,-,Não,-,-,-,Não,-,-,-,Sim,Não,Não,Não,Não,Não,Não,Não,Não,Não,Não,Sim,Não,Não,Não,Não,Não,Sim,Não,Não,Não,Não,Não,Não,Não,Não,Não,Não,Não,Não,Não,Não,Não,Sim,Sim,Não,Não,Sim,Não,Sim,Não,Não,Não,Não,Não,Não,Não,Não,Não,Não,Sim,Sim,Sim,Não,Não,Não,Não,Não,Sim,482,2015,1,Não,Não,Não,Não,Não,Não,Não,Não,Não,Não,Sim,0,0,0,Não,-,-,-,-,-,-,-,-,-,-,Sim,Não,Sim,Não,Não,Não,Não,Não,Não,Não,Não,Não,Não,Não,Não,Não,Não,Não,Não,Sim,Sim,Sim,Sim,Sim,Sim,Não,Sim,Sim,Não,Não,-,-,-,-,-,-,-,-,-,Não,Não,Não,Não,Não,Não,Não,Não,Não,Sim,Sim,Não,Não,Sim,Não,Sim,Não
1508357,PA,15,Vitória do Xingu,15607,3 - 10001 até 20000,1 - Norte,Setor subordinado a outra secretaria,Sim,Sim,Sim,Sim,Não,Não,Feminino,45,Branca,Sim,Especialização,Sim,Sim,Sim,Sim,Sim,Sim,Sim,Sim,Sim,Não,Sim,Sim,Não,Sim,Não,Sim,Sim,Não,Não,Não,-,-,Não,-,-,Não,-,-,Não,-,-,Não,-,-,Não,-,-,Não,-,-,Não,-,-,Não,-,-,Não,-,-,Não,-,-,Não,-,-,Não,-,-,Não,-,-,Não,-,-,Não,-,-,Sim,Não,-,-,-,-,Não,-,-,-,-,-,-,-,-,-,-,-,-,-,-,-,-,-,-,-,-,-,-,-,Sim,251,2015,Ativo,Paritário,Sim,Sim,Sim,Sim,11,20,Sim,Não,Não,Sim,Sim,Sim,Sim,Sim,Sim,Sim,Sim,Sim,Sim,Não,-,-,-,-,-,-,-,-,-,-,-,-,-,-,-,-,-,-,-,-,-,-,-,Não,-,-,-,-,-,-,-,-,-,-,-,-,-,-,-,-,-,-,-,-,-,-,-,Não,-,-,-,-,-,-,-,-,-,-,-,-,-,-,-,-,-,-,-,-,-,-,-,Não,-,-,-,-,-,-,-,-,-,-,-,-,-,-,-,-,-,-,-,-,-,-,-,Não,-,-,-,-,-,-,-,-,-,-,-,-,-,-,-,-,-,-,-,-,-,-,-,Não,-,-,-,Não,-,-,-,Não,-,-,-,Não,-,-,-,Não,-,-,-,Não,-,-,-,Não,-,-,-,Não,-,-,-,Não,-,-,-,Não,-,-,-,Sim,Não,Sim,Não,Não,Não,Não,Não,Não,Não,Não,Não,Não,Sim,Não,Não,Não,Não,Sim,Sim,Sim,Sim,Sim,Sim,Sim,Sim,Sim,Sim,Sim,Sim,Sim,Sim,Sim,Não,Sim,Sim,Sim,Sim,Sim,Sim,Sim,Sim,Sim,Sim,Sim,Sim,Sim,Não,Sim,Sim,Sim,Sim,Sim,Sim,Sim,Sim,Sim,Não,Sim,251,2015,1,Sim,Não,Não,Não,Não,Não,Não,Não,Não,Não,Não,0,1,0,Sim,Sim,Não,Não,Sim,Sim,Não,Não,Sim,Sim,Não,Sim,Sim,Sim,Sim,Sim,Não,Sim,Sim,Sim,Não,Sim,Sim,Não,Sim,Não,Sim,Não,Sim,Não,Sim,Sim,Sim,Sim,Sim,Sim,Sim,Sim,Não,Não,Sim,Sim,Sim,Sim,Sim,Sim,Sim,Sim,Sim,Não,Sim,Sim,Não,Sim,Sim,Sim,Sim,Sim,Não,Não,Não,Sim,Sim,Sim,Não,Não,Sim
1508407,PA,15,Xinguara,52893,5 - 50001 até 100000,1 - Norte,Não possui estrutura,-,-,-,-,-,-,-,-,-,-,-,-,-,-,-,-,-,-,-,-,-,-,-,-,Sim,Sim,Sim,Sim,Sim,Não,Não,-,-,Não,-,-,Não,-,-,Não,-,-,Não,-,-,Não,-,-,Não,-,-,Não,-,-,Não,-,-,Não,-,-,Não,-,-,Não,-,-,Não,-,-,Não,-,-,Não,-,-,Não,-,-,Sim,Não,-,-,-,-,Não,-,-,-,-,-,-,-,-,-,-,-,-,-,-,-,-,-,-,-,-,-,-,-,Sim,932,2015,Ativo,Paritário,Sim,Sim,Não,Sim,9,10,Não,Sim,Não,Sim,Sim,Sim,Sim,Sim,Sim,Não,Não,Não,Não,Sim,511,2002,Ativo,Paritário,Sim,Sim,Não,Sim,3,10,Não,Sim,Não,Sim,Sim,Sim,Sim,Sim,Não,Não,Não,Não,Sim,Não,-,-,-,-,-,-,-,-,-,-,-,-,-,-,-,-,-,-,-,-,-,-,-,Não,-,-,-,-,-,-,-,-,-,-,-,-,-,-,-,-,-,-,-,-,-,-,-,Não,-,-,-,-,-,-,-,-,-,-,-,-,-,-,-,-,-,-,-,-,-,-,-,Não,-,-,-,-,-,-,-,-,-,-,-,-,-,-,-,-,-,-,-,-,-,-,-,Não,-,-,-,Não,-,-,-,Não,-,-,-,Não,-,-,-,Não,-,-,-,Não,-,-,-,Não,-,-,-,Não,-,-,-,Não,-,-,-,Não,-,-,-,Sim,Não,Sim,Não,Não,Não,Não,Não,Não,Não,Não,Não,Não,Sim,Sim,Não,Não,Não,Sim,Não,Não,Não,Não,Não,Não,Não,Não,Não,Não,Não,Não,Não,Não,Não,Sim,Não,Não,Não,Não,Sim,Não,Não,Não,Não,Não,Não,Não,Não,Não,Sim,Sim,Sim,Não,Sim,Sim,Não,Não,Não,Sim,664,2010,1,Não,Não,Não,Não,Não,Não,Não,Sim,Não,Não,Não,0,0,0,Não,-,-,-,-,-,-,-,-,-,-,Não,Não,Sim,Não,Não,Não,Não,Não,Não,Não,Não,Não,Não,Não,Não,Não,Não,Não,Não,Sim,Sim,Não,Não,Não,Não,Sim,Sim,Não,Não,Sim,Não,Não,Sim,Sim,Não,Não,Sim,Sim,Não,Não,Não,Não,Sim,Não,Não,Não,Sim,Não,Não,Sim,Não,Não,Não,Não,Não,Não
